user_id,total_spending,avg_transaction,transaction_count,std_amount,max_transaction,weekend_ratio,night_ratio,unique_categories,cat_bought_for_myself,cat_cafe,cat_clothes,cat_fines,cat_food,cat_gifts,cat_health,cat_job,cat_leisure,cat_loan_given,cat_other,cat_public_transport,cat_taxi,cat_university,dominant_payment,impulse_score,cluster,spending_persona
USER_0,114.0,114.0,1,0.0,114.0,1.0,1.0,1,0.0,0.0,0.0,0.0,0.0,0.0,114.0,0.0,0.0,0.0,0.0,0.0,0.0,0.0,Unknown,1.0,1,Impulsive Spender
USER_1,5.0,5.0,1,0.0,5.0,1.0,0.0,1,0.0,0.0,0.0,0.0,5.0,0.0,0.0,0.0,0.0,0.0,0.0,0.0,0.0,0.0,Unknown,0.5,0,Rational Spender
USER_10,18.0,18.0,1,0.0,18.0,0.0,0.0,1,0.0,0.0,0.0,0.0,0.0,0.0,0.0,0.0,0.0,0.0,0.0,0.0,18.0,0.0,Unknown,0.0,0,Rational Spender
USER_100,64.0,64.0,1,0.0,64.0,0.0,0.0,1,64.0,0.0,0.0,0.0,0.0,0.0,0.0,0.0,0.0,0.0,0.0,0.0,0.0,0.0,Unknown,0.0,0,Rational Spender
USER_101,5.0,5.0,1,0.0,5.0,0.0,1.0,1,0.0,5.0,0.0,0.0,0.0,0.0,0.0,0.0,0.0,0.0,0.0,0.0,0.0,0.0,Unknown,0.5,1,Impulsive Spender
USER_102,1.0,1.0,1,0.0,1.0,0.0,0.0,1,0.0,0.0,0.0,0.0,0.0,0.0,0.0,0.0,0.0,0.0,0.0,1.0,0.0,0.0,Unknown,0.0,0,Rational Spender
USER_103,2.0,2.0,1,0.0,2.0,0.0,0.0,1,0.0,0.0,0.0,0.0,2.0,0.0,0.0,0.0,0.0,0.0,0.0,0.0,0.0,0.0,Unknown,0.0,0,Rational Spender
USER_104,5.0,5.0,1,0.0,5.0,1.0,0.0,1,0.0,0.0,0.0,0.0,0.0,0.0,0.0,0.0,0.0,0.0,0.0,5.0,0.0,0.0,Unknown,0.5,0,Rational Spender
USER_105,128.0,128.0,1,0.0,128.0,1.0,1.0,1,0.0,0.0,0.0,0.0,0.0,0.0,128.0,0.0,0.0,0.0,0.0,0.0,0.0,0.0,Unknown,1.0,1,Impulsive Spender
USER_106,44.0,44.0,1,0.0,44.0,1.0,0.0,1,0.0,0.0,0.0,0.0,0.0,44.0,0.0,0.0,0.0,0.0,0.0,0.0,0.0,0.0,Unknown,0.5,0,Rational Spender
USER_107,5.0,5.0,1,0.0,5.0,1.0,0.0,1,0.0,0.0,0.0,0.0,0.0,0.0,0.0,0.0,0.0,0.0,0.0,5.0,0.0,0.0,Unknown,0.5,0,Rational Spender
USER_108,6.0,6.0,1,0.0,6.0,1.0,0.0,1,0.0,0.0,0.0,0.0,6.0,0.0,0.0,0.0,0.0,0.0,0.0,0.0,0.0,0.0,Unknown,0.5,0,Rational Spender
USER_109,4.0,4.0,1,0.0,4.0,1.0,0.0,1,0.0,0.0,0.0,0.0,4.0,0.0,0.0,0.0,0.0,0.0,0.0,0.0,0.0,0.0,Unknown,0.5,0,Rational Spender
USER_11,9.0,9.0,1,0.0,9.0,0.0,0.0,1,0.0,0.0,0.0,0.0,9.0,0.0,0.0,0.0,0.0,0.0,0.0,0.0,0.0,0.0,Unknown,0.0,0,Rational Spender
USER_110,11.0,11.0,1,0.0,11.0,1.0,0.0,1,0.0,11.0,0.0,0.0,0.0,0.0,0.0,0.0,0.0,0.0,0.0,0.0,0.0,0.0,Unknown,0.5,0,Rational Spender
USER_111,5.0,5.0,1,0.0,5.0,1.0,1.0,1,0.0,0.0,0.0,0.0,0.0,0.0,0.0,0.0,0.0,0.0,0.0,5.0,0.0,0.0,Unknown,1.0,1,Impulsive Spender
USER_112,1.0,1.0,1,0.0,1.0,0.0,0.0,1,0.0,0.0,0.0,0.0,0.0,0.0,0.0,0.0,0.0,0.0,0.0,1.0,0.0,0.0,Unknown,0.0,0,Rational Spender
USER_113,10.0,10.0,1,0.0,10.0,0.0,0.0,1,0.0,0.0,0.0,0.0,0.0,0.0,0.0,0.0,0.0,0.0,0.0,0.0,10.0,0.0,Unknown,0.0,0,Rational Spender
USER_114,17.0,17.0,1,0.0,17.0,0.0,0.0,1,0.0,17.0,0.0,0.0,0.0,0.0,0.0,0.0,0.0,0.0,0.0,0.0,0.0,0.0,Unknown,0.0,0,Rational Spender
USER_115,1.0,1.0,1,0.0,1.0,0.0,0.0,1,0.0,0.0,0.0,0.0,0.0,0.0,0.0,0.0,0.0,0.0,0.0,1.0,0.0,0.0,Unknown,0.0,0,Rational Spender
USER_116,2.0,2.0,1,0.0,2.0,0.0,0.0,1,0.0,0.0,0.0,0.0,0.0,0.0,0.0,0.0,0.0,0.0,0.0,2.0,0.0,0.0,Unknown,0.0,0,Rational Spender
USER_117,9.0,9.0,1,0.0,9.0,0.0,1.0,1,0.0,9.0,0.0,0.0,0.0,0.0,0.0,0.0,0.0,0.0,0.0,0.0,0.0,0.0,Unknown,0.5,1,Impulsive Spender
USER_118,6.0,6.0,1,0.0,6.0,0.0,0.0,1,0.0,6.0,0.0,0.0,0.0,0.0,0.0,0.0,0.0,0.0,0.0,0.0,0.0,0.0,Unknown,0.0,0,Rational Spender
USER_119,2.0,2.0,1,0.0,2.0,0.0,0.0,1,0.0,0.0,0.0,0.0,0.0,0.0,0.0,0.0,0.0,0.0,0.0,2.0,0.0,0.0,Unknown,0.0,0,Rational Spender
USER_12,1.0,1.0,1,0.0,1.0,0.0,0.0,1,0.0,0.0,0.0,0.0,0.0,0.0,0.0,0.0,0.0,0.0,0.0,1.0,0.0,0.0,Unknown,0.0,0,Rational Spender
USER_120,2.0,2.0,1,0.0,2.0,0.0,0.0,1,0.0,0.0,0.0,0.0,0.0,0.0,0.0,0.0,0.0,0.0,0.0,2.0,0.0,0.0,Unknown,0.0,0,Rational Spender
USER_121,1.0,1.0,1,0.0,1.0,0.0,0.0,1,0.0,0.0,0.0,0.0,0.0,0.0,0.0,0.0,0.0,0.0,0.0,1.0,0.0,0.0,Unknown,0.0,0,Rational Spender
USER_122,4.0,4.0,1,0.0,4.0,0.0,0.0,1,0.0,4.0,0.0,0.0,0.0,0.0,0.0,0.0,0.0,0.0,0.0,0.0,0.0,0.0,Unknown,0.0,0,Rational Spender
USER_123,1.0,1.0,1,0.0,1.0,0.0,1.0,1,0.0,0.0,0.0,0.0,0.0,0.0,0.0,0.0,0.0,0.0,0.0,1.0,0.0,0.0,Unknown,0.5,1,Impulsive Spender
USER_124,43.0,43.0,1,0.0,43.0,1.0,0.0,1,0.0,0.0,0.0,0.0,0.0,43.0,0.0,0.0,0.0,0.0,0.0,0.0,0.0,0.0,Unknown,0.5,0,Rational Spender
USER_125,18.0,18.0,1,0.0,18.0,1.0,0.0,1,0.0,0.0,0.0,0.0,18.0,0.0,0.0,0.0,0.0,0.0,0.0,0.0,0.0,0.0,Unknown,0.5,0,Rational Spender
USER_126,15.0,15.0,1,0.0,15.0,1.0,0.0,1,0.0,0.0,0.0,0.0,0.0,15.0,0.0,0.0,0.0,0.0,0.0,0.0,0.0,0.0,Unknown,0.5,0,Rational Spender
USER_127,1.0,1.0,1,0.0,1.0,1.0,0.0,1,0.0,0.0,0.0,0.0,0.0,0.0,0.0,0.0,0.0,0.0,0.0,1.0,0.0,0.0,Unknown,0.5,0,Rational Spender
USER_128,6.0,6.0,1,0.0,6.0,1.0,1.0,1,0.0,0.0,0.0,0.0,6.0,0.0,0.0,0.0,0.0,0.0,0.0,0.0,0.0,0.0,Unknown,1.0,1,Impulsive Spender
USER_129,1.0,1.0,1,0.0,1.0,1.0,0.0,1,0.0,0.0,0.0,0.0,0.0,0.0,0.0,0.0,0.0,0.0,0.0,1.0,0.0,0.0,Unknown,0.5,0,Rational Spender
USER_13,1.0,1.0,1,0.0,1.0,0.0,0.0,1,0.0,0.0,0.0,0.0,0.0,0.0,0.0,0.0,0.0,0.0,0.0,1.0,0.0,0.0,Unknown,0.0,0,Rational Spender
USER_130,1.0,1.0,1,0.0,1.0,1.0,1.0,1,0.0,0.0,0.0,0.0,0.0,0.0,0.0,0.0,0.0,0.0,0.0,1.0,0.0,0.0,Unknown,1.0,1,Impulsive Spender
USER_131,1.0,1.0,1,0.0,1.0,1.0,0.0,1,0.0,0.0,0.0,0.0,0.0,0.0,0.0,0.0,0.0,0.0,0.0,1.0,0.0,0.0,Unknown,0.5,0,Rational Spender
USER_132,29.0,29.0,1,0.0,29.0,1.0,1.0,1,0.0,0.0,0.0,0.0,0.0,0.0,0.0,0.0,29.0,0.0,0.0,0.0,0.0,0.0,Unknown,1.0,1,Impulsive Spender
USER_133,1.0,1.0,1,0.0,1.0,1.0,0.0,1,0.0,0.0,0.0,0.0,0.0,0.0,0.0,0.0,0.0,0.0,0.0,1.0,0.0,0.0,Unknown,0.5,0,Rational Spender
USER_134,70.0,70.0,1,0.0,70.0,0.0,0.0,1,0.0,0.0,0.0,0.0,0.0,0.0,70.0,0.0,0.0,0.0,0.0,0.0,0.0,0.0,Unknown,0.0,0,Rational Spender
USER_135,1.0,1.0,1,0.0,1.0,0.0,0.0,1,0.0,0.0,0.0,0.0,0.0,0.0,0.0,0.0,0.0,0.0,0.0,1.0,0.0,0.0,Unknown,0.0,0,Rational Spender
USER_136,1.0,1.0,1,0.0,1.0,0.0,1.0,1,0.0,0.0,0.0,0.0,0.0,0.0,0.0,0.0,0.0,0.0,0.0,1.0,0.0,0.0,Unknown,0.5,1,Impulsive Spender
USER_137,1.0,1.0,1,0.0,1.0,0.0,0.0,1,0.0,0.0,0.0,0.0,0.0,0.0,0.0,0.0,0.0,0.0,0.0,1.0,0.0,0.0,Unknown,0.0,0,Rational Spender
USER_138,5.0,5.0,1,0.0,5.0,0.0,1.0,1,0.0,5.0,0.0,0.0,0.0,0.0,0.0,0.0,0.0,0.0,0.0,0.0,0.0,0.0,Unknown,0.5,1,Impulsive Spender
USER_139,1.0,1.0,1,0.0,1.0,0.0,0.0,1,0.0,0.0,0.0,0.0,0.0,0.0,0.0,0.0,0.0,0.0,0.0,1.0,0.0,0.0,Unknown,0.0,0,Rational Spender
USER_14,4.0,4.0,1,0.0,4.0,0.0,0.0,1,0.0,4.0,0.0,0.0,0.0,0.0,0.0,0.0,0.0,0.0,0.0,0.0,0.0,0.0,Unknown,0.0,0,Rational Spender
USER_140,854.0,854.0,1,0.0,854.0,0.0,0.0,1,0.0,0.0,0.0,0.0,0.0,0.0,0.0,0.0,0.0,854.0,0.0,0.0,0.0,0.0,Unknown,0.0,2,Emotional Spender
USER_141,11.0,11.0,1,0.0,11.0,0.0,0.0,1,0.0,0.0,0.0,0.0,0.0,0.0,0.0,0.0,0.0,0.0,11.0,0.0,0.0,0.0,Unknown,0.0,0,Rational Spender
USER_143,1.0,1.0,1,0.0,1.0,0.0,0.0,1,0.0,0.0,0.0,0.0,0.0,0.0,0.0,0.0,0.0,0.0,0.0,1.0,0.0,0.0,Unknown,0.0,0,Rational Spender
USER_144,1.0,1.0,1,0.0,1.0,0.0,0.0,1,0.0,0.0,0.0,0.0,0.0,0.0,0.0,0.0,0.0,0.0,0.0,1.0,0.0,0.0,Unknown,0.0,0,Rational Spender
USER_145,3.0,3.0,1,0.0,3.0,0.0,0.0,1,0.0,3.0,0.0,0.0,0.0,0.0,0.0,0.0,0.0,0.0,0.0,0.0,0.0,0.0,Unknown,0.0,0,Rational Spender
USER_146,4.0,4.0,1,0.0,4.0,0.0,0.0,1,0.0,4.0,0.0,0.0,0.0,0.0,0.0,0.0,0.0,0.0,0.0,0.0,0.0,0.0,Unknown,0.0,0,Rational Spender
USER_147,1.0,1.0,1,0.0,1.0,0.0,0.0,1,0.0,0.0,0.0,0.0,0.0,0.0,0.0,0.0,0.0,0.0,0.0,1.0,0.0,0.0,Unknown,0.0,0,Rational Spender
USER_148,1.0,1.0,1,0.0,1.0,0.0,0.0,1,0.0,0.0,0.0,0.0,0.0,0.0,0.0,0.0,0.0,0.0,0.0,1.0,0.0,0.0,Unknown,0.0,0,Rational Spender
USER_149,1.0,1.0,1,0.0,1.0,0.0,1.0,1,0.0,0.0,0.0,0.0,1.0,0.0,0.0,0.0,0.0,0.0,0.0,0.0,0.0,0.0,Unknown,0.5,1,Impulsive Spender
USER_15,1.0,1.0,1,0.0,1.0,0.0,1.0,1,0.0,0.0,0.0,0.0,0.0,0.0,0.0,0.0,0.0,0.0,0.0,1.0,0.0,0.0,Unknown,0.5,1,Impulsive Spender
USER_150,27.0,27.0,1,0.0,27.0,0.0,1.0,1,0.0,0.0,0.0,0.0,0.0,27.0,0.0,0.0,0.0,0.0,0.0,0.0,0.0,0.0,Unknown,0.5,1,Impulsive Spender
USER_151,3.0,3.0,1,0.0,3.0,0.0,0.0,1,0.0,0.0,0.0,0.0,3.0,0.0,0.0,0.0,0.0,0.0,0.0,0.0,0.0,0.0,Unknown,0.0,0,Rational Spender
USER_152,1.0,1.0,1,0.0,1.0,0.0,1.0,1,0.0,0.0,0.0,0.0,0.0,0.0,0.0,0.0,0.0,0.0,0.0,1.0,0.0,0.0,Unknown,0.5,1,Impulsive Spender
USER_153,1.0,1.0,1,0.0,1.0,0.0,0.0,1,0.0,0.0,0.0,0.0,0.0,0.0,0.0,0.0,0.0,0.0,0.0,1.0,0.0,0.0,Unknown,0.0,0,Rational Spender
USER_154,1.0,1.0,1,0.0,1.0,0.0,1.0,1,0.0,0.0,0.0,0.0,0.0,0.0,0.0,0.0,0.0,0.0,0.0,1.0,0.0,0.0,Unknown,0.5,1,Impulsive Spender
USER_155,9.0,9.0,1,0.0,9.0,0.0,1.0,1,0.0,0.0,0.0,0.0,0.0,0.0,0.0,0.0,0.0,0.0,0.0,0.0,9.0,0.0,Unknown,0.5,1,Impulsive Spender
USER_156,15.0,15.0,1,0.0,15.0,0.0,0.0,1,0.0,0.0,0.0,0.0,15.0,0.0,0.0,0.0,0.0,0.0,0.0,0.0,0.0,0.0,Unknown,0.0,0,Rational Spender
USER_157,9.0,9.0,1,0.0,9.0,0.0,1.0,1,0.0,9.0,0.0,0.0,0.0,0.0,0.0,0.0,0.0,0.0,0.0,0.0,0.0,0.0,Unknown,0.5,1,Impulsive Spender
USER_158,1.0,1.0,1,0.0,1.0,0.0,1.0,1,0.0,0.0,0.0,0.0,1.0,0.0,0.0,0.0,0.0,0.0,0.0,0.0,0.0,0.0,Unknown,0.5,1,Impulsive Spender
USER_159,35.0,35.0,1,0.0,35.0,0.0,1.0,1,0.0,0.0,0.0,0.0,0.0,0.0,0.0,0.0,35.0,0.0,0.0,0.0,0.0,0.0,Unknown,0.5,1,Impulsive Spender
USER_16,1.0,1.0,1,0.0,1.0,0.0,1.0,1,0.0,0.0,0.0,0.0,0.0,0.0,0.0,0.0,0.0,0.0,0.0,1.0,0.0,0.0,Unknown,0.5,1,Impulsive Spender
USER_160,5.0,5.0,1,0.0,5.0,1.0,0.0,1,0.0,0.0,0.0,0.0,0.0,0.0,0.0,0.0,0.0,0.0,0.0,5.0,0.0,0.0,Unknown,0.5,0,Rational Spender
USER_161,1.0,1.0,1,0.0,1.0,0.0,0.0,1,0.0,0.0,0.0,0.0,0.0,0.0,0.0,0.0,0.0,0.0,0.0,1.0,0.0,0.0,Unknown,0.0,0,Rational Spender
USER_162,15.0,15.0,1,0.0,15.0,0.0,0.0,1,0.0,0.0,0.0,0.0,15.0,0.0,0.0,0.0,0.0,0.0,0.0,0.0,0.0,0.0,Unknown,0.0,0,Rational Spender
USER_163,1.0,1.0,1,0.0,1.0,0.0,0.0,1,0.0,0.0,0.0,0.0,0.0,0.0,0.0,0.0,0.0,0.0,0.0,1.0,0.0,0.0,Unknown,0.0,0,Rational Spender
USER_164,1.0,1.0,1,0.0,1.0,0.0,0.0,1,0.0,0.0,0.0,0.0,0.0,0.0,0.0,0.0,0.0,0.0,0.0,1.0,0.0,0.0,Unknown,0.0,0,Rational Spender
USER_165,1.0,1.0,1,0.0,1.0,0.0,0.0,1,0.0,0.0,0.0,0.0,0.0,0.0,0.0,0.0,0.0,0.0,0.0,1.0,0.0,0.0,Unknown,0.0,0,Rational Spender
USER_166,17.0,17.0,1,0.0,17.0,0.0,0.0,1,0.0,0.0,0.0,0.0,0.0,0.0,0.0,0.0,0.0,0.0,0.0,0.0,17.0,0.0,Unknown,0.0,0,Rational Spender
USER_167,6.0,6.0,1,0.0,6.0,0.0,0.0,1,0.0,6.0,0.0,0.0,0.0,0.0,0.0,0.0,0.0,0.0,0.0,0.0,0.0,0.0,Unknown,0.0,0,Rational Spender
USER_168,1.0,1.0,1,0.0,1.0,0.0,0.0,1,0.0,0.0,0.0,0.0,0.0,0.0,0.0,0.0,0.0,0.0,0.0,1.0,0.0,0.0,Unknown,0.0,0,Rational Spender
USER_169,10.0,10.0,1,0.0,10.0,0.0,0.0,1,0.0,0.0,0.0,0.0,10.0,0.0,0.0,0.0,0.0,0.0,0.0,0.0,0.0,0.0,Unknown,0.0,0,Rational Spender
USER_17,11.0,11.0,1,0.0,11.0,1.0,1.0,1,0.0,0.0,0.0,0.0,11.0,0.0,0.0,0.0,0.0,0.0,0.0,0.0,0.0,0.0,Unknown,1.0,1,Impulsive Spender
USER_170,1.0,1.0,1,0.0,1.0,0.0,0.0,1,0.0,0.0,0.0,0.0,0.0,0.0,0.0,0.0,0.0,0.0,0.0,1.0,0.0,0.0,Unknown,0.0,0,Rational Spender
USER_171,3.0,3.0,1,0.0,3.0,0.0,0.0,1,0.0,3.0,0.0,0.0,0.0,0.0,0.0,0.0,0.0,0.0,0.0,0.0,0.0,0.0,Unknown,0.0,0,Rational Spender
USER_172,2.0,2.0,1,0.0,2.0,0.0,0.0,1,0.0,0.0,0.0,0.0,2.0,0.0,0.0,0.0,0.0,0.0,0.0,0.0,0.0,0.0,Unknown,0.0,0,Rational Spender
USER_173,14.0,14.0,1,0.0,14.0,0.0,0.0,1,0.0,0.0,0.0,0.0,0.0,0.0,0.0,0.0,0.0,0.0,0.0,0.0,14.0,0.0,Unknown,0.0,0,Rational Spender
USER_174,2.0,2.0,1,0.0,2.0,0.0,0.0,1,0.0,0.0,0.0,0.0,0.0,0.0,0.0,0.0,0.0,0.0,0.0,2.0,0.0,0.0,Unknown,0.0,0,Rational Spender
USER_175,15.0,15.0,1,0.0,15.0,0.0,0.0,1,0.0,0.0,0.0,0.0,0.0,15.0,0.0,0.0,0.0,0.0,0.0,0.0,0.0,0.0,Unknown,0.0,0,Rational Spender
USER_176,3.0,3.0,1,0.0,3.0,0.0,1.0,1,0.0,3.0,0.0,0.0,0.0,0.0,0.0,0.0,0.0,0.0,0.0,0.0,0.0,0.0,Unknown,0.5,1,Impulsive Spender
USER_177,1.0,1.0,1,0.0,1.0,0.0,0.0,1,0.0,0.0,0.0,0.0,0.0,0.0,0.0,0.0,0.0,0.0,0.0,1.0,0.0,0.0,Unknown,0.0,0,Rational Spender
USER_178,1.0,1.0,1,0.0,1.0,1.0,1.0,1,0.0,0.0,0.0,0.0,0.0,0.0,0.0,0.0,0.0,0.0,0.0,1.0,0.0,0.0,Unknown,1.0,1,Impulsive Spender
USER_179,1.0,1.0,1,0.0,1.0,1.0,0.0,1,0.0,0.0,0.0,0.0,0.0,0.0,0.0,0.0,0.0,0.0,0.0,1.0,0.0,0.0,Unknown,0.5,0,Rational Spender
USER_18,2.0,2.0,1,0.0,2.0,0.0,0.0,1,0.0,0.0,0.0,0.0,0.0,0.0,0.0,0.0,0.0,0.0,0.0,2.0,0.0,0.0,Unknown,0.0,0,Rational Spender
USER_180,1.0,1.0,1,0.0,1.0,1.0,1.0,1,0.0,0.0,0.0,0.0,0.0,0.0,0.0,0.0,0.0,0.0,0.0,1.0,0.0,0.0,Unknown,1.0,1,Impulsive Spender
USER_181,1.0,1.0,1,0.0,1.0,1.0,0.0,1,0.0,0.0,0.0,0.0,1.0,0.0,0.0,0.0,0.0,0.0,0.0,0.0,0.0,0.0,Unknown,0.5,0,Rational Spender
USER_182,52.0,52.0,1,0.0,52.0,1.0,0.0,1,0.0,0.0,0.0,0.0,0.0,0.0,0.0,0.0,0.0,52.0,0.0,0.0,0.0,0.0,Unknown,0.5,0,Rational Spender
USER_183,86.0,86.0,1,0.0,86.0,1.0,0.0,1,0.0,0.0,0.0,0.0,0.0,0.0,0.0,0.0,0.0,86.0,0.0,0.0,0.0,0.0,Unknown,0.5,0,Rational Spender
USER_184,59.0,59.0,1,0.0,59.0,0.0,0.0,1,0.0,59.0,0.0,0.0,0.0,0.0,0.0,0.0,0.0,0.0,0.0,0.0,0.0,0.0,Unknown,0.0,0,Rational Spender
USER_185,4.0,4.0,1,0.0,4.0,0.0,0.0,1,0.0,0.0,0.0,0.0,0.0,0.0,0.0,0.0,0.0,0.0,0.0,0.0,4.0,0.0,Unknown,0.0,0,Rational Spender
USER_186,2.0,2.0,1,0.0,2.0,0.0,1.0,1,0.0,0.0,0.0,0.0,0.0,0.0,0.0,0.0,0.0,0.0,0.0,2.0,0.0,0.0,Unknown,0.5,1,Impulsive Spender
USER_187,1.0,1.0,1,0.0,1.0,0.0,0.0,1,0.0,1.0,0.0,0.0,0.0,0.0,0.0,0.0,0.0,0.0,0.0,0.0,0.0,0.0,Unknown,0.0,0,Rational Spender
USER_188,1.0,1.0,1,0.0,1.0,0.0,0.0,1,0.0,0.0,0.0,0.0,0.0,0.0,0.0,0.0,0.0,0.0,0.0,1.0,0.0,0.0,Unknown,0.0,0,Rational Spender
USER_189,2.0,2.0,1,0.0,2.0,0.0,0.0,1,0.0,2.0,0.0,0.0,0.0,0.0,0.0,0.0,0.0,0.0,0.0,0.0,0.0,0.0,Unknown,0.0,0,Rational Spender
USER_19,11.0,11.0,1,0.0,11.0,0.0,0.0,1,0.0,11.0,0.0,0.0,0.0,0.0,0.0,0.0,0.0,0.0,0.0,0.0,0.0,0.0,Unknown,0.0,0,Rational Spender
USER_190,14.0,14.0,1,0.0,14.0,0.0,1.0,1,0.0,14.0,0.0,0.0,0.0,0.0,0.0,0.0,0.0,0.0,0.0,0.0,0.0,0.0,Unknown,0.5,1,Impulsive Spender
USER_191,1.0,1.0,1,0.0,1.0,0.0,0.0,1,0.0,0.0,0.0,0.0,0.0,0.0,0.0,0.0,0.0,0.0,0.0,1.0,0.0,0.0,Unknown,0.0,0,Rational Spender
USER_192,1.0,1.0,1,0.0,1.0,0.0,0.0,1,0.0,0.0,0.0,0.0,0.0,0.0,0.0,0.0,0.0,0.0,0.0,1.0,0.0,0.0,Unknown,0.0,0,Rational Spender
USER_193,4.0,4.0,1,0.0,4.0,0.0,1.0,1,0.0,4.0,0.0,0.0,0.0,0.0,0.0,0.0,0.0,0.0,0.0,0.0,0.0,0.0,Unknown,0.5,1,Impulsive Spender
USER_194,5.0,5.0,1,0.0,5.0,0.0,0.0,1,0.0,5.0,0.0,0.0,0.0,0.0,0.0,0.0,0.0,0.0,0.0,0.0,0.0,0.0,Unknown,0.0,0,Rational Spender
USER_195,3.0,3.0,1,0.0,3.0,0.0,0.0,1,0.0,3.0,0.0,0.0,0.0,0.0,0.0,0.0,0.0,0.0,0.0,0.0,0.0,0.0,Unknown,0.0,0,Rational Spender
USER_196,1.0,1.0,1,0.0,1.0,0.0,1.0,1,0.0,0.0,0.0,0.0,0.0,0.0,0.0,0.0,0.0,0.0,0.0,1.0,0.0,0.0,Unknown,0.5,1,Impulsive Spender
USER_197,1.0,1.0,1,0.0,1.0,0.0,0.0,1,0.0,0.0,0.0,0.0,0.0,0.0,0.0,0.0,0.0,0.0,0.0,1.0,0.0,0.0,Unknown,0.0,0,Rational Spender
USER_198,1.0,1.0,1,0.0,1.0,0.0,0.0,1,0.0,1.0,0.0,0.0,0.0,0.0,0.0,0.0,0.0,0.0,0.0,0.0,0.0,0.0,Unknown,0.0,0,Rational Spender
USER_199,4.0,4.0,1,0.0,4.0,0.0,1.0,1,0.0,0.0,0.0,0.0,0.0,0.0,0.0,0.0,0.0,0.0,0.0,0.0,0.0,4.0,Unknown,0.5,1,Impulsive Spender
USER_2,1.0,1.0,1,0.0,1.0,0.0,0.0,1,0.0,0.0,0.0,0.0,0.0,0.0,0.0,0.0,0.0,0.0,0.0,1.0,0.0,0.0,Unknown,0.0,0,Rational Spender
USER_20,1.0,1.0,1,0.0,1.0,0.0,0.0,1,0.0,0.0,0.0,0.0,0.0,0.0,0.0,0.0,0.0,0.0,0.0,1.0,0.0,0.0,Unknown,0.0,0,Rational Spender
USER_200,3.0,3.0,1,0.0,3.0,0.0,0.0,1,0.0,3.0,0.0,0.0,0.0,0.0,0.0,0.0,0.0,0.0,0.0,0.0,0.0,0.0,Unknown,0.0,0,Rational Spender
USER_201,1.0,1.0,1,0.0,1.0,0.0,0.0,1,0.0,0.0,0.0,0.0,0.0,0.0,0.0,0.0,0.0,0.0,0.0,1.0,0.0,0.0,Unknown,0.0,0,Rational Spender
USER_202,2.0,2.0,1,0.0,2.0,0.0,0.0,1,0.0,0.0,0.0,0.0,0.0,0.0,0.0,0.0,0.0,0.0,0.0,2.0,0.0,0.0,Unknown,0.0,0,Rational Spender
USER_203,2.0,2.0,1,0.0,2.0,0.0,0.0,1,0.0,0.0,0.0,0.0,0.0,0.0,0.0,0.0,0.0,0.0,0.0,2.0,0.0,0.0,Unknown,0.0,0,Rational Spender
USER_204,31.0,31.0,1,0.0,31.0,0.0,0.0,1,0.0,0.0,0.0,0.0,0.0,0.0,0.0,0.0,31.0,0.0,0.0,0.0,0.0,0.0,Unknown,0.0,0,Rational Spender
USER_205,5.0,5.0,1,0.0,5.0,0.0,1.0,1,0.0,0.0,0.0,0.0,5.0,0.0,0.0,0.0,0.0,0.0,0.0,0.0,0.0,0.0,Unknown,0.5,1,Impulsive Spender
USER_206,88.0,88.0,1,0.0,88.0,0.0,0.0,1,0.0,0.0,88.0,0.0,0.0,0.0,0.0,0.0,0.0,0.0,0.0,0.0,0.0,0.0,Unknown,0.0,0,Rational Spender
USER_207,1129.0,1129.0,1,0.0,1129.0,0.0,0.0,1,1129.0,0.0,0.0,0.0,0.0,0.0,0.0,0.0,0.0,0.0,0.0,0.0,0.0,0.0,Unknown,0.0,2,Emotional Spender
USER_208,1.0,1.0,1,0.0,1.0,0.0,0.0,1,0.0,1.0,0.0,0.0,0.0,0.0,0.0,0.0,0.0,0.0,0.0,0.0,0.0,0.0,Unknown,0.0,0,Rational Spender
USER_209,1.0,1.0,1,0.0,1.0,0.0,0.0,1,0.0,0.0,0.0,0.0,0.0,0.0,0.0,0.0,0.0,0.0,0.0,1.0,0.0,0.0,Unknown,0.0,0,Rational Spender
USER_21,1.0,1.0,1,0.0,1.0,0.0,0.0,1,0.0,0.0,0.0,0.0,0.0,0.0,0.0,0.0,0.0,0.0,0.0,1.0,0.0,0.0,Unknown,0.0,0,Rational Spender
USER_210,3.0,3.0,1,0.0,3.0,0.0,1.0,1,0.0,3.0,0.0,0.0,0.0,0.0,0.0,0.0,0.0,0.0,0.0,0.0,0.0,0.0,Unknown,0.5,1,Impulsive Spender
USER_211,3.0,3.0,1,0.0,3.0,0.0,0.0,1,0.0,3.0,0.0,0.0,0.0,0.0,0.0,0.0,0.0,0.0,0.0,0.0,0.0,0.0,Unknown,0.0,0,Rational Spender
USER_212,1.0,1.0,1,0.0,1.0,0.0,0.0,1,0.0,0.0,0.0,0.0,0.0,0.0,0.0,0.0,0.0,0.0,0.0,1.0,0.0,0.0,Unknown,0.0,0,Rational Spender
USER_213,9.0,9.0,1,0.0,9.0,1.0,0.0,1,0.0,0.0,0.0,0.0,9.0,0.0,0.0,0.0,0.0,0.0,0.0,0.0,0.0,0.0,Unknown,0.5,0,Rational Spender
USER_214,1.0,1.0,1,0.0,1.0,1.0,1.0,1,0.0,0.0,0.0,0.0,0.0,0.0,0.0,0.0,0.0,0.0,0.0,1.0,0.0,0.0,Unknown,1.0,1,Impulsive Spender
USER_215,1.0,1.0,1,0.0,1.0,1.0,1.0,1,0.0,0.0,0.0,0.0,0.0,0.0,0.0,0.0,0.0,0.0,0.0,1.0,0.0,0.0,Unknown,1.0,1,Impulsive Spender
USER_216,1.0,1.0,1,0.0,1.0,1.0,0.0,1,0.0,0.0,0.0,0.0,0.0,0.0,0.0,0.0,0.0,0.0,0.0,1.0,0.0,0.0,Unknown,0.5,0,Rational Spender
USER_217,10.0,10.0,1,0.0,10.0,1.0,1.0,1,0.0,0.0,0.0,0.0,10.0,0.0,0.0,0.0,0.0,0.0,0.0,0.0,0.0,0.0,Unknown,1.0,1,Impulsive Spender
USER_218,1.0,1.0,1,0.0,1.0,1.0,0.0,1,0.0,0.0,0.0,0.0,0.0,0.0,0.0,0.0,0.0,0.0,0.0,1.0,0.0,0.0,Unknown,0.5,0,Rational Spender
USER_219,1.0,1.0,1,0.0,1.0,1.0,0.0,1,0.0,0.0,0.0,0.0,1.0,0.0,0.0,0.0,0.0,0.0,0.0,0.0,0.0,0.0,Unknown,0.5,0,Rational Spender
USER_22,1.0,1.0,1,0.0,1.0,0.0,1.0,1,0.0,0.0,0.0,0.0,0.0,0.0,0.0,0.0,0.0,0.0,0.0,1.0,0.0,0.0,Unknown,0.5,1,Impulsive Spender
USER_220,1.0,1.0,1,0.0,1.0,1.0,0.0,1,0.0,0.0,0.0,0.0,0.0,0.0,0.0,0.0,0.0,0.0,0.0,1.0,0.0,0.0,Unknown,0.5,0,Rational Spender
USER_221,1.0,1.0,1,0.0,1.0,1.0,0.0,1,0.0,0.0,0.0,0.0,0.0,0.0,0.0,0.0,0.0,0.0,0.0,1.0,0.0,0.0,Unknown,0.5,0,Rational Spender
USER_222,24.0,24.0,1,0.0,24.0,1.0,0.0,1,0.0,0.0,0.0,0.0,0.0,0.0,0.0,0.0,0.0,0.0,0.0,0.0,24.0,0.0,Unknown,0.5,0,Rational Spender
USER_223,65.0,65.0,1,0.0,65.0,1.0,0.0,1,0.0,0.0,0.0,0.0,65.0,0.0,0.0,0.0,0.0,0.0,0.0,0.0,0.0,0.0,Unknown,0.5,0,Rational Spender
USER_224,25.0,25.0,1,0.0,25.0,0.0,0.0,1,0.0,0.0,0.0,0.0,0.0,0.0,0.0,0.0,0.0,0.0,0.0,0.0,25.0,0.0,Unknown,0.0,0,Rational Spender
USER_225,232.0,232.0,1,0.0,232.0,0.0,0.0,1,0.0,0.0,0.0,0.0,0.0,0.0,0.0,0.0,232.0,0.0,0.0,0.0,0.0,0.0,Unknown,0.0,0,Rational Spender
USER_226,5.0,5.0,1,0.0,5.0,0.0,0.0,1,0.0,5.0,0.0,0.0,0.0,0.0,0.0,0.0,0.0,0.0,0.0,0.0,0.0,0.0,Unknown,0.0,0,Rational Spender
USER_227,81.0,81.0,1,0.0,81.0,0.0,0.0,1,0.0,0.0,0.0,0.0,81.0,0.0,0.0,0.0,0.0,0.0,0.0,0.0,0.0,0.0,Unknown,0.0,0,Rational Spender
USER_228,313.0,313.0,1,0.0,313.0,0.0,0.0,1,0.0,0.0,0.0,0.0,313.0,0.0,0.0,0.0,0.0,0.0,0.0,0.0,0.0,0.0,Unknown,0.0,0,Rational Spender
USER_229,1.0,1.0,1,0.0,1.0,0.0,1.0,1,0.0,0.0,0.0,0.0,0.0,0.0,0.0,0.0,0.0,0.0,0.0,1.0,0.0,0.0,Unknown,0.5,1,Impulsive Spender
USER_23,2.0,2.0,1,0.0,2.0,0.0,0.0,1,0.0,0.0,0.0,0.0,0.0,0.0,0.0,0.0,0.0,0.0,0.0,2.0,0.0,0.0,Unknown,0.0,0,Rational Spender
USER_230,2.0,2.0,1,0.0,2.0,0.0,0.0,1,0.0,0.0,0.0,0.0,0.0,0.0,0.0,0.0,0.0,0.0,0.0,2.0,0.0,0.0,Unknown,0.0,0,Rational Spender
USER_231,1.0,1.0,1,0.0,1.0,0.0,0.0,1,0.0,0.0,0.0,0.0,0.0,0.0,0.0,0.0,0.0,0.0,0.0,1.0,0.0,0.0,Unknown,0.0,0,Rational Spender
USER_232,1.0,1.0,1,0.0,1.0,0.0,0.0,1,0.0,0.0,0.0,0.0,0.0,0.0,0.0,0.0,0.0,0.0,0.0,1.0,0.0,0.0,Unknown,0.0,0,Rational Spender
USER_233,1.0,1.0,1,0.0,1.0,0.0,0.0,1,0.0,0.0,0.0,0.0,0.0,0.0,0.0,0.0,0.0,0.0,0.0,1.0,0.0,0.0,Unknown,0.0,0,Rational Spender
USER_234,16.0,16.0,1,0.0,16.0,0.0,0.0,1,0.0,16.0,0.0,0.0,0.0,0.0,0.0,0.0,0.0,0.0,0.0,0.0,0.0,0.0,Unknown,0.0,0,Rational Spender
USER_235,6.0,6.0,1,0.0,6.0,0.0,0.0,1,0.0,6.0,0.0,0.0,0.0,0.0,0.0,0.0,0.0,0.0,0.0,0.0,0.0,0.0,Unknown,0.0,0,Rational Spender
USER_236,1.0,1.0,1,0.0,1.0,0.0,0.0,1,0.0,0.0,0.0,0.0,0.0,0.0,0.0,0.0,0.0,0.0,0.0,1.0,0.0,0.0,Unknown,0.0,0,Rational Spender
USER_237,1.0,1.0,1,0.0,1.0,0.0,0.0,1,0.0,0.0,0.0,0.0,1.0,0.0,0.0,0.0,0.0,0.0,0.0,0.0,0.0,0.0,Unknown,0.0,0,Rational Spender
USER_238,11.0,11.0,1,0.0,11.0,0.0,0.0,1,0.0,0.0,0.0,0.0,11.0,0.0,0.0,0.0,0.0,0.0,0.0,0.0,0.0,0.0,Unknown,0.0,0,Rational Spender
USER_239,2.0,2.0,1,0.0,2.0,0.0,1.0,1,0.0,0.0,0.0,0.0,0.0,0.0,0.0,0.0,0.0,0.0,0.0,2.0,0.0,0.0,Unknown,0.5,1,Impulsive Spender
USER_24,9.0,9.0,1,0.0,9.0,0.0,0.0,1,0.0,9.0,0.0,0.0,0.0,0.0,0.0,0.0,0.0,0.0,0.0,0.0,0.0,0.0,Unknown,0.0,0,Rational Spender
USER_240,1.0,1.0,1,0.0,1.0,0.0,0.0,1,0.0,0.0,0.0,0.0,0.0,0.0,0.0,0.0,0.0,0.0,0.0,1.0,0.0,0.0,Unknown,0.0,0,Rational Spender
USER_241,2.0,2.0,1,0.0,2.0,0.0,0.0,1,0.0,0.0,0.0,0.0,0.0,0.0,0.0,0.0,0.0,0.0,0.0,2.0,0.0,0.0,Unknown,0.0,0,Rational Spender
USER_242,8.0,8.0,1,0.0,8.0,0.0,0.0,1,0.0,8.0,0.0,0.0,0.0,0.0,0.0,0.0,0.0,0.0,0.0,0.0,0.0,0.0,Unknown,0.0,0,Rational Spender
USER_243,1.0,1.0,1,0.0,1.0,0.0,0.0,1,0.0,0.0,0.0,0.0,0.0,0.0,0.0,0.0,0.0,0.0,0.0,1.0,0.0,0.0,Unknown,0.0,0,Rational Spender
USER_244,12.0,12.0,1,0.0,12.0,0.0,0.0,1,0.0,0.0,0.0,0.0,0.0,12.0,0.0,0.0,0.0,0.0,0.0,0.0,0.0,0.0,Unknown,0.0,0,Rational Spender
USER_245,2.0,2.0,1,0.0,2.0,1.0,1.0,1,0.0,0.0,0.0,0.0,0.0,0.0,0.0,0.0,0.0,0.0,0.0,2.0,0.0,0.0,Unknown,1.0,1,Impulsive Spender
USER_246,1.0,1.0,1,0.0,1.0,1.0,0.0,1,0.0,0.0,0.0,0.0,0.0,0.0,0.0,0.0,0.0,0.0,0.0,1.0,0.0,0.0,Unknown,0.5,0,Rational Spender
USER_247,1.0,1.0,1,0.0,1.0,1.0,0.0,1,0.0,0.0,0.0,0.0,0.0,0.0,0.0,0.0,0.0,0.0,0.0,1.0,0.0,0.0,Unknown,0.5,0,Rational Spender
USER_248,1.0,1.0,1,0.0,1.0,1.0,1.0,1,0.0,0.0,0.0,0.0,0.0,0.0,0.0,0.0,0.0,0.0,0.0,1.0,0.0,0.0,Unknown,1.0,1,Impulsive Spender
USER_249,73.0,73.0,1,0.0,73.0,0.0,0.0,1,0.0,0.0,0.0,0.0,0.0,0.0,73.0,0.0,0.0,0.0,0.0,0.0,0.0,0.0,Unknown,0.0,0,Rational Spender
USER_25,1.0,1.0,1,0.0,1.0,0.0,0.0,1,0.0,0.0,0.0,0.0,0.0,0.0,0.0,0.0,0.0,0.0,0.0,1.0,0.0,0.0,Unknown,0.0,0,Rational Spender
USER_250,12.0,12.0,1,0.0,12.0,0.0,0.0,1,0.0,0.0,0.0,0.0,0.0,0.0,0.0,0.0,0.0,0.0,0.0,0.0,0.0,12.0,Unknown,0.0,0,Rational Spender
USER_251,4.0,4.0,1,0.0,4.0,0.0,0.0,1,0.0,4.0,0.0,0.0,0.0,0.0,0.0,0.0,0.0,0.0,0.0,0.0,0.0,0.0,Unknown,0.0,0,Rational Spender
USER_252,1.0,1.0,1,0.0,1.0,0.0,0.0,1,0.0,0.0,0.0,0.0,0.0,0.0,0.0,0.0,0.0,0.0,0.0,1.0,0.0,0.0,Unknown,0.0,0,Rational Spender
USER_253,1.0,1.0,1,0.0,1.0,0.0,1.0,1,0.0,0.0,0.0,0.0,0.0,0.0,0.0,0.0,0.0,0.0,0.0,1.0,0.0,0.0,Unknown,0.5,1,Impulsive Spender
USER_254,1.0,1.0,1,0.0,1.0,0.0,0.0,1,0.0,0.0,0.0,0.0,0.0,0.0,0.0,0.0,0.0,0.0,0.0,1.0,0.0,0.0,Unknown,0.0,0,Rational Spender
USER_255,1.0,1.0,1,0.0,1.0,1.0,0.0,1,0.0,0.0,0.0,0.0,0.0,0.0,0.0,0.0,0.0,0.0,0.0,1.0,0.0,0.0,Unknown,0.5,0,Rational Spender
USER_256,1.0,1.0,1,0.0,1.0,1.0,0.0,1,0.0,0.0,0.0,0.0,0.0,0.0,0.0,0.0,0.0,0.0,0.0,1.0,0.0,0.0,Unknown,0.5,0,Rational Spender
USER_257,5.0,5.0,1,0.0,5.0,1.0,0.0,1,0.0,0.0,0.0,0.0,0.0,0.0,0.0,0.0,0.0,0.0,0.0,0.0,0.0,5.0,Unknown,0.5,0,Rational Spender
USER_258,15.0,15.0,1,0.0,15.0,1.0,0.0,1,0.0,0.0,0.0,0.0,0.0,0.0,0.0,0.0,0.0,0.0,0.0,0.0,15.0,0.0,Unknown,0.5,0,Rational Spender
USER_259,9.0,9.0,1,0.0,9.0,1.0,0.0,1,0.0,9.0,0.0,0.0,0.0,0.0,0.0,0.0,0.0,0.0,0.0,0.0,0.0,0.0,Unknown,0.5,0,Rational Spender
USER_26,8.0,8.0,1,0.0,8.0,0.0,0.0,1,0.0,8.0,0.0,0.0,0.0,0.0,0.0,0.0,0.0,0.0,0.0,0.0,0.0,0.0,Unknown,0.0,0,Rational Spender
USER_260,1.0,1.0,1,0.0,1.0,1.0,0.0,1,0.0,0.0,0.0,0.0,0.0,0.0,0.0,0.0,0.0,0.0,0.0,1.0,0.0,0.0,Unknown,0.5,0,Rational Spender
USER_261,1.0,1.0,1,0.0,1.0,1.0,0.0,1,0.0,0.0,0.0,0.0,0.0,0.0,0.0,0.0,0.0,0.0,0.0,1.0,0.0,0.0,Unknown,0.5,0,Rational Spender
USER_262,6.0,6.0,1,0.0,6.0,1.0,0.0,1,0.0,0.0,0.0,0.0,0.0,0.0,0.0,0.0,0.0,0.0,0.0,0.0,6.0,0.0,Unknown,0.5,0,Rational Spender
USER_263,1.0,1.0,1,0.0,1.0,0.0,0.0,1,0.0,0.0,0.0,0.0,0.0,0.0,0.0,0.0,0.0,0.0,0.0,1.0,0.0,0.0,Unknown,0.0,0,Rational Spender
USER_264,1.0,1.0,1,0.0,1.0,0.0,0.0,1,0.0,0.0,0.0,0.0,0.0,0.0,0.0,0.0,0.0,0.0,0.0,1.0,0.0,0.0,Unknown,0.0,0,Rational Spender
USER_265,10.0,10.0,1,0.0,10.0,0.0,1.0,1,0.0,0.0,0.0,0.0,10.0,0.0,0.0,0.0,0.0,0.0,0.0,0.0,0.0,0.0,Unknown,0.5,1,Impulsive Spender
USER_266,2.0,2.0,1,0.0,2.0,0.0,0.0,1,0.0,0.0,0.0,0.0,0.0,0.0,0.0,0.0,0.0,0.0,0.0,2.0,0.0,0.0,Unknown,0.0,0,Rational Spender
USER_267,457.0,457.0,1,0.0,457.0,0.0,0.0,1,0.0,0.0,0.0,0.0,0.0,0.0,0.0,0.0,0.0,457.0,0.0,0.0,0.0,0.0,Unknown,0.0,0,Rational Spender
USER_268,2.0,2.0,1,0.0,2.0,0.0,0.0,1,0.0,0.0,0.0,0.0,0.0,0.0,0.0,0.0,0.0,0.0,0.0,2.0,0.0,0.0,Unknown,0.0,0,Rational Spender
USER_269,9.0,9.0,1,0.0,9.0,0.0,0.0,1,0.0,9.0,0.0,0.0,0.0,0.0,0.0,0.0,0.0,0.0,0.0,0.0,0.0,0.0,Unknown,0.0,0,Rational Spender
USER_27,1.0,1.0,1,0.0,1.0,0.0,0.0,1,0.0,0.0,0.0,0.0,0.0,0.0,0.0,0.0,0.0,0.0,0.0,1.0,0.0,0.0,Unknown,0.0,0,Rational Spender
USER_270,5.0,5.0,1,0.0,5.0,0.0,0.0,1,0.0,0.0,0.0,0.0,5.0,0.0,0.0,0.0,0.0,0.0,0.0,0.0,0.0,0.0,Unknown,0.0,0,Rational Spender
USER_271,9.0,9.0,1,0.0,9.0,0.0,0.0,1,0.0,9.0,0.0,0.0,0.0,0.0,0.0,0.0,0.0,0.0,0.0,0.0,0.0,0.0,Unknown,0.0,0,Rational Spender
USER_272,1.0,1.0,1,0.0,1.0,0.0,0.0,1,0.0,0.0,0.0,0.0,0.0,0.0,0.0,0.0,0.0,0.0,0.0,1.0,0.0,0.0,Unknown,0.0,0,Rational Spender
USER_273,6.0,6.0,1,0.0,6.0,0.0,0.0,1,0.0,0.0,0.0,0.0,6.0,0.0,0.0,0.0,0.0,0.0,0.0,0.0,0.0,0.0,Unknown,0.0,0,Rational Spender
USER_274,1.0,1.0,1,0.0,1.0,0.0,0.0,1,0.0,0.0,0.0,0.0,0.0,0.0,0.0,0.0,0.0,0.0,0.0,1.0,0.0,0.0,Unknown,0.0,0,Rational Spender
USER_275,1.0,1.0,1,0.0,1.0,0.0,1.0,1,0.0,0.0,0.0,0.0,0.0,0.0,0.0,0.0,0.0,0.0,0.0,1.0,0.0,0.0,Unknown,0.5,1,Impulsive Spender
USER_276,6.0,6.0,1,0.0,6.0,0.0,1.0,1,0.0,0.0,0.0,0.0,6.0,0.0,0.0,0.0,0.0,0.0,0.0,0.0,0.0,0.0,Unknown,0.5,1,Impulsive Spender
USER_277,1.0,1.0,1,0.0,1.0,0.0,1.0,1,0.0,0.0,0.0,0.0,0.0,0.0,0.0,0.0,0.0,0.0,0.0,1.0,0.0,0.0,Unknown,0.5,1,Impulsive Spender
USER_278,17.0,17.0,1,0.0,17.0,0.0,0.0,1,0.0,0.0,0.0,0.0,0.0,0.0,0.0,0.0,0.0,0.0,0.0,0.0,0.0,17.0,Unknown,0.0,0,Rational Spender
USER_279,2.0,2.0,1,0.0,2.0,0.0,0.0,1,0.0,0.0,0.0,0.0,0.0,0.0,0.0,0.0,0.0,0.0,0.0,2.0,0.0,0.0,Unknown,0.0,0,Rational Spender
USER_28,79.0,79.0,1,0.0,79.0,0.0,0.0,1,0.0,0.0,0.0,0.0,0.0,79.0,0.0,0.0,0.0,0.0,0.0,0.0,0.0,0.0,Unknown,0.0,0,Rational Spender
USER_280,1.0,1.0,1,0.0,1.0,0.0,1.0,1,0.0,0.0,0.0,0.0,0.0,0.0,0.0,0.0,0.0,0.0,0.0,1.0,0.0,0.0,Unknown,0.5,1,Impulsive Spender
USER_281,18.0,18.0,1,0.0,18.0,1.0,0.0,1,0.0,0.0,0.0,0.0,0.0,0.0,0.0,0.0,0.0,0.0,0.0,0.0,18.0,0.0,Unknown,0.5,0,Rational Spender
USER_282,1.0,1.0,1,0.0,1.0,1.0,1.0,1,0.0,0.0,0.0,0.0,0.0,0.0,0.0,0.0,0.0,0.0,0.0,1.0,0.0,0.0,Unknown,1.0,1,Impulsive Spender
USER_283,20.0,20.0,1,0.0,20.0,1.0,0.0,1,0.0,0.0,0.0,0.0,0.0,0.0,0.0,0.0,0.0,0.0,0.0,0.0,20.0,0.0,Unknown,0.5,0,Rational Spender
USER_284,1.0,1.0,1,0.0,1.0,1.0,0.0,1,0.0,0.0,0.0,0.0,0.0,0.0,0.0,0.0,0.0,0.0,0.0,1.0,0.0,0.0,Unknown,0.5,0,Rational Spender
USER_285,2.0,2.0,1,0.0,2.0,1.0,0.0,1,0.0,0.0,0.0,0.0,0.0,0.0,0.0,0.0,0.0,0.0,0.0,2.0,0.0,0.0,Unknown,0.5,0,Rational Spender
USER_286,5.0,5.0,1,0.0,5.0,1.0,0.0,1,0.0,0.0,0.0,0.0,5.0,0.0,0.0,0.0,0.0,0.0,0.0,0.0,0.0,0.0,Unknown,0.5,0,Rational Spender
USER_287,1.0,1.0,1,0.0,1.0,1.0,1.0,1,0.0,0.0,0.0,0.0,0.0,0.0,0.0,0.0,0.0,0.0,0.0,1.0,0.0,0.0,Unknown,1.0,1,Impulsive Spender
USER_288,1.0,1.0,1,0.0,1.0,1.0,0.0,1,0.0,0.0,0.0,0.0,0.0,0.0,0.0,0.0,0.0,0.0,0.0,1.0,0.0,0.0,Unknown,0.5,0,Rational Spender
USER_289,2.0,2.0,1,0.0,2.0,1.0,0.0,1,0.0,0.0,0.0,0.0,0.0,0.0,0.0,0.0,0.0,0.0,0.0,2.0,0.0,0.0,Unknown,0.5,0,Rational Spender
USER_29,1.0,1.0,1,0.0,1.0,0.0,0.0,1,0.0,0.0,0.0,0.0,0.0,0.0,0.0,0.0,0.0,0.0,0.0,1.0,0.0,0.0,Unknown,0.0,0,Rational Spender
USER_290,9.0,9.0,1,0.0,9.0,1.0,0.0,1,0.0,0.0,0.0,0.0,0.0,0.0,0.0,0.0,0.0,0.0,0.0,0.0,9.0,0.0,Unknown,0.5,0,Rational Spender
USER_291,9.0,9.0,1,0.0,9.0,1.0,0.0,1,0.0,9.0,0.0,0.0,0.0,0.0,0.0,0.0,0.0,0.0,0.0,0.0,0.0,0.0,Unknown,0.5,0,Rational Spender
USER_292,5.0,5.0,1,0.0,5.0,0.0,0.0,1,0.0,0.0,0.0,0.0,0.0,5.0,0.0,0.0,0.0,0.0,0.0,0.0,0.0,0.0,Unknown,0.0,0,Rational Spender
USER_293,2.0,2.0,1,0.0,2.0,0.0,0.0,1,0.0,0.0,0.0,0.0,0.0,0.0,0.0,0.0,0.0,0.0,0.0,2.0,0.0,0.0,Unknown,0.0,0,Rational Spender
USER_294,4.0,4.0,1,0.0,4.0,0.0,0.0,1,0.0,4.0,0.0,0.0,0.0,0.0,0.0,0.0,0.0,0.0,0.0,0.0,0.0,0.0,Unknown,0.0,0,Rational Spender
USER_295,1.0,1.0,1,0.0,1.0,0.0,0.0,1,0.0,0.0,0.0,0.0,0.0,0.0,0.0,0.0,0.0,0.0,0.0,1.0,0.0,0.0,Unknown,0.0,0,Rational Spender
USER_296,15.0,15.0,1,0.0,15.0,0.0,0.0,1,0.0,0.0,0.0,0.0,15.0,0.0,0.0,0.0,0.0,0.0,0.0,0.0,0.0,0.0,Unknown,0.0,0,Rational Spender
USER_297,2.0,2.0,1,0.0,2.0,0.0,0.0,1,0.0,0.0,0.0,0.0,0.0,0.0,0.0,0.0,0.0,0.0,0.0,2.0,0.0,0.0,Unknown,0.0,0,Rational Spender
USER_298,5.0,5.0,1,0.0,5.0,0.0,1.0,1,0.0,0.0,0.0,0.0,0.0,0.0,0.0,0.0,0.0,0.0,0.0,5.0,0.0,0.0,Unknown,0.5,1,Impulsive Spender
USER_299,4.0,4.0,1,0.0,4.0,0.0,1.0,1,0.0,4.0,0.0,0.0,0.0,0.0,0.0,0.0,0.0,0.0,0.0,0.0,0.0,0.0,Unknown,0.5,1,Impulsive Spender
USER_3,10.0,10.0,1,0.0,10.0,0.0,0.0,1,0.0,10.0,0.0,0.0,0.0,0.0,0.0,0.0,0.0,0.0,0.0,0.0,0.0,0.0,Unknown,0.0,0,Rational Spender
USER_30,2.0,2.0,1,0.0,2.0,0.0,0.0,1,0.0,2.0,0.0,0.0,0.0,0.0,0.0,0.0,0.0,0.0,0.0,0.0,0.0,0.0,Unknown,0.0,0,Rational Spender
USER_300,5.0,5.0,1,0.0,5.0,0.0,1.0,1,0.0,5.0,0.0,0.0,0.0,0.0,0.0,0.0,0.0,0.0,0.0,0.0,0.0,0.0,Unknown,0.5,1,Impulsive Spender
USER_301,2.0,2.0,1,0.0,2.0,0.0,0.0,1,0.0,0.0,0.0,0.0,0.0,0.0,0.0,0.0,0.0,0.0,0.0,2.0,0.0,0.0,Unknown,0.0,0,Rational Spender
USER_302,5.0,5.0,1,0.0,5.0,0.0,0.0,1,0.0,5.0,0.0,0.0,0.0,0.0,0.0,0.0,0.0,0.0,0.0,0.0,0.0,0.0,Unknown,0.0,0,Rational Spender
USER_303,1.0,1.0,1,0.0,1.0,0.0,0.0,1,0.0,0.0,0.0,0.0,0.0,0.0,0.0,0.0,0.0,0.0,0.0,1.0,0.0,0.0,Unknown,0.0,0,Rational Spender
USER_304,21.0,21.0,1,0.0,21.0,0.0,0.0,1,0.0,0.0,0.0,0.0,0.0,0.0,0.0,0.0,21.0,0.0,0.0,0.0,0.0,0.0,Unknown,0.0,0,Rational Spender
USER_305,5.0,5.0,1,0.0,5.0,0.0,0.0,1,0.0,5.0,0.0,0.0,0.0,0.0,0.0,0.0,0.0,0.0,0.0,0.0,0.0,0.0,Unknown,0.0,0,Rational Spender
USER_306,11.0,11.0,1,0.0,11.0,1.0,0.0,1,0.0,11.0,0.0,0.0,0.0,0.0,0.0,0.0,0.0,0.0,0.0,0.0,0.0,0.0,Unknown,0.5,0,Rational Spender
USER_307,17.0,17.0,1,0.0,17.0,1.0,0.0,1,0.0,17.0,0.0,0.0,0.0,0.0,0.0,0.0,0.0,0.0,0.0,0.0,0.0,0.0,Unknown,0.5,0,Rational Spender
USER_308,55.0,55.0,1,0.0,55.0,1.0,0.0,1,0.0,55.0,0.0,0.0,0.0,0.0,0.0,0.0,0.0,0.0,0.0,0.0,0.0,0.0,Unknown,0.5,0,Rational Spender
USER_309,12.0,12.0,1,0.0,12.0,1.0,0.0,1,0.0,0.0,0.0,0.0,0.0,0.0,0.0,0.0,0.0,0.0,0.0,0.0,12.0,0.0,Unknown,0.5,0,Rational Spender
USER_31,5.0,5.0,1,0.0,5.0,0.0,0.0,1,0.0,5.0,0.0,0.0,0.0,0.0,0.0,0.0,0.0,0.0,0.0,0.0,0.0,0.0,Unknown,0.0,0,Rational Spender
USER_310,10.0,10.0,1,0.0,10.0,1.0,0.0,1,0.0,0.0,0.0,0.0,0.0,0.0,0.0,0.0,0.0,0.0,0.0,10.0,0.0,0.0,Unknown,0.5,0,Rational Spender
USER_311,12.0,12.0,1,0.0,12.0,1.0,0.0,1,0.0,0.0,0.0,0.0,0.0,0.0,0.0,0.0,12.0,0.0,0.0,0.0,0.0,0.0,Unknown,0.5,0,Rational Spender
USER_312,10.0,10.0,1,0.0,10.0,1.0,0.0,1,0.0,0.0,0.0,0.0,10.0,0.0,0.0,0.0,0.0,0.0,0.0,0.0,0.0,0.0,Unknown,0.5,0,Rational Spender
USER_313,22.0,22.0,1,0.0,22.0,1.0,0.0,1,0.0,22.0,0.0,0.0,0.0,0.0,0.0,0.0,0.0,0.0,0.0,0.0,0.0,0.0,Unknown,0.5,0,Rational Spender
USER_314,9.0,9.0,1,0.0,9.0,1.0,0.0,1,9.0,0.0,0.0,0.0,0.0,0.0,0.0,0.0,0.0,0.0,0.0,0.0,0.0,0.0,Unknown,0.5,0,Rational Spender
USER_315,10.0,10.0,1,0.0,10.0,1.0,0.0,1,0.0,0.0,0.0,0.0,0.0,0.0,0.0,0.0,0.0,0.0,0.0,10.0,0.0,0.0,Unknown,0.5,0,Rational Spender
USER_316,1.0,1.0,1,0.0,1.0,0.0,0.0,1,0.0,0.0,0.0,0.0,0.0,0.0,0.0,0.0,0.0,0.0,0.0,1.0,0.0,0.0,Unknown,0.0,0,Rational Spender
USER_317,1.0,1.0,1,0.0,1.0,0.0,1.0,1,0.0,0.0,0.0,0.0,0.0,0.0,0.0,0.0,0.0,0.0,0.0,1.0,0.0,0.0,Unknown,0.5,1,Impulsive Spender
USER_318,11.0,11.0,1,0.0,11.0,0.0,0.0,1,0.0,0.0,0.0,0.0,0.0,11.0,0.0,0.0,0.0,0.0,0.0,0.0,0.0,0.0,Unknown,0.0,0,Rational Spender
USER_319,93.0,93.0,1,0.0,93.0,0.0,0.0,1,0.0,0.0,0.0,0.0,0.0,0.0,0.0,0.0,93.0,0.0,0.0,0.0,0.0,0.0,Unknown,0.0,0,Rational Spender
USER_32,9.0,9.0,1,0.0,9.0,0.0,1.0,1,0.0,0.0,0.0,0.0,0.0,0.0,0.0,0.0,0.0,0.0,0.0,0.0,9.0,0.0,Unknown,0.5,1,Impulsive Spender
USER_320,32.0,32.0,1,0.0,32.0,0.0,0.0,1,0.0,0.0,0.0,0.0,0.0,32.0,0.0,0.0,0.0,0.0,0.0,0.0,0.0,0.0,Unknown,0.0,0,Rational Spender
USER_321,2.0,2.0,1,0.0,2.0,0.0,0.0,1,0.0,0.0,0.0,0.0,0.0,0.0,0.0,0.0,0.0,0.0,0.0,2.0,0.0,0.0,Unknown,0.0,0,Rational Spender
USER_322,1.0,1.0,1,0.0,1.0,0.0,1.0,1,0.0,0.0,0.0,0.0,0.0,0.0,0.0,0.0,0.0,0.0,0.0,1.0,0.0,0.0,Unknown,0.5,1,Impulsive Spender
USER_323,1.0,1.0,1,0.0,1.0,0.0,0.0,1,0.0,0.0,0.0,0.0,0.0,0.0,0.0,0.0,0.0,0.0,0.0,1.0,0.0,0.0,Unknown,0.0,0,Rational Spender
USER_324,13.0,13.0,1,0.0,13.0,0.0,1.0,1,0.0,13.0,0.0,0.0,0.0,0.0,0.0,0.0,0.0,0.0,0.0,0.0,0.0,0.0,Unknown,0.5,1,Impulsive Spender
USER_325,6.0,6.0,1,0.0,6.0,0.0,0.0,1,0.0,6.0,0.0,0.0,0.0,0.0,0.0,0.0,0.0,0.0,0.0,0.0,0.0,0.0,Unknown,0.0,0,Rational Spender
USER_326,1.0,1.0,1,0.0,1.0,0.0,0.0,1,0.0,0.0,0.0,0.0,0.0,0.0,0.0,0.0,0.0,0.0,0.0,1.0,0.0,0.0,Unknown,0.0,0,Rational Spender
USER_327,1.0,1.0,1,0.0,1.0,0.0,0.0,1,0.0,0.0,0.0,0.0,1.0,0.0,0.0,0.0,0.0,0.0,0.0,0.0,0.0,0.0,Unknown,0.0,0,Rational Spender
USER_328,2.0,2.0,1,0.0,2.0,0.0,0.0,1,0.0,0.0,0.0,0.0,2.0,0.0,0.0,0.0,0.0,0.0,0.0,0.0,0.0,0.0,Unknown,0.0,0,Rational Spender
USER_329,1.0,1.0,1,0.0,1.0,0.0,0.0,1,0.0,0.0,0.0,0.0,0.0,0.0,0.0,0.0,0.0,0.0,0.0,1.0,0.0,0.0,Unknown,0.0,0,Rational Spender
USER_33,1.0,1.0,1,0.0,1.0,0.0,1.0,1,0.0,0.0,0.0,0.0,0.0,0.0,0.0,0.0,0.0,0.0,0.0,1.0,0.0,0.0,Unknown,0.5,1,Impulsive Spender
USER_330,1.0,1.0,1,0.0,1.0,0.0,1.0,1,0.0,0.0,0.0,0.0,0.0,0.0,0.0,0.0,0.0,0.0,0.0,1.0,0.0,0.0,Unknown,0.5,1,Impulsive Spender
USER_331,3.0,3.0,1,0.0,3.0,0.0,0.0,1,0.0,0.0,0.0,0.0,3.0,0.0,0.0,0.0,0.0,0.0,0.0,0.0,0.0,0.0,Unknown,0.0,0,Rational Spender
USER_332,1.0,1.0,1,0.0,1.0,0.0,1.0,1,0.0,0.0,0.0,0.0,0.0,0.0,0.0,0.0,0.0,0.0,0.0,1.0,0.0,0.0,Unknown,0.5,1,Impulsive Spender
USER_333,1.0,1.0,1,0.0,1.0,0.0,0.0,1,0.0,0.0,0.0,0.0,0.0,0.0,0.0,0.0,0.0,0.0,0.0,1.0,0.0,0.0,Unknown,0.0,0,Rational Spender
USER_334,55.0,55.0,1,0.0,55.0,1.0,0.0,1,0.0,0.0,0.0,0.0,55.0,0.0,0.0,0.0,0.0,0.0,0.0,0.0,0.0,0.0,Unknown,0.5,0,Rational Spender
USER_335,1.0,1.0,1,0.0,1.0,1.0,0.0,1,0.0,0.0,0.0,0.0,0.0,0.0,0.0,0.0,0.0,0.0,0.0,1.0,0.0,0.0,Unknown,0.5,0,Rational Spender
USER_336,1.0,1.0,1,0.0,1.0,1.0,0.0,1,0.0,0.0,0.0,0.0,0.0,0.0,0.0,0.0,0.0,0.0,0.0,1.0,0.0,0.0,Unknown,0.5,0,Rational Spender
USER_337,4.0,4.0,1,0.0,4.0,0.0,0.0,1,0.0,0.0,0.0,0.0,4.0,0.0,0.0,0.0,0.0,0.0,0.0,0.0,0.0,0.0,Unknown,0.0,0,Rational Spender
USER_338,6.0,6.0,1,0.0,6.0,0.0,0.0,1,0.0,0.0,0.0,0.0,6.0,0.0,0.0,0.0,0.0,0.0,0.0,0.0,0.0,0.0,Unknown,0.0,0,Rational Spender
USER_339,1.0,1.0,1,0.0,1.0,0.0,0.0,1,0.0,0.0,0.0,0.0,1.0,0.0,0.0,0.0,0.0,0.0,0.0,0.0,0.0,0.0,Unknown,0.0,0,Rational Spender
USER_34,3.0,3.0,1,0.0,3.0,0.0,0.0,1,0.0,3.0,0.0,0.0,0.0,0.0,0.0,0.0,0.0,0.0,0.0,0.0,0.0,0.0,Unknown,0.0,0,Rational Spender
USER_340,1.0,1.0,1,0.0,1.0,0.0,1.0,1,0.0,0.0,0.0,0.0,0.0,0.0,0.0,0.0,0.0,0.0,0.0,1.0,0.0,0.0,Unknown,0.5,1,Impulsive Spender
USER_341,16.0,16.0,1,0.0,16.0,0.0,0.0,1,0.0,0.0,0.0,0.0,0.0,0.0,0.0,0.0,16.0,0.0,0.0,0.0,0.0,0.0,Unknown,0.0,0,Rational Spender
USER_342,1.0,1.0,1,0.0,1.0,0.0,0.0,1,0.0,0.0,0.0,0.0,1.0,0.0,0.0,0.0,0.0,0.0,0.0,0.0,0.0,0.0,Unknown,0.0,0,Rational Spender
USER_343,5.0,5.0,1,0.0,5.0,0.0,0.0,1,0.0,0.0,0.0,0.0,5.0,0.0,0.0,0.0,0.0,0.0,0.0,0.0,0.0,0.0,Unknown,0.0,0,Rational Spender
USER_344,8.0,8.0,1,0.0,8.0,0.0,0.0,1,0.0,8.0,0.0,0.0,0.0,0.0,0.0,0.0,0.0,0.0,0.0,0.0,0.0,0.0,Unknown,0.0,0,Rational Spender
USER_345,5.0,5.0,1,0.0,5.0,0.0,0.0,1,0.0,0.0,0.0,0.0,0.0,0.0,0.0,0.0,5.0,0.0,0.0,0.0,0.0,0.0,Unknown,0.0,0,Rational Spender
USER_346,1.0,1.0,1,0.0,1.0,0.0,1.0,1,0.0,0.0,0.0,0.0,0.0,0.0,0.0,0.0,0.0,0.0,0.0,1.0,0.0,0.0,Unknown,0.5,1,Impulsive Spender
USER_347,12.0,12.0,1,0.0,12.0,0.0,0.0,1,0.0,0.0,0.0,0.0,0.0,0.0,0.0,0.0,0.0,0.0,0.0,0.0,12.0,0.0,Unknown,0.0,0,Rational Spender
USER_348,5.0,5.0,1,0.0,5.0,0.0,0.0,1,0.0,0.0,0.0,0.0,0.0,0.0,0.0,0.0,0.0,0.0,0.0,5.0,0.0,0.0,Unknown,0.0,0,Rational Spender
USER_349,71.0,71.0,1,0.0,71.0,0.0,0.0,1,71.0,0.0,0.0,0.0,0.0,0.0,0.0,0.0,0.0,0.0,0.0,0.0,0.0,0.0,Unknown,0.0,0,Rational Spender
USER_35,1.0,1.0,1,0.0,1.0,0.0,1.0,1,0.0,0.0,0.0,0.0,0.0,0.0,0.0,0.0,0.0,0.0,0.0,1.0,0.0,0.0,Unknown,0.5,1,Impulsive Spender
USER_350,1.0,1.0,1,0.0,1.0,0.0,0.0,1,0.0,0.0,0.0,0.0,0.0,0.0,0.0,0.0,0.0,0.0,0.0,1.0,0.0,0.0,Unknown,0.0,0,Rational Spender
USER_351,6.0,6.0,1,0.0,6.0,1.0,0.0,1,0.0,0.0,0.0,0.0,6.0,0.0,0.0,0.0,0.0,0.0,0.0,0.0,0.0,0.0,Unknown,0.5,0,Rational Spender
USER_352,20.0,20.0,1,0.0,20.0,1.0,0.0,1,0.0,20.0,0.0,0.0,0.0,0.0,0.0,0.0,0.0,0.0,0.0,0.0,0.0,0.0,Unknown,0.5,0,Rational Spender
USER_353,11.0,11.0,1,0.0,11.0,1.0,0.0,1,0.0,0.0,0.0,0.0,0.0,0.0,0.0,0.0,11.0,0.0,0.0,0.0,0.0,0.0,Unknown,0.5,0,Rational Spender
USER_354,5.0,5.0,1,0.0,5.0,1.0,0.0,1,0.0,0.0,0.0,0.0,5.0,0.0,0.0,0.0,0.0,0.0,0.0,0.0,0.0,0.0,Unknown,0.5,0,Rational Spender
USER_355,10.0,10.0,1,0.0,10.0,1.0,0.0,1,0.0,0.0,0.0,0.0,0.0,10.0,0.0,0.0,0.0,0.0,0.0,0.0,0.0,0.0,Unknown,0.5,0,Rational Spender
USER_356,5.0,5.0,1,0.0,5.0,1.0,0.0,1,0.0,0.0,0.0,0.0,5.0,0.0,0.0,0.0,0.0,0.0,0.0,0.0,0.0,0.0,Unknown,0.5,0,Rational Spender
USER_358,22.0,22.0,1,0.0,22.0,0.0,0.0,1,0.0,0.0,0.0,0.0,22.0,0.0,0.0,0.0,0.0,0.0,0.0,0.0,0.0,0.0,Unknown,0.0,0,Rational Spender
USER_359,1.0,1.0,1,0.0,1.0,0.0,0.0,1,0.0,0.0,0.0,0.0,0.0,0.0,0.0,0.0,0.0,0.0,0.0,1.0,0.0,0.0,Unknown,0.0,0,Rational Spender
USER_36,3.0,3.0,1,0.0,3.0,0.0,0.0,1,0.0,3.0,0.0,0.0,0.0,0.0,0.0,0.0,0.0,0.0,0.0,0.0,0.0,0.0,Unknown,0.0,0,Rational Spender
USER_360,5.0,5.0,1,0.0,5.0,0.0,0.0,1,0.0,0.0,0.0,0.0,5.0,0.0,0.0,0.0,0.0,0.0,0.0,0.0,0.0,0.0,Unknown,0.0,0,Rational Spender
USER_361,1.0,1.0,1,0.0,1.0,0.0,0.0,1,0.0,0.0,0.0,0.0,0.0,0.0,0.0,0.0,0.0,0.0,0.0,1.0,0.0,0.0,Unknown,0.0,0,Rational Spender
USER_362,1.0,1.0,1,0.0,1.0,0.0,0.0,1,0.0,0.0,0.0,0.0,0.0,0.0,0.0,0.0,0.0,0.0,0.0,1.0,0.0,0.0,Unknown,0.0,0,Rational Spender
USER_363,11.0,11.0,1,0.0,11.0,0.0,0.0,1,0.0,0.0,0.0,0.0,11.0,0.0,0.0,0.0,0.0,0.0,0.0,0.0,0.0,0.0,Unknown,0.0,0,Rational Spender
USER_364,1.0,1.0,1,0.0,1.0,0.0,1.0,1,0.0,0.0,0.0,0.0,0.0,0.0,0.0,0.0,0.0,0.0,0.0,1.0,0.0,0.0,Unknown,0.5,1,Impulsive Spender
USER_365,1.0,1.0,1,0.0,1.0,0.0,1.0,1,0.0,0.0,0.0,0.0,0.0,0.0,0.0,0.0,0.0,0.0,0.0,1.0,0.0,0.0,Unknown,0.5,1,Impulsive Spender
USER_366,1.0,1.0,1,0.0,1.0,0.0,0.0,1,0.0,0.0,0.0,0.0,0.0,0.0,0.0,0.0,0.0,0.0,0.0,1.0,0.0,0.0,Unknown,0.0,0,Rational Spender
USER_367,1.0,1.0,1,0.0,1.0,0.0,0.0,1,0.0,0.0,0.0,0.0,0.0,0.0,0.0,0.0,0.0,0.0,0.0,1.0,0.0,0.0,Unknown,0.0,0,Rational Spender
USER_368,1.0,1.0,1,0.0,1.0,0.0,0.0,1,0.0,0.0,0.0,0.0,0.0,0.0,0.0,0.0,0.0,0.0,0.0,1.0,0.0,0.0,Unknown,0.0,0,Rational Spender
USER_369,1.0,1.0,1,0.0,1.0,0.0,0.0,1,0.0,0.0,0.0,0.0,0.0,0.0,0.0,0.0,0.0,0.0,0.0,1.0,0.0,0.0,Unknown,0.0,0,Rational Spender
USER_37,2.0,2.0,1,0.0,2.0,0.0,0.0,1,0.0,2.0,0.0,0.0,0.0,0.0,0.0,0.0,0.0,0.0,0.0,0.0,0.0,0.0,Unknown,0.0,0,Rational Spender
USER_370,25.0,25.0,1,0.0,25.0,0.0,0.0,1,0.0,0.0,0.0,0.0,0.0,0.0,0.0,0.0,25.0,0.0,0.0,0.0,0.0,0.0,Unknown,0.0,0,Rational Spender
USER_371,5.0,5.0,1,0.0,5.0,0.0,1.0,1,0.0,0.0,0.0,0.0,5.0,0.0,0.0,0.0,0.0,0.0,0.0,0.0,0.0,0.0,Unknown,0.5,1,Impulsive Spender
USER_372,5.0,5.0,1,0.0,5.0,0.0,0.0,1,0.0,0.0,0.0,0.0,0.0,0.0,0.0,0.0,0.0,0.0,0.0,5.0,0.0,0.0,Unknown,0.0,0,Rational Spender
USER_373,4.0,4.0,1,0.0,4.0,0.0,0.0,1,0.0,0.0,0.0,0.0,4.0,0.0,0.0,0.0,0.0,0.0,0.0,0.0,0.0,0.0,Unknown,0.0,0,Rational Spender
USER_374,2.0,2.0,1,0.0,2.0,0.0,0.0,1,0.0,0.0,0.0,0.0,2.0,0.0,0.0,0.0,0.0,0.0,0.0,0.0,0.0,0.0,Unknown,0.0,0,Rational Spender
USER_375,10.0,10.0,1,0.0,10.0,0.0,0.0,1,0.0,0.0,0.0,0.0,10.0,0.0,0.0,0.0,0.0,0.0,0.0,0.0,0.0,0.0,Unknown,0.0,0,Rational Spender
USER_376,2.0,2.0,1,0.0,2.0,0.0,0.0,1,0.0,0.0,0.0,0.0,2.0,0.0,0.0,0.0,0.0,0.0,0.0,0.0,0.0,0.0,Unknown,0.0,0,Rational Spender
USER_377,59.0,59.0,1,0.0,59.0,0.0,0.0,1,0.0,0.0,0.0,0.0,0.0,0.0,0.0,0.0,0.0,59.0,0.0,0.0,0.0,0.0,Unknown,0.0,0,Rational Spender
USER_378,3.0,3.0,1,0.0,3.0,0.0,0.0,1,0.0,0.0,0.0,0.0,0.0,0.0,0.0,0.0,0.0,0.0,0.0,3.0,0.0,0.0,Unknown,0.0,0,Rational Spender
USER_379,5.0,5.0,1,0.0,5.0,0.0,0.0,1,0.0,0.0,0.0,0.0,5.0,0.0,0.0,0.0,0.0,0.0,0.0,0.0,0.0,0.0,Unknown,0.0,0,Rational Spender
USER_38,1.0,1.0,1,0.0,1.0,0.0,0.0,1,0.0,0.0,0.0,0.0,0.0,0.0,0.0,0.0,0.0,0.0,0.0,1.0,0.0,0.0,Unknown,0.0,0,Rational Spender
USER_380,5.0,5.0,1,0.0,5.0,0.0,1.0,1,0.0,0.0,0.0,0.0,0.0,0.0,0.0,0.0,0.0,0.0,0.0,0.0,5.0,0.0,Unknown,0.5,1,Impulsive Spender
USER_381,9.0,9.0,1,0.0,9.0,1.0,0.0,1,0.0,9.0,0.0,0.0,0.0,0.0,0.0,0.0,0.0,0.0,0.0,0.0,0.0,0.0,Unknown,0.5,0,Rational Spender
USER_382,5.0,5.0,1,0.0,5.0,1.0,0.0,1,0.0,5.0,0.0,0.0,0.0,0.0,0.0,0.0,0.0,0.0,0.0,0.0,0.0,0.0,Unknown,0.5,0,Rational Spender
USER_383,34.0,34.0,1,0.0,34.0,1.0,0.0,1,0.0,34.0,0.0,0.0,0.0,0.0,0.0,0.0,0.0,0.0,0.0,0.0,0.0,0.0,Unknown,0.5,0,Rational Spender
USER_384,18.0,18.0,1,0.0,18.0,1.0,0.0,1,0.0,18.0,0.0,0.0,0.0,0.0,0.0,0.0,0.0,0.0,0.0,0.0,0.0,0.0,Unknown,0.5,0,Rational Spender
USER_385,5.0,5.0,1,0.0,5.0,0.0,0.0,1,0.0,0.0,0.0,0.0,5.0,0.0,0.0,0.0,0.0,0.0,0.0,0.0,0.0,0.0,Unknown,0.0,0,Rational Spender
USER_386,1.0,1.0,1,0.0,1.0,0.0,0.0,1,0.0,0.0,0.0,0.0,0.0,0.0,0.0,0.0,0.0,0.0,0.0,1.0,0.0,0.0,Unknown,0.0,0,Rational Spender
USER_387,31.0,31.0,1,0.0,31.0,0.0,0.0,1,0.0,0.0,0.0,0.0,0.0,0.0,31.0,0.0,0.0,0.0,0.0,0.0,0.0,0.0,Unknown,0.0,0,Rational Spender
USER_388,1.0,1.0,1,0.0,1.0,0.0,1.0,1,0.0,0.0,0.0,0.0,0.0,0.0,0.0,0.0,0.0,0.0,0.0,1.0,0.0,0.0,Unknown,0.5,1,Impulsive Spender
USER_389,14.0,14.0,1,0.0,14.0,0.0,0.0,1,0.0,0.0,0.0,0.0,14.0,0.0,0.0,0.0,0.0,0.0,0.0,0.0,0.0,0.0,Unknown,0.0,0,Rational Spender
USER_39,2.0,2.0,1,0.0,2.0,1.0,0.0,1,0.0,0.0,0.0,0.0,0.0,0.0,0.0,0.0,0.0,0.0,0.0,2.0,0.0,0.0,Unknown,0.5,0,Rational Spender
USER_390,10.0,10.0,1,0.0,10.0,0.0,0.0,1,0.0,0.0,0.0,0.0,0.0,0.0,0.0,0.0,10.0,0.0,0.0,0.0,0.0,0.0,Unknown,0.0,0,Rational Spender
USER_391,1.0,1.0,1,0.0,1.0,0.0,0.0,1,0.0,0.0,0.0,0.0,0.0,0.0,0.0,0.0,0.0,0.0,0.0,1.0,0.0,0.0,Unknown,0.0,0,Rational Spender
USER_392,1.0,1.0,1,0.0,1.0,0.0,0.0,1,0.0,0.0,0.0,0.0,0.0,0.0,0.0,0.0,0.0,0.0,0.0,1.0,0.0,0.0,Unknown,0.0,0,Rational Spender
USER_394,12.0,12.0,1,0.0,12.0,0.0,0.0,1,0.0,0.0,0.0,0.0,0.0,0.0,12.0,0.0,0.0,0.0,0.0,0.0,0.0,0.0,Unknown,0.0,0,Rational Spender
USER_395,16.0,16.0,1,0.0,16.0,0.0,0.0,1,0.0,0.0,0.0,0.0,16.0,0.0,0.0,0.0,0.0,0.0,0.0,0.0,0.0,0.0,Unknown,0.0,0,Rational Spender
USER_396,2.0,2.0,1,0.0,2.0,0.0,0.0,1,0.0,0.0,0.0,0.0,0.0,0.0,0.0,0.0,0.0,0.0,0.0,2.0,0.0,0.0,Unknown,0.0,0,Rational Spender
USER_398,6.0,6.0,1,0.0,6.0,0.0,0.0,1,0.0,0.0,0.0,0.0,6.0,0.0,0.0,0.0,0.0,0.0,0.0,0.0,0.0,0.0,Unknown,0.0,0,Rational Spender
USER_399,1.0,1.0,1,0.0,1.0,0.0,0.0,1,0.0,0.0,0.0,0.0,0.0,0.0,0.0,0.0,0.0,0.0,0.0,1.0,0.0,0.0,Unknown,0.0,0,Rational Spender
USER_4,1.0,1.0,1,0.0,1.0,0.0,0.0,1,0.0,0.0,0.0,0.0,0.0,0.0,0.0,0.0,0.0,0.0,0.0,1.0,0.0,0.0,Unknown,0.0,0,Rational Spender
USER_40,3.0,3.0,1,0.0,3.0,1.0,1.0,1,0.0,0.0,0.0,0.0,3.0,0.0,0.0,0.0,0.0,0.0,0.0,0.0,0.0,0.0,Unknown,1.0,1,Impulsive Spender
USER_400,27.0,27.0,1,0.0,27.0,0.0,0.0,1,0.0,0.0,0.0,0.0,27.0,0.0,0.0,0.0,0.0,0.0,0.0,0.0,0.0,0.0,Unknown,0.0,0,Rational Spender
USER_401,4.0,4.0,1,0.0,4.0,0.0,0.0,1,0.0,0.0,0.0,0.0,4.0,0.0,0.0,0.0,0.0,0.0,0.0,0.0,0.0,0.0,Unknown,0.0,0,Rational Spender
USER_402,1.0,1.0,1,0.0,1.0,0.0,0.0,1,0.0,0.0,0.0,0.0,0.0,0.0,0.0,0.0,0.0,0.0,0.0,1.0,0.0,0.0,Unknown,0.0,0,Rational Spender
USER_403,1.0,1.0,1,0.0,1.0,0.0,1.0,1,0.0,0.0,0.0,0.0,1.0,0.0,0.0,0.0,0.0,0.0,0.0,0.0,0.0,0.0,Unknown,0.5,1,Impulsive Spender
USER_404,1.0,1.0,1,0.0,1.0,0.0,0.0,1,0.0,0.0,0.0,0.0,0.0,0.0,0.0,0.0,0.0,0.0,0.0,1.0,0.0,0.0,Unknown,0.0,0,Rational Spender
USER_405,3.0,3.0,1,0.0,3.0,0.0,1.0,1,0.0,0.0,0.0,0.0,3.0,0.0,0.0,0.0,0.0,0.0,0.0,0.0,0.0,0.0,Unknown,0.5,1,Impulsive Spender
USER_406,11.0,11.0,1,0.0,11.0,0.0,0.0,1,0.0,0.0,0.0,0.0,0.0,0.0,0.0,0.0,11.0,0.0,0.0,0.0,0.0,0.0,Unknown,0.0,0,Rational Spender
USER_407,14.0,14.0,1,0.0,14.0,1.0,0.0,1,0.0,0.0,0.0,0.0,0.0,0.0,0.0,0.0,0.0,0.0,0.0,0.0,14.0,0.0,Unknown,0.5,0,Rational Spender
USER_408,2.0,2.0,1,0.0,2.0,1.0,0.0,1,0.0,0.0,0.0,0.0,0.0,0.0,0.0,0.0,0.0,0.0,0.0,2.0,0.0,0.0,Unknown,0.5,0,Rational Spender
USER_409,64.0,64.0,1,0.0,64.0,1.0,1.0,1,0.0,0.0,0.0,0.0,0.0,0.0,0.0,64.0,0.0,0.0,0.0,0.0,0.0,0.0,Unknown,1.0,1,Impulsive Spender
USER_41,1.0,1.0,1,0.0,1.0,1.0,0.0,1,0.0,0.0,0.0,0.0,0.0,0.0,0.0,0.0,0.0,0.0,0.0,1.0,0.0,0.0,Unknown,0.5,0,Rational Spender
USER_410,8.0,8.0,1,0.0,8.0,1.0,0.0,1,0.0,8.0,0.0,0.0,0.0,0.0,0.0,0.0,0.0,0.0,0.0,0.0,0.0,0.0,Unknown,0.5,0,Rational Spender
USER_411,10.0,10.0,1,0.0,10.0,1.0,0.0,1,0.0,0.0,0.0,0.0,10.0,0.0,0.0,0.0,0.0,0.0,0.0,0.0,0.0,0.0,Unknown,0.5,0,Rational Spender
USER_412,11.0,11.0,1,0.0,11.0,1.0,1.0,1,0.0,0.0,0.0,0.0,0.0,0.0,0.0,0.0,11.0,0.0,0.0,0.0,0.0,0.0,Unknown,1.0,1,Impulsive Spender
USER_413,40.0,40.0,1,0.0,40.0,1.0,0.0,1,0.0,0.0,0.0,0.0,40.0,0.0,0.0,0.0,0.0,0.0,0.0,0.0,0.0,0.0,Unknown,0.5,0,Rational Spender
USER_414,11.0,11.0,1,0.0,11.0,1.0,0.0,1,0.0,0.0,0.0,0.0,0.0,0.0,0.0,11.0,0.0,0.0,0.0,0.0,0.0,0.0,Unknown,0.5,0,Rational Spender
USER_415,1.0,1.0,1,0.0,1.0,0.0,0.0,1,0.0,0.0,0.0,0.0,0.0,0.0,0.0,0.0,0.0,0.0,0.0,1.0,0.0,0.0,Unknown,0.0,0,Rational Spender
USER_416,1.0,1.0,1,0.0,1.0,0.0,0.0,1,0.0,0.0,0.0,0.0,0.0,0.0,0.0,0.0,0.0,0.0,0.0,1.0,0.0,0.0,Unknown,0.0,0,Rational Spender
USER_417,36.0,36.0,1,0.0,36.0,0.0,0.0,1,0.0,0.0,0.0,0.0,0.0,0.0,36.0,0.0,0.0,0.0,0.0,0.0,0.0,0.0,Unknown,0.0,0,Rational Spender
USER_418,1.0,1.0,1,0.0,1.0,0.0,0.0,1,0.0,0.0,0.0,0.0,0.0,0.0,0.0,0.0,0.0,0.0,0.0,1.0,0.0,0.0,Unknown,0.0,0,Rational Spender
USER_419,24.0,24.0,1,0.0,24.0,0.0,0.0,1,0.0,0.0,0.0,24.0,0.0,0.0,0.0,0.0,0.0,0.0,0.0,0.0,0.0,0.0,Unknown,0.0,0,Rational Spender
USER_42,3.0,3.0,1,0.0,3.0,1.0,0.0,1,0.0,0.0,0.0,0.0,3.0,0.0,0.0,0.0,0.0,0.0,0.0,0.0,0.0,0.0,Unknown,0.5,0,Rational Spender
USER_420,4.0,4.0,1,0.0,4.0,0.0,0.0,1,0.0,0.0,0.0,0.0,4.0,0.0,0.0,0.0,0.0,0.0,0.0,0.0,0.0,0.0,Unknown,0.0,0,Rational Spender
USER_421,21.0,21.0,1,0.0,21.0,0.0,1.0,1,0.0,0.0,0.0,0.0,0.0,0.0,0.0,0.0,0.0,0.0,0.0,0.0,21.0,0.0,Unknown,0.5,1,Impulsive Spender
USER_422,1.0,1.0,1,0.0,1.0,0.0,0.0,1,0.0,0.0,0.0,0.0,0.0,0.0,0.0,0.0,0.0,0.0,0.0,1.0,0.0,0.0,Unknown,0.0,0,Rational Spender
USER_423,1.0,1.0,1,0.0,1.0,0.0,0.0,1,0.0,0.0,0.0,0.0,0.0,0.0,0.0,0.0,0.0,0.0,0.0,1.0,0.0,0.0,Unknown,0.0,0,Rational Spender
USER_424,1.0,1.0,1,0.0,1.0,0.0,1.0,1,0.0,0.0,0.0,0.0,0.0,0.0,0.0,0.0,0.0,0.0,0.0,1.0,0.0,0.0,Unknown,0.5,1,Impulsive Spender
USER_425,1.0,1.0,1,0.0,1.0,0.0,0.0,1,0.0,0.0,0.0,0.0,0.0,0.0,0.0,0.0,0.0,0.0,0.0,1.0,0.0,0.0,Unknown,0.0,0,Rational Spender
USER_426,36.0,36.0,1,0.0,36.0,1.0,0.0,1,0.0,0.0,0.0,0.0,0.0,36.0,0.0,0.0,0.0,0.0,0.0,0.0,0.0,0.0,Unknown,0.5,0,Rational Spender
USER_427,12.0,12.0,1,0.0,12.0,1.0,1.0,1,0.0,0.0,0.0,0.0,12.0,0.0,0.0,0.0,0.0,0.0,0.0,0.0,0.0,0.0,Unknown,1.0,1,Impulsive Spender
USER_428,4.0,4.0,1,0.0,4.0,1.0,0.0,1,0.0,0.0,0.0,0.0,4.0,0.0,0.0,0.0,0.0,0.0,0.0,0.0,0.0,0.0,Unknown,0.5,0,Rational Spender
USER_429,5.0,5.0,1,0.0,5.0,1.0,1.0,1,0.0,0.0,0.0,0.0,5.0,0.0,0.0,0.0,0.0,0.0,0.0,0.0,0.0,0.0,Unknown,1.0,1,Impulsive Spender
USER_43,3.0,3.0,1,0.0,3.0,1.0,0.0,1,0.0,3.0,0.0,0.0,0.0,0.0,0.0,0.0,0.0,0.0,0.0,0.0,0.0,0.0,Unknown,0.5,0,Rational Spender
USER_430,4.0,4.0,1,0.0,4.0,0.0,1.0,1,0.0,0.0,0.0,0.0,0.0,4.0,0.0,0.0,0.0,0.0,0.0,0.0,0.0,0.0,Unknown,0.5,1,Impulsive Spender
USER_431,1.0,1.0,1,0.0,1.0,0.0,0.0,1,0.0,0.0,0.0,0.0,0.0,0.0,0.0,0.0,0.0,0.0,0.0,1.0,0.0,0.0,Unknown,0.0,0,Rational Spender
USER_432,1.0,1.0,1,0.0,1.0,0.0,1.0,1,0.0,1.0,0.0,0.0,0.0,0.0,0.0,0.0,0.0,0.0,0.0,0.0,0.0,0.0,Unknown,0.5,1,Impulsive Spender
USER_433,27.0,27.0,1,0.0,27.0,0.0,0.0,1,0.0,0.0,0.0,0.0,27.0,0.0,0.0,0.0,0.0,0.0,0.0,0.0,0.0,0.0,Unknown,0.0,0,Rational Spender
USER_434,1.0,1.0,1,0.0,1.0,0.0,1.0,1,0.0,0.0,0.0,0.0,0.0,0.0,0.0,0.0,0.0,0.0,0.0,1.0,0.0,0.0,Unknown,0.5,1,Impulsive Spender
USER_435,1.0,1.0,1,0.0,1.0,0.0,0.0,1,0.0,0.0,0.0,0.0,0.0,0.0,0.0,0.0,0.0,0.0,0.0,1.0,0.0,0.0,Unknown,0.0,0,Rational Spender
USER_436,5.0,5.0,1,0.0,5.0,0.0,0.0,1,0.0,0.0,0.0,0.0,5.0,0.0,0.0,0.0,0.0,0.0,0.0,0.0,0.0,0.0,Unknown,0.0,0,Rational Spender
USER_437,1.0,1.0,1,0.0,1.0,0.0,0.0,1,0.0,0.0,0.0,0.0,0.0,0.0,0.0,0.0,0.0,0.0,0.0,1.0,0.0,0.0,Unknown,0.0,0,Rational Spender
USER_438,14.0,14.0,1,0.0,14.0,0.0,0.0,1,0.0,14.0,0.0,0.0,0.0,0.0,0.0,0.0,0.0,0.0,0.0,0.0,0.0,0.0,Unknown,0.0,0,Rational Spender
USER_439,4.0,4.0,1,0.0,4.0,0.0,1.0,1,0.0,4.0,0.0,0.0,0.0,0.0,0.0,0.0,0.0,0.0,0.0,0.0,0.0,0.0,Unknown,0.5,1,Impulsive Spender
USER_44,1.0,1.0,1,0.0,1.0,1.0,0.0,1,0.0,0.0,0.0,0.0,0.0,0.0,0.0,0.0,0.0,0.0,0.0,1.0,0.0,0.0,Unknown,0.5,0,Rational Spender
USER_440,1.0,1.0,1,0.0,1.0,0.0,0.0,1,0.0,1.0,0.0,0.0,0.0,0.0,0.0,0.0,0.0,0.0,0.0,0.0,0.0,0.0,Unknown,0.0,0,Rational Spender
USER_441,10.0,10.0,1,0.0,10.0,0.0,0.0,1,0.0,10.0,0.0,0.0,0.0,0.0,0.0,0.0,0.0,0.0,0.0,0.0,0.0,0.0,Unknown,0.0,0,Rational Spender
USER_442,32.0,32.0,1,0.0,32.0,0.0,0.0,1,0.0,0.0,0.0,0.0,0.0,0.0,0.0,32.0,0.0,0.0,0.0,0.0,0.0,0.0,Unknown,0.0,0,Rational Spender
USER_443,1.0,1.0,1,0.0,1.0,0.0,0.0,1,0.0,0.0,0.0,0.0,0.0,0.0,0.0,0.0,0.0,0.0,0.0,1.0,0.0,0.0,Unknown,0.0,0,Rational Spender
USER_444,9.0,9.0,1,0.0,9.0,0.0,0.0,1,0.0,0.0,0.0,0.0,0.0,0.0,0.0,0.0,0.0,0.0,0.0,0.0,9.0,0.0,Unknown,0.0,0,Rational Spender
USER_445,17.0,17.0,1,0.0,17.0,0.0,0.0,1,0.0,0.0,0.0,0.0,0.0,0.0,0.0,0.0,0.0,0.0,0.0,0.0,17.0,0.0,Unknown,0.0,0,Rational Spender
USER_446,3.0,3.0,1,0.0,3.0,0.0,0.0,1,0.0,3.0,0.0,0.0,0.0,0.0,0.0,0.0,0.0,0.0,0.0,0.0,0.0,0.0,Unknown,0.0,0,Rational Spender
USER_447,10.0,10.0,1,0.0,10.0,0.0,0.0,1,0.0,10.0,0.0,0.0,0.0,0.0,0.0,0.0,0.0,0.0,0.0,0.0,0.0,0.0,Unknown,0.0,0,Rational Spender
USER_448,6.0,6.0,1,0.0,6.0,1.0,0.0,1,0.0,0.0,0.0,0.0,6.0,0.0,0.0,0.0,0.0,0.0,0.0,0.0,0.0,0.0,Unknown,0.5,0,Rational Spender
USER_449,1.0,1.0,1,0.0,1.0,1.0,0.0,1,0.0,0.0,0.0,0.0,1.0,0.0,0.0,0.0,0.0,0.0,0.0,0.0,0.0,0.0,Unknown,0.5,0,Rational Spender
USER_45,1.0,1.0,1,0.0,1.0,0.0,0.0,1,0.0,0.0,0.0,0.0,0.0,0.0,0.0,0.0,0.0,0.0,0.0,1.0,0.0,0.0,Unknown,0.0,0,Rational Spender
USER_450,11.0,11.0,1,0.0,11.0,1.0,1.0,1,0.0,0.0,0.0,0.0,11.0,0.0,0.0,0.0,0.0,0.0,0.0,0.0,0.0,0.0,Unknown,1.0,1,Impulsive Spender
USER_451,28.0,28.0,1,0.0,28.0,1.0,0.0,1,0.0,0.0,0.0,0.0,0.0,0.0,0.0,0.0,28.0,0.0,0.0,0.0,0.0,0.0,Unknown,0.5,0,Rational Spender
USER_452,23.0,23.0,1,0.0,23.0,1.0,1.0,1,0.0,0.0,0.0,0.0,23.0,0.0,0.0,0.0,0.0,0.0,0.0,0.0,0.0,0.0,Unknown,1.0,1,Impulsive Spender
USER_453,17.0,17.0,1,0.0,17.0,1.0,0.0,1,0.0,0.0,0.0,0.0,0.0,0.0,0.0,0.0,0.0,17.0,0.0,0.0,0.0,0.0,Unknown,0.5,0,Rational Spender
USER_454,11.0,11.0,1,0.0,11.0,1.0,1.0,1,0.0,0.0,0.0,0.0,0.0,0.0,0.0,0.0,0.0,0.0,0.0,0.0,11.0,0.0,Unknown,1.0,1,Impulsive Spender
USER_455,5.0,5.0,1,0.0,5.0,1.0,1.0,1,0.0,0.0,0.0,0.0,5.0,0.0,0.0,0.0,0.0,0.0,0.0,0.0,0.0,0.0,Unknown,1.0,1,Impulsive Spender
USER_456,15.0,15.0,1,0.0,15.0,0.0,0.0,1,0.0,0.0,0.0,0.0,15.0,0.0,0.0,0.0,0.0,0.0,0.0,0.0,0.0,0.0,Unknown,0.0,0,Rational Spender
USER_457,1.0,1.0,1,0.0,1.0,0.0,0.0,1,0.0,0.0,0.0,0.0,0.0,0.0,0.0,0.0,0.0,0.0,0.0,1.0,0.0,0.0,Unknown,0.0,0,Rational Spender
USER_458,2.0,2.0,1,0.0,2.0,0.0,0.0,1,0.0,0.0,0.0,0.0,0.0,0.0,0.0,0.0,0.0,0.0,0.0,2.0,0.0,0.0,Unknown,0.0,0,Rational Spender
USER_459,1.0,1.0,1,0.0,1.0,0.0,1.0,1,0.0,0.0,0.0,0.0,0.0,0.0,0.0,0.0,0.0,0.0,0.0,1.0,0.0,0.0,Unknown,0.5,1,Impulsive Spender
USER_46,23.0,23.0,1,0.0,23.0,0.0,1.0,1,0.0,0.0,0.0,0.0,0.0,0.0,0.0,0.0,0.0,23.0,0.0,0.0,0.0,0.0,Unknown,0.5,1,Impulsive Spender
USER_460,21.0,21.0,1,0.0,21.0,0.0,0.0,1,0.0,0.0,0.0,0.0,0.0,0.0,0.0,0.0,21.0,0.0,0.0,0.0,0.0,0.0,Unknown,0.0,0,Rational Spender
USER_461,9.0,9.0,1,0.0,9.0,0.0,0.0,1,0.0,9.0,0.0,0.0,0.0,0.0,0.0,0.0,0.0,0.0,0.0,0.0,0.0,0.0,Unknown,0.0,0,Rational Spender
USER_462,1.0,1.0,1,0.0,1.0,0.0,0.0,1,0.0,0.0,0.0,0.0,0.0,0.0,0.0,0.0,0.0,0.0,0.0,1.0,0.0,0.0,Unknown,0.0,0,Rational Spender
USER_463,59.0,59.0,1,0.0,59.0,0.0,0.0,1,0.0,0.0,0.0,0.0,0.0,59.0,0.0,0.0,0.0,0.0,0.0,0.0,0.0,0.0,Unknown,0.0,0,Rational Spender
USER_464,5.0,5.0,1,0.0,5.0,0.0,0.0,1,0.0,0.0,0.0,0.0,5.0,0.0,0.0,0.0,0.0,0.0,0.0,0.0,0.0,0.0,Unknown,0.0,0,Rational Spender
USER_465,1.0,1.0,1,0.0,1.0,0.0,0.0,1,0.0,0.0,0.0,0.0,0.0,0.0,0.0,0.0,0.0,0.0,0.0,1.0,0.0,0.0,Unknown,0.0,0,Rational Spender
USER_466,4.0,4.0,1,0.0,4.0,0.0,0.0,1,0.0,0.0,0.0,0.0,4.0,0.0,0.0,0.0,0.0,0.0,0.0,0.0,0.0,0.0,Unknown,0.0,0,Rational Spender
USER_467,1.0,1.0,1,0.0,1.0,0.0,1.0,1,0.0,0.0,0.0,0.0,0.0,0.0,0.0,0.0,0.0,0.0,0.0,1.0,0.0,0.0,Unknown,0.5,1,Impulsive Spender
USER_468,1.0,1.0,1,0.0,1.0,0.0,0.0,1,0.0,0.0,0.0,0.0,0.0,0.0,0.0,0.0,0.0,0.0,0.0,1.0,0.0,0.0,Unknown,0.0,0,Rational Spender
USER_469,4.0,4.0,1,0.0,4.0,0.0,1.0,1,0.0,0.0,0.0,0.0,4.0,0.0,0.0,0.0,0.0,0.0,0.0,0.0,0.0,0.0,Unknown,0.5,1,Impulsive Spender
USER_47,4.0,4.0,1,0.0,4.0,0.0,0.0,1,0.0,4.0,0.0,0.0,0.0,0.0,0.0,0.0,0.0,0.0,0.0,0.0,0.0,0.0,Unknown,0.0,0,Rational Spender
USER_470,6.0,6.0,1,0.0,6.0,0.0,0.0,1,0.0,0.0,0.0,0.0,6.0,0.0,0.0,0.0,0.0,0.0,0.0,0.0,0.0,0.0,Unknown,0.0,0,Rational Spender
USER_471,21.0,21.0,1,0.0,21.0,0.0,0.0,1,0.0,21.0,0.0,0.0,0.0,0.0,0.0,0.0,0.0,0.0,0.0,0.0,0.0,0.0,Unknown,0.0,0,Rational Spender
USER_472,1.0,1.0,1,0.0,1.0,0.0,0.0,1,0.0,0.0,0.0,0.0,0.0,0.0,0.0,0.0,0.0,0.0,0.0,1.0,0.0,0.0,Unknown,0.0,0,Rational Spender
USER_473,8.0,8.0,1,0.0,8.0,0.0,0.0,1,0.0,0.0,0.0,0.0,8.0,0.0,0.0,0.0,0.0,0.0,0.0,0.0,0.0,0.0,Unknown,0.0,0,Rational Spender
USER_474,1.0,1.0,1,0.0,1.0,0.0,0.0,1,0.0,0.0,0.0,0.0,0.0,0.0,0.0,0.0,0.0,0.0,0.0,1.0,0.0,0.0,Unknown,0.0,0,Rational Spender
USER_475,17.0,17.0,1,0.0,17.0,1.0,0.0,1,0.0,0.0,0.0,0.0,17.0,0.0,0.0,0.0,0.0,0.0,0.0,0.0,0.0,0.0,Unknown,0.5,0,Rational Spender
USER_476,11.0,11.0,1,0.0,11.0,1.0,0.0,1,0.0,0.0,0.0,0.0,0.0,0.0,0.0,0.0,11.0,0.0,0.0,0.0,0.0,0.0,Unknown,0.5,0,Rational Spender
USER_477,20.0,20.0,1,0.0,20.0,1.0,0.0,1,0.0,20.0,0.0,0.0,0.0,0.0,0.0,0.0,0.0,0.0,0.0,0.0,0.0,0.0,Unknown,0.5,0,Rational Spender
USER_478,1.0,1.0,1,0.0,1.0,1.0,0.0,1,0.0,0.0,0.0,0.0,0.0,0.0,0.0,0.0,0.0,0.0,0.0,1.0,0.0,0.0,Unknown,0.5,0,Rational Spender
USER_479,6.0,6.0,1,0.0,6.0,1.0,0.0,1,0.0,0.0,0.0,0.0,6.0,0.0,0.0,0.0,0.0,0.0,0.0,0.0,0.0,0.0,Unknown,0.5,0,Rational Spender
USER_48,2.0,2.0,1,0.0,2.0,0.0,0.0,1,0.0,0.0,0.0,0.0,0.0,0.0,0.0,0.0,0.0,0.0,0.0,2.0,0.0,0.0,Unknown,0.0,0,Rational Spender
USER_480,18.0,18.0,1,0.0,18.0,0.0,0.0,1,0.0,0.0,0.0,0.0,0.0,0.0,0.0,0.0,0.0,0.0,0.0,0.0,18.0,0.0,Unknown,0.0,0,Rational Spender
USER_481,5.0,5.0,1,0.0,5.0,0.0,0.0,1,0.0,0.0,0.0,0.0,5.0,0.0,0.0,0.0,0.0,0.0,0.0,0.0,0.0,0.0,Unknown,0.0,0,Rational Spender
USER_482,1.0,1.0,1,0.0,1.0,0.0,1.0,1,0.0,0.0,0.0,0.0,0.0,0.0,0.0,0.0,0.0,0.0,0.0,1.0,0.0,0.0,Unknown,0.5,1,Impulsive Spender
USER_483,1.0,1.0,1,0.0,1.0,0.0,0.0,1,0.0,0.0,0.0,0.0,0.0,0.0,0.0,0.0,0.0,0.0,0.0,1.0,0.0,0.0,Unknown,0.0,0,Rational Spender
USER_484,1.0,1.0,1,0.0,1.0,0.0,0.0,1,0.0,0.0,0.0,0.0,0.0,0.0,0.0,0.0,0.0,0.0,0.0,1.0,0.0,0.0,Unknown,0.0,0,Rational Spender
USER_485,11.0,11.0,1,0.0,11.0,0.0,0.0,1,0.0,11.0,0.0,0.0,0.0,0.0,0.0,0.0,0.0,0.0,0.0,0.0,0.0,0.0,Unknown,0.0,0,Rational Spender
USER_486,1.0,1.0,1,0.0,1.0,0.0,0.0,1,0.0,0.0,0.0,0.0,0.0,0.0,0.0,0.0,0.0,0.0,0.0,1.0,0.0,0.0,Unknown,0.0,0,Rational Spender
USER_487,1.0,1.0,1,0.0,1.0,0.0,0.0,1,0.0,0.0,0.0,0.0,0.0,0.0,0.0,0.0,0.0,0.0,0.0,1.0,0.0,0.0,Unknown,0.0,0,Rational Spender
USER_488,6.0,6.0,1,0.0,6.0,0.0,1.0,1,0.0,0.0,0.0,0.0,6.0,0.0,0.0,0.0,0.0,0.0,0.0,0.0,0.0,0.0,Unknown,0.5,1,Impulsive Spender
USER_489,1.0,1.0,1,0.0,1.0,0.0,0.0,1,0.0,0.0,0.0,0.0,0.0,0.0,0.0,0.0,0.0,0.0,0.0,1.0,0.0,0.0,Unknown,0.0,0,Rational Spender
USER_49,1.0,1.0,1,0.0,1.0,0.0,0.0,1,0.0,0.0,0.0,0.0,0.0,0.0,0.0,0.0,0.0,0.0,0.0,1.0,0.0,0.0,Unknown,0.0,0,Rational Spender
USER_490,1.0,1.0,1,0.0,1.0,0.0,1.0,1,0.0,0.0,0.0,0.0,0.0,0.0,0.0,0.0,0.0,0.0,0.0,1.0,0.0,0.0,Unknown,0.5,1,Impulsive Spender
USER_491,5.0,5.0,1,0.0,5.0,0.0,0.0,1,0.0,0.0,0.0,0.0,5.0,0.0,0.0,0.0,0.0,0.0,0.0,0.0,0.0,0.0,Unknown,0.0,0,Rational Spender
USER_492,16.0,16.0,1,0.0,16.0,0.0,0.0,1,0.0,0.0,0.0,0.0,0.0,0.0,0.0,0.0,0.0,0.0,0.0,0.0,16.0,0.0,Unknown,0.0,0,Rational Spender
USER_493,4.0,4.0,1,0.0,4.0,0.0,0.0,1,0.0,4.0,0.0,0.0,0.0,0.0,0.0,0.0,0.0,0.0,0.0,0.0,0.0,0.0,Unknown,0.0,0,Rational Spender
USER_494,2.0,2.0,1,0.0,2.0,0.0,1.0,1,0.0,0.0,0.0,0.0,0.0,0.0,0.0,0.0,0.0,0.0,0.0,2.0,0.0,0.0,Unknown,0.5,1,Impulsive Spender
USER_495,16.0,16.0,1,0.0,16.0,0.0,0.0,1,0.0,16.0,0.0,0.0,0.0,0.0,0.0,0.0,0.0,0.0,0.0,0.0,0.0,0.0,Unknown,0.0,0,Rational Spender
USER_496,8.0,8.0,1,0.0,8.0,1.0,0.0,1,0.0,0.0,0.0,0.0,0.0,0.0,0.0,0.0,8.0,0.0,0.0,0.0,0.0,0.0,Unknown,0.5,0,Rational Spender
USER_497,25.0,25.0,1,0.0,25.0,1.0,0.0,1,0.0,0.0,0.0,0.0,0.0,0.0,25.0,0.0,0.0,0.0,0.0,0.0,0.0,0.0,Unknown,0.5,0,Rational Spender
USER_498,2.0,2.0,1,0.0,2.0,0.0,1.0,1,0.0,0.0,0.0,0.0,2.0,0.0,0.0,0.0,0.0,0.0,0.0,0.0,0.0,0.0,Unknown,0.5,1,Impulsive Spender
USER_499,1.0,1.0,1,0.0,1.0,0.0,0.0,1,0.0,0.0,0.0,0.0,0.0,0.0,0.0,0.0,0.0,0.0,0.0,1.0,0.0,0.0,Unknown,0.0,0,Rational Spender
USER_5,2.0,2.0,1,0.0,2.0,0.0,0.0,1,0.0,2.0,0.0,0.0,0.0,0.0,0.0,0.0,0.0,0.0,0.0,0.0,0.0,0.0,Unknown,0.0,0,Rational Spender
USER_50,1.0,1.0,1,0.0,1.0,0.0,0.0,1,0.0,0.0,0.0,0.0,0.0,0.0,0.0,0.0,0.0,0.0,0.0,1.0,0.0,0.0,Unknown,0.0,0,Rational Spender
USER_500,1.0,1.0,1,0.0,1.0,0.0,0.0,1,0.0,0.0,0.0,0.0,0.0,0.0,0.0,0.0,0.0,0.0,0.0,1.0,0.0,0.0,Unknown,0.0,0,Rational Spender
USER_501,21.0,21.0,1,0.0,21.0,0.0,0.0,1,0.0,0.0,0.0,0.0,0.0,0.0,0.0,0.0,0.0,0.0,0.0,0.0,21.0,0.0,Unknown,0.0,0,Rational Spender
USER_502,3.0,3.0,1,0.0,3.0,0.0,0.0,1,0.0,3.0,0.0,0.0,0.0,0.0,0.0,0.0,0.0,0.0,0.0,0.0,0.0,0.0,Unknown,0.0,0,Rational Spender
USER_503,29.0,29.0,1,0.0,29.0,0.0,0.0,1,0.0,29.0,0.0,0.0,0.0,0.0,0.0,0.0,0.0,0.0,0.0,0.0,0.0,0.0,Unknown,0.0,0,Rational Spender
USER_504,2.0,2.0,1,0.0,2.0,0.0,1.0,1,0.0,0.0,0.0,0.0,0.0,0.0,0.0,0.0,0.0,0.0,0.0,2.0,0.0,0.0,Unknown,0.5,1,Impulsive Spender
USER_505,15.0,15.0,1,0.0,15.0,0.0,0.0,1,0.0,15.0,0.0,0.0,0.0,0.0,0.0,0.0,0.0,0.0,0.0,0.0,0.0,0.0,Unknown,0.0,0,Rational Spender
USER_506,11.0,11.0,1,0.0,11.0,0.0,0.0,1,0.0,0.0,0.0,0.0,0.0,0.0,0.0,0.0,0.0,0.0,0.0,0.0,11.0,0.0,Unknown,0.0,0,Rational Spender
USER_507,28.0,28.0,1,0.0,28.0,0.0,0.0,1,0.0,0.0,0.0,0.0,0.0,0.0,0.0,0.0,28.0,0.0,0.0,0.0,0.0,0.0,Unknown,0.0,0,Rational Spender
USER_508,1.0,1.0,1,0.0,1.0,0.0,1.0,1,0.0,0.0,0.0,0.0,0.0,0.0,0.0,0.0,0.0,0.0,0.0,1.0,0.0,0.0,Unknown,0.5,1,Impulsive Spender
USER_509,1.0,1.0,1,0.0,1.0,0.0,0.0,1,0.0,0.0,0.0,0.0,0.0,0.0,0.0,0.0,0.0,0.0,0.0,1.0,0.0,0.0,Unknown,0.0,0,Rational Spender
USER_51,36.0,36.0,1,0.0,36.0,0.0,0.0,1,0.0,0.0,0.0,0.0,0.0,0.0,36.0,0.0,0.0,0.0,0.0,0.0,0.0,0.0,Unknown,0.0,0,Rational Spender
USER_510,1.0,1.0,1,0.0,1.0,0.0,0.0,1,0.0,0.0,0.0,0.0,0.0,0.0,0.0,0.0,0.0,0.0,0.0,1.0,0.0,0.0,Unknown,0.0,0,Rational Spender
USER_511,1.0,1.0,1,0.0,1.0,0.0,0.0,1,0.0,0.0,0.0,0.0,0.0,0.0,0.0,0.0,0.0,0.0,0.0,1.0,0.0,0.0,Unknown,0.0,0,Rational Spender
USER_512,1.0,1.0,1,0.0,1.0,0.0,1.0,1,0.0,0.0,0.0,0.0,0.0,0.0,0.0,0.0,0.0,0.0,0.0,1.0,0.0,0.0,Unknown,0.5,1,Impulsive Spender
USER_513,5.0,5.0,1,0.0,5.0,0.0,0.0,1,0.0,0.0,0.0,0.0,0.0,0.0,5.0,0.0,0.0,0.0,0.0,0.0,0.0,0.0,Unknown,0.0,0,Rational Spender
USER_514,5.0,5.0,1,0.0,5.0,0.0,0.0,1,0.0,0.0,0.0,0.0,5.0,0.0,0.0,0.0,0.0,0.0,0.0,0.0,0.0,0.0,Unknown,0.0,0,Rational Spender
USER_515,1.0,1.0,1,0.0,1.0,0.0,0.0,1,0.0,0.0,0.0,0.0,0.0,0.0,0.0,0.0,0.0,0.0,0.0,1.0,0.0,0.0,Unknown,0.0,0,Rational Spender
USER_516,6.0,6.0,1,0.0,6.0,0.0,0.0,1,0.0,6.0,0.0,0.0,0.0,0.0,0.0,0.0,0.0,0.0,0.0,0.0,0.0,0.0,Unknown,0.0,0,Rational Spender
USER_517,1.0,1.0,1,0.0,1.0,0.0,0.0,1,0.0,0.0,0.0,0.0,0.0,0.0,0.0,0.0,0.0,0.0,0.0,1.0,0.0,0.0,Unknown,0.0,0,Rational Spender
USER_518,1.0,1.0,1,0.0,1.0,1.0,0.0,1,0.0,0.0,0.0,0.0,0.0,0.0,0.0,0.0,0.0,0.0,0.0,1.0,0.0,0.0,Unknown,0.5,0,Rational Spender
USER_519,16.0,16.0,1,0.0,16.0,1.0,0.0,1,0.0,0.0,0.0,0.0,0.0,0.0,0.0,0.0,0.0,0.0,0.0,0.0,16.0,0.0,Unknown,0.5,0,Rational Spender
USER_52,1.0,1.0,1,0.0,1.0,0.0,0.0,1,0.0,0.0,0.0,0.0,0.0,0.0,0.0,0.0,0.0,0.0,0.0,1.0,0.0,0.0,Unknown,0.0,0,Rational Spender
USER_520,1.0,1.0,1,0.0,1.0,0.0,0.0,1,0.0,0.0,0.0,0.0,0.0,0.0,0.0,0.0,0.0,0.0,0.0,1.0,0.0,0.0,Unknown,0.0,0,Rational Spender
USER_521,16.0,16.0,1,0.0,16.0,0.0,0.0,1,0.0,0.0,0.0,0.0,16.0,0.0,0.0,0.0,0.0,0.0,0.0,0.0,0.0,0.0,Unknown,0.0,0,Rational Spender
USER_522,43.0,43.0,1,0.0,43.0,0.0,0.0,1,0.0,0.0,0.0,0.0,0.0,0.0,43.0,0.0,0.0,0.0,0.0,0.0,0.0,0.0,Unknown,0.0,0,Rational Spender
USER_523,11.0,11.0,1,0.0,11.0,0.0,0.0,1,0.0,0.0,0.0,0.0,11.0,0.0,0.0,0.0,0.0,0.0,0.0,0.0,0.0,0.0,Unknown,0.0,0,Rational Spender
USER_524,1.0,1.0,1,0.0,1.0,0.0,0.0,1,0.0,0.0,0.0,0.0,0.0,0.0,0.0,0.0,0.0,0.0,0.0,1.0,0.0,0.0,Unknown,0.0,0,Rational Spender
USER_525,13.0,13.0,1,0.0,13.0,0.0,0.0,1,0.0,0.0,0.0,0.0,0.0,0.0,0.0,0.0,0.0,0.0,0.0,0.0,13.0,0.0,Unknown,0.0,0,Rational Spender
USER_526,10.0,10.0,1,0.0,10.0,0.0,0.0,1,0.0,0.0,0.0,0.0,0.0,0.0,0.0,0.0,0.0,0.0,0.0,0.0,10.0,0.0,Unknown,0.0,0,Rational Spender
USER_527,12.0,12.0,1,0.0,12.0,0.0,0.0,1,0.0,0.0,0.0,0.0,0.0,0.0,12.0,0.0,0.0,0.0,0.0,0.0,0.0,0.0,Unknown,0.0,0,Rational Spender
USER_528,1.0,1.0,1,0.0,1.0,0.0,0.0,1,0.0,0.0,0.0,0.0,0.0,0.0,0.0,0.0,0.0,0.0,0.0,1.0,0.0,0.0,Unknown,0.0,0,Rational Spender
USER_529,43.0,43.0,1,0.0,43.0,0.0,0.0,1,0.0,0.0,0.0,0.0,0.0,0.0,43.0,0.0,0.0,0.0,0.0,0.0,0.0,0.0,Unknown,0.0,0,Rational Spender
USER_53,10.0,10.0,1,0.0,10.0,0.0,0.0,1,0.0,10.0,0.0,0.0,0.0,0.0,0.0,0.0,0.0,0.0,0.0,0.0,0.0,0.0,Unknown,0.0,0,Rational Spender
USER_530,1.0,1.0,1,0.0,1.0,0.0,1.0,1,0.0,0.0,0.0,0.0,0.0,0.0,0.0,0.0,0.0,0.0,0.0,1.0,0.0,0.0,Unknown,0.5,1,Impulsive Spender
USER_531,1.0,1.0,1,0.0,1.0,0.0,0.0,1,0.0,0.0,0.0,0.0,0.0,0.0,0.0,0.0,0.0,0.0,0.0,1.0,0.0,0.0,Unknown,0.0,0,Rational Spender
USER_532,10.0,10.0,1,0.0,10.0,0.0,0.0,1,0.0,0.0,0.0,0.0,10.0,0.0,0.0,0.0,0.0,0.0,0.0,0.0,0.0,0.0,Unknown,0.0,0,Rational Spender
USER_533,11.0,11.0,1,0.0,11.0,0.0,0.0,1,0.0,0.0,0.0,0.0,0.0,0.0,0.0,0.0,0.0,0.0,0.0,0.0,11.0,0.0,Unknown,0.0,0,Rational Spender
USER_534,1.0,1.0,1,0.0,1.0,0.0,0.0,1,0.0,0.0,0.0,0.0,0.0,0.0,0.0,0.0,0.0,0.0,0.0,1.0,0.0,0.0,Unknown,0.0,0,Rational Spender
USER_535,18.0,18.0,1,0.0,18.0,0.0,1.0,1,0.0,0.0,0.0,0.0,0.0,0.0,0.0,0.0,0.0,18.0,0.0,0.0,0.0,0.0,Unknown,0.5,1,Impulsive Spender
USER_536,19.0,19.0,1,0.0,19.0,1.0,0.0,1,0.0,0.0,0.0,0.0,19.0,0.0,0.0,0.0,0.0,0.0,0.0,0.0,0.0,0.0,Unknown,0.5,0,Rational Spender
USER_537,10.0,10.0,1,0.0,10.0,1.0,0.0,1,0.0,0.0,0.0,0.0,0.0,10.0,0.0,0.0,0.0,0.0,0.0,0.0,0.0,0.0,Unknown,0.5,0,Rational Spender
USER_538,1.0,1.0,1,0.0,1.0,1.0,0.0,1,0.0,0.0,0.0,0.0,0.0,0.0,0.0,0.0,0.0,0.0,0.0,1.0,0.0,0.0,Unknown,0.5,0,Rational Spender
USER_539,10.0,10.0,1,0.0,10.0,1.0,0.0,1,0.0,0.0,0.0,0.0,10.0,0.0,0.0,0.0,0.0,0.0,0.0,0.0,0.0,0.0,Unknown,0.5,0,Rational Spender
USER_54,1.0,1.0,1,0.0,1.0,0.0,0.0,1,0.0,0.0,0.0,0.0,0.0,0.0,0.0,0.0,0.0,0.0,0.0,1.0,0.0,0.0,Unknown,0.0,0,Rational Spender
USER_540,15.0,15.0,1,0.0,15.0,0.0,0.0,1,0.0,0.0,0.0,0.0,0.0,0.0,0.0,0.0,0.0,0.0,0.0,0.0,15.0,0.0,Unknown,0.0,0,Rational Spender
USER_541,6.0,6.0,1,0.0,6.0,0.0,0.0,1,0.0,0.0,0.0,0.0,6.0,0.0,0.0,0.0,0.0,0.0,0.0,0.0,0.0,0.0,Unknown,0.0,0,Rational Spender
USER_542,27.0,27.0,1,0.0,27.0,0.0,0.0,1,0.0,0.0,0.0,0.0,0.0,0.0,27.0,0.0,0.0,0.0,0.0,0.0,0.0,0.0,Unknown,0.0,0,Rational Spender
USER_543,1.0,1.0,1,0.0,1.0,0.0,0.0,1,0.0,0.0,0.0,0.0,0.0,0.0,0.0,0.0,0.0,0.0,0.0,1.0,0.0,0.0,Unknown,0.0,0,Rational Spender
USER_544,1.0,1.0,1,0.0,1.0,0.0,0.0,1,0.0,0.0,0.0,0.0,0.0,0.0,0.0,0.0,0.0,0.0,0.0,1.0,0.0,0.0,Unknown,0.0,0,Rational Spender
USER_545,23.0,23.0,1,0.0,23.0,0.0,0.0,1,0.0,0.0,0.0,0.0,23.0,0.0,0.0,0.0,0.0,0.0,0.0,0.0,0.0,0.0,Unknown,0.0,0,Rational Spender
USER_546,1.0,1.0,1,0.0,1.0,0.0,1.0,1,0.0,0.0,0.0,0.0,0.0,0.0,0.0,0.0,0.0,0.0,0.0,1.0,0.0,0.0,Unknown,0.5,1,Impulsive Spender
USER_547,1.0,1.0,1,0.0,1.0,0.0,1.0,1,0.0,0.0,0.0,0.0,0.0,0.0,0.0,0.0,0.0,0.0,0.0,1.0,0.0,0.0,Unknown,0.5,1,Impulsive Spender
USER_548,5.0,5.0,1,0.0,5.0,0.0,0.0,1,0.0,5.0,0.0,0.0,0.0,0.0,0.0,0.0,0.0,0.0,0.0,0.0,0.0,0.0,Unknown,0.0,0,Rational Spender
USER_549,1.0,1.0,1,0.0,1.0,0.0,0.0,1,0.0,0.0,0.0,0.0,0.0,0.0,0.0,0.0,0.0,0.0,0.0,1.0,0.0,0.0,Unknown,0.0,0,Rational Spender
USER_55,1.0,1.0,1,0.0,1.0,0.0,0.0,1,0.0,0.0,0.0,0.0,0.0,0.0,0.0,0.0,0.0,0.0,0.0,1.0,0.0,0.0,Unknown,0.0,0,Rational Spender
USER_550,1.0,1.0,1,0.0,1.0,0.0,0.0,1,0.0,0.0,0.0,0.0,0.0,0.0,0.0,0.0,0.0,0.0,0.0,1.0,0.0,0.0,Unknown,0.0,0,Rational Spender
USER_551,5.0,5.0,1,0.0,5.0,0.0,0.0,1,0.0,0.0,0.0,0.0,0.0,0.0,0.0,0.0,0.0,0.0,0.0,5.0,0.0,0.0,Unknown,0.0,0,Rational Spender
USER_552,6.0,6.0,1,0.0,6.0,0.0,0.0,1,0.0,0.0,0.0,0.0,6.0,0.0,0.0,0.0,0.0,0.0,0.0,0.0,0.0,0.0,Unknown,0.0,0,Rational Spender
USER_553,1.0,1.0,1,0.0,1.0,0.0,0.0,1,0.0,0.0,0.0,0.0,1.0,0.0,0.0,0.0,0.0,0.0,0.0,0.0,0.0,0.0,Unknown,0.0,0,Rational Spender
USER_554,1.0,1.0,1,0.0,1.0,0.0,0.0,1,0.0,0.0,0.0,0.0,0.0,0.0,0.0,0.0,0.0,0.0,0.0,1.0,0.0,0.0,Unknown,0.0,0,Rational Spender
USER_555,1.0,1.0,1,0.0,1.0,0.0,0.0,1,0.0,0.0,0.0,0.0,0.0,0.0,0.0,0.0,0.0,0.0,0.0,1.0,0.0,0.0,Unknown,0.0,0,Rational Spender
USER_556,11.0,11.0,1,0.0,11.0,0.0,0.0,1,0.0,0.0,0.0,0.0,11.0,0.0,0.0,0.0,0.0,0.0,0.0,0.0,0.0,0.0,Unknown,0.0,0,Rational Spender
USER_557,3.0,3.0,1,0.0,3.0,0.0,0.0,1,0.0,3.0,0.0,0.0,0.0,0.0,0.0,0.0,0.0,0.0,0.0,0.0,0.0,0.0,Unknown,0.0,0,Rational Spender
USER_558,2.0,2.0,1,0.0,2.0,0.0,0.0,1,0.0,2.0,0.0,0.0,0.0,0.0,0.0,0.0,0.0,0.0,0.0,0.0,0.0,0.0,Unknown,0.0,0,Rational Spender
USER_559,1.0,1.0,1,0.0,1.0,0.0,0.0,1,0.0,0.0,0.0,0.0,0.0,0.0,0.0,0.0,0.0,0.0,0.0,1.0,0.0,0.0,Unknown,0.0,0,Rational Spender
USER_56,5.0,5.0,1,0.0,5.0,0.0,0.0,1,0.0,5.0,0.0,0.0,0.0,0.0,0.0,0.0,0.0,0.0,0.0,0.0,0.0,0.0,Unknown,0.0,0,Rational Spender
USER_560,2.0,2.0,1,0.0,2.0,0.0,1.0,1,0.0,0.0,0.0,0.0,0.0,0.0,0.0,0.0,0.0,0.0,0.0,0.0,0.0,2.0,Unknown,0.5,1,Impulsive Spender
USER_561,2.0,2.0,1,0.0,2.0,0.0,0.0,1,0.0,0.0,0.0,0.0,0.0,0.0,0.0,0.0,0.0,0.0,0.0,2.0,0.0,0.0,Unknown,0.0,0,Rational Spender
USER_562,1.0,1.0,1,0.0,1.0,0.0,0.0,1,0.0,0.0,0.0,0.0,0.0,0.0,0.0,0.0,0.0,0.0,0.0,1.0,0.0,0.0,Unknown,0.0,0,Rational Spender
USER_563,6.0,6.0,1,0.0,6.0,0.0,0.0,1,0.0,6.0,0.0,0.0,0.0,0.0,0.0,0.0,0.0,0.0,0.0,0.0,0.0,0.0,Unknown,0.0,0,Rational Spender
USER_564,1.0,1.0,1,0.0,1.0,0.0,0.0,1,0.0,0.0,0.0,0.0,0.0,0.0,0.0,0.0,0.0,0.0,0.0,1.0,0.0,0.0,Unknown,0.0,0,Rational Spender
USER_565,1.0,1.0,1,0.0,1.0,0.0,1.0,1,0.0,0.0,0.0,0.0,0.0,0.0,0.0,0.0,0.0,0.0,0.0,1.0,0.0,0.0,Unknown,0.5,1,Impulsive Spender
USER_566,3.0,3.0,1,0.0,3.0,0.0,0.0,1,0.0,3.0,0.0,0.0,0.0,0.0,0.0,0.0,0.0,0.0,0.0,0.0,0.0,0.0,Unknown,0.0,0,Rational Spender
USER_567,1.0,1.0,1,0.0,1.0,0.0,0.0,1,0.0,1.0,0.0,0.0,0.0,0.0,0.0,0.0,0.0,0.0,0.0,0.0,0.0,0.0,Unknown,0.0,0,Rational Spender
USER_568,1.0,1.0,1,0.0,1.0,0.0,0.0,1,0.0,0.0,0.0,0.0,0.0,0.0,0.0,0.0,0.0,0.0,0.0,1.0,0.0,0.0,Unknown,0.0,0,Rational Spender
USER_569,2.0,2.0,1,0.0,2.0,1.0,0.0,1,0.0,2.0,0.0,0.0,0.0,0.0,0.0,0.0,0.0,0.0,0.0,0.0,0.0,0.0,Unknown,0.5,0,Rational Spender
USER_57,1.0,1.0,1,0.0,1.0,0.0,0.0,1,0.0,0.0,0.0,0.0,0.0,0.0,0.0,0.0,0.0,0.0,0.0,1.0,0.0,0.0,Unknown,0.0,0,Rational Spender
USER_570,18.0,18.0,1,0.0,18.0,1.0,0.0,1,0.0,0.0,0.0,0.0,0.0,0.0,0.0,0.0,0.0,0.0,0.0,0.0,18.0,0.0,Unknown,0.5,0,Rational Spender
USER_571,139.0,139.0,1,0.0,139.0,1.0,0.0,1,0.0,0.0,0.0,0.0,0.0,139.0,0.0,0.0,0.0,0.0,0.0,0.0,0.0,0.0,Unknown,0.5,0,Rational Spender
USER_572,2.0,2.0,1,0.0,2.0,1.0,1.0,1,0.0,0.0,0.0,0.0,0.0,0.0,0.0,0.0,0.0,0.0,0.0,2.0,0.0,0.0,Unknown,1.0,1,Impulsive Spender
USER_573,20.0,20.0,1,0.0,20.0,1.0,1.0,1,0.0,20.0,0.0,0.0,0.0,0.0,0.0,0.0,0.0,0.0,0.0,0.0,0.0,0.0,Unknown,1.0,1,Impulsive Spender
USER_574,42.0,42.0,1,0.0,42.0,1.0,0.0,1,0.0,0.0,0.0,0.0,0.0,0.0,0.0,0.0,42.0,0.0,0.0,0.0,0.0,0.0,Unknown,0.5,0,Rational Spender
USER_575,24.0,24.0,1,0.0,24.0,1.0,0.0,1,0.0,0.0,0.0,0.0,0.0,0.0,0.0,0.0,0.0,0.0,0.0,0.0,24.0,0.0,Unknown,0.5,0,Rational Spender
USER_576,1.0,1.0,1,0.0,1.0,0.0,1.0,1,0.0,0.0,0.0,0.0,0.0,0.0,0.0,0.0,0.0,0.0,0.0,1.0,0.0,0.0,Unknown,0.5,1,Impulsive Spender
USER_577,1.0,1.0,1,0.0,1.0,0.0,0.0,1,0.0,0.0,0.0,0.0,0.0,0.0,0.0,0.0,0.0,0.0,0.0,1.0,0.0,0.0,Unknown,0.0,0,Rational Spender
USER_578,1.0,1.0,1,0.0,1.0,0.0,0.0,1,0.0,1.0,0.0,0.0,0.0,0.0,0.0,0.0,0.0,0.0,0.0,0.0,0.0,0.0,Unknown,0.0,0,Rational Spender
USER_579,1.0,1.0,1,0.0,1.0,0.0,0.0,1,0.0,0.0,0.0,0.0,0.0,0.0,0.0,0.0,0.0,0.0,0.0,1.0,0.0,0.0,Unknown,0.0,0,Rational Spender
USER_58,1.0,1.0,1,0.0,1.0,0.0,0.0,1,0.0,0.0,0.0,0.0,0.0,0.0,0.0,0.0,0.0,0.0,0.0,1.0,0.0,0.0,Unknown,0.0,0,Rational Spender
USER_580,2.0,2.0,1,0.0,2.0,0.0,0.0,1,0.0,2.0,0.0,0.0,0.0,0.0,0.0,0.0,0.0,0.0,0.0,0.0,0.0,0.0,Unknown,0.0,0,Rational Spender
USER_581,1.0,1.0,1,0.0,1.0,0.0,0.0,1,0.0,0.0,0.0,0.0,0.0,0.0,0.0,0.0,0.0,0.0,0.0,1.0,0.0,0.0,Unknown,0.0,0,Rational Spender
USER_582,1.0,1.0,1,0.0,1.0,0.0,0.0,1,0.0,0.0,0.0,0.0,0.0,0.0,0.0,0.0,0.0,0.0,0.0,1.0,0.0,0.0,Unknown,0.0,0,Rational Spender
USER_583,1.0,1.0,1,0.0,1.0,0.0,1.0,1,0.0,0.0,0.0,0.0,0.0,0.0,0.0,0.0,0.0,0.0,0.0,1.0,0.0,0.0,Unknown,0.5,1,Impulsive Spender
USER_584,3.0,3.0,1,0.0,3.0,0.0,0.0,1,0.0,3.0,0.0,0.0,0.0,0.0,0.0,0.0,0.0,0.0,0.0,0.0,0.0,0.0,Unknown,0.0,0,Rational Spender
USER_585,1.0,1.0,1,0.0,1.0,0.0,1.0,1,0.0,1.0,0.0,0.0,0.0,0.0,0.0,0.0,0.0,0.0,0.0,0.0,0.0,0.0,Unknown,0.5,1,Impulsive Spender
USER_586,1.0,1.0,1,0.0,1.0,0.0,0.0,1,0.0,0.0,0.0,0.0,0.0,0.0,0.0,0.0,0.0,0.0,0.0,1.0,0.0,0.0,Unknown,0.0,0,Rational Spender
USER_587,1.0,1.0,1,0.0,1.0,0.0,0.0,1,0.0,0.0,0.0,0.0,0.0,0.0,0.0,0.0,0.0,0.0,0.0,1.0,0.0,0.0,Unknown,0.0,0,Rational Spender
USER_588,1.0,1.0,1,0.0,1.0,0.0,0.0,1,0.0,0.0,0.0,0.0,0.0,0.0,0.0,0.0,0.0,0.0,0.0,1.0,0.0,0.0,Unknown,0.0,0,Rational Spender
USER_589,1.0,1.0,1,0.0,1.0,0.0,0.0,1,0.0,0.0,0.0,0.0,0.0,0.0,0.0,0.0,0.0,0.0,0.0,1.0,0.0,0.0,Unknown,0.0,0,Rational Spender
USER_59,1.0,1.0,1,0.0,1.0,0.0,1.0,1,0.0,0.0,0.0,0.0,0.0,0.0,0.0,0.0,0.0,0.0,0.0,1.0,0.0,0.0,Unknown,0.5,1,Impulsive Spender
USER_590,3.0,3.0,1,0.0,3.0,0.0,0.0,1,0.0,0.0,0.0,0.0,0.0,0.0,0.0,3.0,0.0,0.0,0.0,0.0,0.0,0.0,Unknown,0.0,0,Rational Spender
USER_591,23.0,23.0,1,0.0,23.0,0.0,1.0,1,0.0,0.0,0.0,0.0,0.0,0.0,0.0,23.0,0.0,0.0,0.0,0.0,0.0,0.0,Unknown,0.5,1,Impulsive Spender
USER_592,9.0,9.0,1,0.0,9.0,1.0,0.0,1,0.0,0.0,0.0,0.0,0.0,9.0,0.0,0.0,0.0,0.0,0.0,0.0,0.0,0.0,Unknown,0.5,0,Rational Spender
USER_593,6.0,6.0,1,0.0,6.0,1.0,0.0,1,0.0,0.0,0.0,0.0,6.0,0.0,0.0,0.0,0.0,0.0,0.0,0.0,0.0,0.0,Unknown,0.5,0,Rational Spender
USER_594,6.0,6.0,1,0.0,6.0,0.0,0.0,1,0.0,6.0,0.0,0.0,0.0,0.0,0.0,0.0,0.0,0.0,0.0,0.0,0.0,0.0,Unknown,0.0,0,Rational Spender
USER_595,14.0,14.0,1,0.0,14.0,0.0,1.0,1,0.0,0.0,0.0,0.0,0.0,0.0,0.0,0.0,0.0,0.0,0.0,0.0,14.0,0.0,Unknown,0.5,1,Impulsive Spender
USER_596,1.0,1.0,1,0.0,1.0,0.0,0.0,1,0.0,0.0,0.0,0.0,0.0,0.0,0.0,0.0,0.0,0.0,0.0,1.0,0.0,0.0,Unknown,0.0,0,Rational Spender
USER_597,1.0,1.0,1,0.0,1.0,0.0,0.0,1,0.0,0.0,0.0,0.0,0.0,0.0,0.0,0.0,0.0,0.0,0.0,1.0,0.0,0.0,Unknown,0.0,0,Rational Spender
USER_598,1.0,1.0,1,0.0,1.0,0.0,0.0,1,0.0,0.0,0.0,0.0,0.0,0.0,0.0,0.0,0.0,0.0,0.0,1.0,0.0,0.0,Unknown,0.0,0,Rational Spender
USER_599,33.0,33.0,1,0.0,33.0,0.0,0.0,1,0.0,0.0,0.0,0.0,0.0,33.0,0.0,0.0,0.0,0.0,0.0,0.0,0.0,0.0,Unknown,0.0,0,Rational Spender
USER_6,1.0,1.0,1,0.0,1.0,0.0,0.0,1,0.0,0.0,0.0,0.0,0.0,0.0,0.0,0.0,0.0,0.0,0.0,1.0,0.0,0.0,Unknown,0.0,0,Rational Spender
USER_60,6.0,6.0,1,0.0,6.0,0.0,0.0,1,0.0,6.0,0.0,0.0,0.0,0.0,0.0,0.0,0.0,0.0,0.0,0.0,0.0,0.0,Unknown,0.0,0,Rational Spender
USER_600,6.0,6.0,1,0.0,6.0,0.0,0.0,1,0.0,6.0,0.0,0.0,0.0,0.0,0.0,0.0,0.0,0.0,0.0,0.0,0.0,0.0,Unknown,0.0,0,Rational Spender
USER_601,1.0,1.0,1,0.0,1.0,0.0,1.0,1,0.0,0.0,0.0,0.0,0.0,0.0,0.0,0.0,0.0,0.0,0.0,1.0,0.0,0.0,Unknown,0.5,1,Impulsive Spender
USER_602,1.0,1.0,1,0.0,1.0,0.0,0.0,1,0.0,0.0,0.0,0.0,0.0,0.0,0.0,0.0,0.0,0.0,0.0,1.0,0.0,0.0,Unknown,0.0,0,Rational Spender
USER_603,5.0,5.0,1,0.0,5.0,0.0,0.0,1,0.0,5.0,0.0,0.0,0.0,0.0,0.0,0.0,0.0,0.0,0.0,0.0,0.0,0.0,Unknown,0.0,0,Rational Spender
USER_604,1.0,1.0,1,0.0,1.0,0.0,0.0,1,0.0,0.0,0.0,0.0,0.0,0.0,0.0,0.0,0.0,0.0,0.0,1.0,0.0,0.0,Unknown,0.0,0,Rational Spender
USER_605,1.0,1.0,1,0.0,1.0,0.0,0.0,1,0.0,0.0,0.0,0.0,0.0,0.0,0.0,0.0,0.0,0.0,0.0,1.0,0.0,0.0,Unknown,0.0,0,Rational Spender
USER_606,1.0,1.0,1,0.0,1.0,0.0,0.0,1,0.0,0.0,0.0,0.0,0.0,0.0,0.0,0.0,0.0,0.0,0.0,1.0,0.0,0.0,Unknown,0.0,0,Rational Spender
USER_607,1.0,1.0,1,0.0,1.0,0.0,1.0,1,0.0,0.0,0.0,0.0,0.0,0.0,0.0,0.0,0.0,0.0,0.0,1.0,0.0,0.0,Unknown,0.5,1,Impulsive Spender
USER_608,8.0,8.0,1,0.0,8.0,0.0,0.0,1,0.0,8.0,0.0,0.0,0.0,0.0,0.0,0.0,0.0,0.0,0.0,0.0,0.0,0.0,Unknown,0.0,0,Rational Spender
USER_609,42.0,42.0,1,0.0,42.0,0.0,0.0,1,0.0,0.0,0.0,0.0,0.0,42.0,0.0,0.0,0.0,0.0,0.0,0.0,0.0,0.0,Unknown,0.0,0,Rational Spender
USER_61,1.0,1.0,1,0.0,1.0,0.0,1.0,1,0.0,0.0,0.0,0.0,0.0,0.0,0.0,0.0,0.0,0.0,0.0,1.0,0.0,0.0,Unknown,0.5,1,Impulsive Spender
USER_610,1.0,1.0,1,0.0,1.0,0.0,0.0,1,0.0,0.0,0.0,0.0,0.0,0.0,0.0,0.0,0.0,0.0,0.0,1.0,0.0,0.0,Unknown,0.0,0,Rational Spender
USER_611,5.0,5.0,1,0.0,5.0,0.0,0.0,1,0.0,5.0,0.0,0.0,0.0,0.0,0.0,0.0,0.0,0.0,0.0,0.0,0.0,0.0,Unknown,0.0,0,Rational Spender
USER_612,10.0,10.0,1,0.0,10.0,1.0,0.0,1,0.0,0.0,0.0,0.0,0.0,0.0,0.0,0.0,0.0,0.0,0.0,0.0,10.0,0.0,Unknown,0.5,0,Rational Spender
USER_613,11.0,11.0,1,0.0,11.0,0.0,0.0,1,0.0,11.0,0.0,0.0,0.0,0.0,0.0,0.0,0.0,0.0,0.0,0.0,0.0,0.0,Unknown,0.0,0,Rational Spender
USER_614,9.0,9.0,1,0.0,9.0,0.0,0.0,1,0.0,0.0,0.0,0.0,0.0,9.0,0.0,0.0,0.0,0.0,0.0,0.0,0.0,0.0,Unknown,0.0,0,Rational Spender
USER_615,8.0,8.0,1,0.0,8.0,0.0,0.0,1,0.0,0.0,0.0,0.0,0.0,8.0,0.0,0.0,0.0,0.0,0.0,0.0,0.0,0.0,Unknown,0.0,0,Rational Spender
USER_616,1.0,1.0,1,0.0,1.0,0.0,0.0,1,0.0,0.0,0.0,0.0,0.0,0.0,0.0,0.0,0.0,0.0,0.0,1.0,0.0,0.0,Unknown,0.0,0,Rational Spender
USER_617,1.0,1.0,1,0.0,1.0,0.0,0.0,1,0.0,0.0,0.0,0.0,0.0,0.0,0.0,0.0,0.0,0.0,0.0,1.0,0.0,0.0,Unknown,0.0,0,Rational Spender
USER_618,5.0,5.0,1,0.0,5.0,0.0,0.0,1,0.0,5.0,0.0,0.0,0.0,0.0,0.0,0.0,0.0,0.0,0.0,0.0,0.0,0.0,Unknown,0.0,0,Rational Spender
USER_619,1.0,1.0,1,0.0,1.0,0.0,0.0,1,0.0,0.0,0.0,0.0,0.0,0.0,0.0,0.0,0.0,0.0,0.0,1.0,0.0,0.0,Unknown,0.0,0,Rational Spender
USER_62,11.0,11.0,1,0.0,11.0,0.0,0.0,1,0.0,11.0,0.0,0.0,0.0,0.0,0.0,0.0,0.0,0.0,0.0,0.0,0.0,0.0,Unknown,0.0,0,Rational Spender
USER_620,1.0,1.0,1,0.0,1.0,0.0,1.0,1,0.0,0.0,0.0,0.0,0.0,0.0,0.0,0.0,0.0,0.0,0.0,1.0,0.0,0.0,Unknown,0.5,1,Impulsive Spender
USER_621,1.0,1.0,1,0.0,1.0,0.0,0.0,1,0.0,0.0,0.0,0.0,0.0,0.0,0.0,0.0,0.0,0.0,0.0,1.0,0.0,0.0,Unknown,0.0,0,Rational Spender
USER_622,1.0,1.0,1,0.0,1.0,0.0,0.0,1,0.0,0.0,0.0,0.0,0.0,0.0,0.0,0.0,0.0,0.0,0.0,1.0,0.0,0.0,Unknown,0.0,0,Rational Spender
USER_623,1.0,1.0,1,0.0,1.0,0.0,0.0,1,0.0,0.0,0.0,0.0,0.0,0.0,0.0,0.0,0.0,0.0,0.0,1.0,0.0,0.0,Unknown,0.0,0,Rational Spender
USER_624,1.0,1.0,1,0.0,1.0,0.0,0.0,1,0.0,0.0,0.0,0.0,0.0,0.0,0.0,0.0,0.0,0.0,0.0,1.0,0.0,0.0,Unknown,0.0,0,Rational Spender
USER_625,4.0,4.0,1,0.0,4.0,0.0,0.0,1,0.0,0.0,0.0,0.0,4.0,0.0,0.0,0.0,0.0,0.0,0.0,0.0,0.0,0.0,Unknown,0.0,0,Rational Spender
USER_626,14.0,14.0,1,0.0,14.0,0.0,0.0,1,0.0,0.0,0.0,0.0,0.0,0.0,0.0,0.0,0.0,0.0,0.0,0.0,14.0,0.0,Unknown,0.0,0,Rational Spender
USER_627,5.0,5.0,1,0.0,5.0,0.0,0.0,1,0.0,5.0,0.0,0.0,0.0,0.0,0.0,0.0,0.0,0.0,0.0,0.0,0.0,0.0,Unknown,0.0,0,Rational Spender
USER_628,1.0,1.0,1,0.0,1.0,0.0,1.0,1,0.0,0.0,0.0,0.0,0.0,0.0,0.0,0.0,0.0,0.0,0.0,1.0,0.0,0.0,Unknown,0.5,1,Impulsive Spender
USER_629,1.0,1.0,1,0.0,1.0,1.0,1.0,1,0.0,0.0,0.0,0.0,1.0,0.0,0.0,0.0,0.0,0.0,0.0,0.0,0.0,0.0,Unknown,1.0,1,Impulsive Spender
USER_63,35.0,35.0,1,0.0,35.0,0.0,0.0,1,0.0,0.0,0.0,0.0,0.0,0.0,0.0,0.0,35.0,0.0,0.0,0.0,0.0,0.0,Unknown,0.0,0,Rational Spender
USER_630,17.0,17.0,1,0.0,17.0,1.0,0.0,1,0.0,17.0,0.0,0.0,0.0,0.0,0.0,0.0,0.0,0.0,0.0,0.0,0.0,0.0,Unknown,0.5,0,Rational Spender
USER_631,1.0,1.0,1,0.0,1.0,1.0,1.0,1,0.0,0.0,0.0,0.0,0.0,0.0,0.0,0.0,0.0,0.0,0.0,1.0,0.0,0.0,Unknown,1.0,1,Impulsive Spender
USER_632,16.0,16.0,1,0.0,16.0,1.0,0.0,1,0.0,0.0,0.0,0.0,0.0,0.0,0.0,0.0,0.0,0.0,0.0,0.0,16.0,0.0,Unknown,0.5,0,Rational Spender
USER_633,33.0,33.0,1,0.0,33.0,0.0,1.0,1,0.0,0.0,0.0,0.0,0.0,0.0,0.0,0.0,33.0,0.0,0.0,0.0,0.0,0.0,Unknown,0.5,1,Impulsive Spender
USER_634,1.0,1.0,1,0.0,1.0,0.0,0.0,1,0.0,0.0,0.0,0.0,0.0,0.0,0.0,0.0,0.0,0.0,0.0,1.0,0.0,0.0,Unknown,0.0,0,Rational Spender
USER_635,4.0,4.0,1,0.0,4.0,0.0,0.0,1,0.0,4.0,0.0,0.0,0.0,0.0,0.0,0.0,0.0,0.0,0.0,0.0,0.0,0.0,Unknown,0.0,0,Rational Spender
USER_636,12.0,12.0,1,0.0,12.0,0.0,0.0,1,0.0,0.0,0.0,0.0,0.0,0.0,0.0,0.0,0.0,0.0,0.0,0.0,12.0,0.0,Unknown,0.0,0,Rational Spender
USER_637,11.0,11.0,1,0.0,11.0,0.0,0.0,1,0.0,0.0,0.0,0.0,11.0,0.0,0.0,0.0,0.0,0.0,0.0,0.0,0.0,0.0,Unknown,0.0,0,Rational Spender
USER_638,654.0,654.0,1,0.0,654.0,0.0,1.0,1,0.0,0.0,0.0,0.0,0.0,0.0,0.0,0.0,0.0,0.0,654.0,0.0,0.0,0.0,Unknown,0.5,2,Emotional Spender
USER_639,5.0,5.0,1,0.0,5.0,0.0,1.0,1,0.0,0.0,0.0,0.0,5.0,0.0,0.0,0.0,0.0,0.0,0.0,0.0,0.0,0.0,Unknown,0.5,1,Impulsive Spender
USER_64,31.0,31.0,1,0.0,31.0,0.0,1.0,1,0.0,31.0,0.0,0.0,0.0,0.0,0.0,0.0,0.0,0.0,0.0,0.0,0.0,0.0,Unknown,0.5,1,Impulsive Spender
USER_642,5.0,5.0,1,0.0,5.0,1.0,0.0,1,0.0,5.0,0.0,0.0,0.0,0.0,0.0,0.0,0.0,0.0,0.0,0.0,0.0,0.0,Unknown,0.5,0,Rational Spender
USER_643,5.0,5.0,1,0.0,5.0,1.0,0.0,1,0.0,0.0,0.0,0.0,0.0,0.0,0.0,0.0,5.0,0.0,0.0,0.0,0.0,0.0,Unknown,0.5,0,Rational Spender
USER_644,12.0,12.0,1,0.0,12.0,1.0,1.0,1,0.0,0.0,0.0,0.0,0.0,0.0,0.0,0.0,0.0,0.0,0.0,0.0,12.0,0.0,Unknown,1.0,1,Impulsive Spender
USER_645,5.0,5.0,1,0.0,5.0,1.0,1.0,1,0.0,5.0,0.0,0.0,0.0,0.0,0.0,0.0,0.0,0.0,0.0,0.0,0.0,0.0,Unknown,1.0,1,Impulsive Spender
USER_646,16.0,16.0,1,0.0,16.0,0.0,1.0,1,0.0,0.0,0.0,0.0,16.0,0.0,0.0,0.0,0.0,0.0,0.0,0.0,0.0,0.0,Unknown,0.5,1,Impulsive Spender
USER_647,2.0,2.0,1,0.0,2.0,0.0,0.0,1,0.0,2.0,0.0,0.0,0.0,0.0,0.0,0.0,0.0,0.0,0.0,0.0,0.0,0.0,Unknown,0.0,0,Rational Spender
USER_648,25.0,25.0,1,0.0,25.0,0.0,0.0,1,0.0,0.0,0.0,0.0,0.0,0.0,25.0,0.0,0.0,0.0,0.0,0.0,0.0,0.0,Unknown,0.0,0,Rational Spender
USER_649,11.0,11.0,1,0.0,11.0,0.0,1.0,1,0.0,0.0,0.0,0.0,0.0,0.0,0.0,0.0,0.0,0.0,0.0,0.0,11.0,0.0,Unknown,0.5,1,Impulsive Spender
USER_65,299.0,299.0,1,0.0,299.0,0.0,0.0,1,0.0,0.0,299.0,0.0,0.0,0.0,0.0,0.0,0.0,0.0,0.0,0.0,0.0,0.0,Unknown,0.0,0,Rational Spender
USER_650,1.0,1.0,1,0.0,1.0,0.0,0.0,1,0.0,0.0,0.0,0.0,0.0,0.0,0.0,0.0,0.0,0.0,0.0,1.0,0.0,0.0,Unknown,0.0,0,Rational Spender
USER_651,1.0,1.0,1,0.0,1.0,0.0,0.0,1,0.0,0.0,0.0,0.0,0.0,0.0,0.0,0.0,0.0,0.0,0.0,1.0,0.0,0.0,Unknown,0.0,0,Rational Spender
USER_652,1.0,1.0,1,0.0,1.0,0.0,0.0,1,0.0,0.0,0.0,0.0,0.0,0.0,0.0,0.0,0.0,0.0,0.0,1.0,0.0,0.0,Unknown,0.0,0,Rational Spender
USER_653,1.0,1.0,1,0.0,1.0,0.0,0.0,1,0.0,0.0,0.0,0.0,0.0,0.0,0.0,0.0,0.0,0.0,0.0,1.0,0.0,0.0,Unknown,0.0,0,Rational Spender
USER_654,1.0,1.0,1,0.0,1.0,0.0,0.0,1,0.0,0.0,0.0,0.0,0.0,0.0,0.0,0.0,0.0,0.0,0.0,1.0,0.0,0.0,Unknown,0.0,0,Rational Spender
USER_655,2.0,2.0,1,0.0,2.0,0.0,0.0,1,0.0,0.0,0.0,0.0,2.0,0.0,0.0,0.0,0.0,0.0,0.0,0.0,0.0,0.0,Unknown,0.0,0,Rational Spender
USER_656,23.0,23.0,1,0.0,23.0,0.0,1.0,1,0.0,23.0,0.0,0.0,0.0,0.0,0.0,0.0,0.0,0.0,0.0,0.0,0.0,0.0,Unknown,0.5,1,Impulsive Spender
USER_657,1.0,1.0,1,0.0,1.0,0.0,1.0,1,0.0,0.0,0.0,0.0,0.0,0.0,0.0,0.0,0.0,0.0,0.0,1.0,0.0,0.0,Unknown,0.5,1,Impulsive Spender
USER_658,1.0,1.0,1,0.0,1.0,0.0,1.0,1,0.0,0.0,0.0,0.0,0.0,0.0,0.0,0.0,0.0,0.0,0.0,1.0,0.0,0.0,Unknown,0.5,1,Impulsive Spender
USER_659,1.0,1.0,1,0.0,1.0,0.0,1.0,1,0.0,0.0,0.0,0.0,0.0,0.0,0.0,0.0,0.0,0.0,0.0,1.0,0.0,0.0,Unknown,0.5,1,Impulsive Spender
USER_66,3.0,3.0,1,0.0,3.0,0.0,0.0,1,0.0,3.0,0.0,0.0,0.0,0.0,0.0,0.0,0.0,0.0,0.0,0.0,0.0,0.0,Unknown,0.0,0,Rational Spender
USER_660,1.0,1.0,1,0.0,1.0,0.0,1.0,1,0.0,0.0,0.0,0.0,0.0,0.0,0.0,0.0,0.0,0.0,0.0,1.0,0.0,0.0,Unknown,0.5,1,Impulsive Spender
USER_661,1.0,1.0,1,0.0,1.0,0.0,1.0,1,0.0,0.0,0.0,0.0,0.0,0.0,0.0,0.0,0.0,0.0,0.0,1.0,0.0,0.0,Unknown,0.5,1,Impulsive Spender
USER_662,2.0,2.0,1,0.0,2.0,1.0,0.0,1,0.0,0.0,0.0,0.0,2.0,0.0,0.0,0.0,0.0,0.0,0.0,0.0,0.0,0.0,Unknown,0.5,0,Rational Spender
USER_663,15.0,15.0,1,0.0,15.0,0.0,0.0,1,0.0,15.0,0.0,0.0,0.0,0.0,0.0,0.0,0.0,0.0,0.0,0.0,0.0,0.0,Unknown,0.0,0,Rational Spender
USER_664,12.0,12.0,1,0.0,12.0,0.0,1.0,1,0.0,0.0,0.0,0.0,0.0,12.0,0.0,0.0,0.0,0.0,0.0,0.0,0.0,0.0,Unknown,0.5,1,Impulsive Spender
USER_665,1.0,1.0,1,0.0,1.0,0.0,1.0,1,0.0,0.0,0.0,0.0,0.0,0.0,0.0,0.0,0.0,0.0,0.0,1.0,0.0,0.0,Unknown,0.5,1,Impulsive Spender
USER_666,1.0,1.0,1,0.0,1.0,0.0,0.0,1,0.0,0.0,0.0,0.0,0.0,0.0,0.0,0.0,0.0,0.0,0.0,1.0,0.0,0.0,Unknown,0.0,0,Rational Spender
USER_667,1.0,1.0,1,0.0,1.0,0.0,1.0,1,0.0,0.0,0.0,0.0,0.0,0.0,0.0,0.0,0.0,0.0,0.0,1.0,0.0,0.0,Unknown,0.5,1,Impulsive Spender
USER_668,1.0,1.0,1,0.0,1.0,0.0,0.0,1,0.0,0.0,0.0,0.0,0.0,0.0,0.0,0.0,0.0,0.0,0.0,1.0,0.0,0.0,Unknown,0.0,0,Rational Spender
USER_669,1.0,1.0,1,0.0,1.0,0.0,1.0,1,0.0,1.0,0.0,0.0,0.0,0.0,0.0,0.0,0.0,0.0,0.0,0.0,0.0,0.0,Unknown,0.5,1,Impulsive Spender
USER_67,12.0,12.0,1,0.0,12.0,0.0,0.0,1,0.0,12.0,0.0,0.0,0.0,0.0,0.0,0.0,0.0,0.0,0.0,0.0,0.0,0.0,Unknown,0.0,0,Rational Spender
USER_670,1.0,1.0,1,0.0,1.0,0.0,0.0,1,0.0,0.0,0.0,0.0,0.0,0.0,0.0,0.0,0.0,0.0,0.0,1.0,0.0,0.0,Unknown,0.0,0,Rational Spender
USER_671,1.0,1.0,1,0.0,1.0,0.0,0.0,1,0.0,0.0,0.0,0.0,0.0,0.0,0.0,0.0,0.0,0.0,0.0,1.0,0.0,0.0,Unknown,0.0,0,Rational Spender
USER_672,1.0,1.0,1,0.0,1.0,0.0,0.0,1,0.0,0.0,0.0,0.0,0.0,0.0,0.0,0.0,0.0,0.0,0.0,1.0,0.0,0.0,Unknown,0.0,0,Rational Spender
USER_673,5.0,5.0,1,0.0,5.0,0.0,0.0,1,0.0,5.0,0.0,0.0,0.0,0.0,0.0,0.0,0.0,0.0,0.0,0.0,0.0,0.0,Unknown,0.0,0,Rational Spender
USER_674,6.0,6.0,1,0.0,6.0,0.0,1.0,1,0.0,6.0,0.0,0.0,0.0,0.0,0.0,0.0,0.0,0.0,0.0,0.0,0.0,0.0,Unknown,0.5,1,Impulsive Spender
USER_675,1.0,1.0,1,0.0,1.0,0.0,0.0,1,0.0,0.0,0.0,0.0,0.0,0.0,0.0,0.0,0.0,0.0,0.0,1.0,0.0,0.0,Unknown,0.0,0,Rational Spender
USER_676,1.0,1.0,1,0.0,1.0,0.0,1.0,1,0.0,0.0,0.0,0.0,0.0,0.0,0.0,0.0,0.0,0.0,0.0,1.0,0.0,0.0,Unknown,0.5,1,Impulsive Spender
USER_677,1.0,1.0,1,0.0,1.0,0.0,0.0,1,0.0,0.0,0.0,0.0,0.0,0.0,0.0,0.0,0.0,0.0,0.0,1.0,0.0,0.0,Unknown,0.0,0,Rational Spender
USER_678,1.0,1.0,1,0.0,1.0,0.0,0.0,1,0.0,0.0,0.0,0.0,0.0,0.0,0.0,0.0,0.0,0.0,0.0,1.0,0.0,0.0,Unknown,0.0,0,Rational Spender
USER_679,9.0,9.0,1,0.0,9.0,0.0,0.0,1,0.0,0.0,0.0,0.0,0.0,9.0,0.0,0.0,0.0,0.0,0.0,0.0,0.0,0.0,Unknown,0.0,0,Rational Spender
USER_68,1.0,1.0,1,0.0,1.0,0.0,0.0,1,0.0,0.0,0.0,0.0,0.0,0.0,0.0,0.0,0.0,0.0,0.0,1.0,0.0,0.0,Unknown,0.0,0,Rational Spender
USER_680,3.0,3.0,1,0.0,3.0,0.0,0.0,1,0.0,3.0,0.0,0.0,0.0,0.0,0.0,0.0,0.0,0.0,0.0,0.0,0.0,0.0,Unknown,0.0,0,Rational Spender
USER_681,1.0,1.0,1,0.0,1.0,1.0,0.0,1,0.0,0.0,0.0,0.0,0.0,0.0,0.0,0.0,0.0,0.0,0.0,1.0,0.0,0.0,Unknown,0.5,0,Rational Spender
USER_682,1.0,1.0,1,0.0,1.0,1.0,0.0,1,0.0,0.0,0.0,0.0,0.0,0.0,0.0,0.0,0.0,0.0,0.0,1.0,0.0,0.0,Unknown,0.5,0,Rational Spender
USER_683,161.0,161.0,1,0.0,161.0,0.0,0.0,1,0.0,0.0,161.0,0.0,0.0,0.0,0.0,0.0,0.0,0.0,0.0,0.0,0.0,0.0,Unknown,0.0,0,Rational Spender
USER_684,1.0,1.0,1,0.0,1.0,0.0,0.0,1,0.0,0.0,0.0,0.0,0.0,0.0,0.0,0.0,0.0,0.0,0.0,1.0,0.0,0.0,Unknown,0.0,0,Rational Spender
USER_685,1.0,1.0,1,0.0,1.0,0.0,0.0,1,0.0,0.0,0.0,0.0,0.0,0.0,0.0,0.0,0.0,0.0,0.0,1.0,0.0,0.0,Unknown,0.0,0,Rational Spender
USER_686,6.0,6.0,1,0.0,6.0,0.0,1.0,1,0.0,6.0,0.0,0.0,0.0,0.0,0.0,0.0,0.0,0.0,0.0,0.0,0.0,0.0,Unknown,0.5,1,Impulsive Spender
USER_687,9.0,9.0,1,0.0,9.0,0.0,0.0,1,0.0,0.0,0.0,0.0,0.0,0.0,0.0,0.0,0.0,0.0,0.0,0.0,9.0,0.0,Unknown,0.0,0,Rational Spender
USER_688,1.0,1.0,1,0.0,1.0,0.0,0.0,1,0.0,0.0,0.0,0.0,0.0,0.0,0.0,0.0,0.0,0.0,0.0,1.0,0.0,0.0,Unknown,0.0,0,Rational Spender
USER_689,1.0,1.0,1,0.0,1.0,0.0,1.0,1,0.0,0.0,0.0,0.0,0.0,0.0,0.0,0.0,0.0,0.0,0.0,1.0,0.0,0.0,Unknown,0.5,1,Impulsive Spender
USER_69,2.0,2.0,1,0.0,2.0,0.0,0.0,1,0.0,2.0,0.0,0.0,0.0,0.0,0.0,0.0,0.0,0.0,0.0,0.0,0.0,0.0,Unknown,0.0,0,Rational Spender
USER_690,11.0,11.0,1,0.0,11.0,0.0,0.0,1,0.0,0.0,0.0,0.0,11.0,0.0,0.0,0.0,0.0,0.0,0.0,0.0,0.0,0.0,Unknown,0.0,0,Rational Spender
USER_691,4.0,4.0,1,0.0,4.0,0.0,0.0,1,0.0,4.0,0.0,0.0,0.0,0.0,0.0,0.0,0.0,0.0,0.0,0.0,0.0,0.0,Unknown,0.0,0,Rational Spender
USER_692,1.0,1.0,1,0.0,1.0,0.0,0.0,1,0.0,0.0,0.0,0.0,0.0,0.0,0.0,0.0,0.0,0.0,0.0,1.0,0.0,0.0,Unknown,0.0,0,Rational Spender
USER_693,6.0,6.0,1,0.0,6.0,0.0,1.0,1,0.0,6.0,0.0,0.0,0.0,0.0,0.0,0.0,0.0,0.0,0.0,0.0,0.0,0.0,Unknown,0.5,1,Impulsive Spender
USER_694,1.0,1.0,1,0.0,1.0,0.0,0.0,1,0.0,0.0,0.0,0.0,0.0,0.0,0.0,0.0,0.0,0.0,0.0,1.0,0.0,0.0,Unknown,0.0,0,Rational Spender
USER_695,1.0,1.0,1,0.0,1.0,0.0,1.0,1,0.0,0.0,0.0,0.0,0.0,0.0,0.0,0.0,0.0,0.0,0.0,1.0,0.0,0.0,Unknown,0.5,1,Impulsive Spender
USER_696,1.0,1.0,1,0.0,1.0,0.0,1.0,1,0.0,0.0,0.0,0.0,0.0,0.0,0.0,0.0,0.0,0.0,0.0,1.0,0.0,0.0,Unknown,0.5,1,Impulsive Spender
USER_697,6.0,6.0,1,0.0,6.0,0.0,0.0,1,0.0,6.0,0.0,0.0,0.0,0.0,0.0,0.0,0.0,0.0,0.0,0.0,0.0,0.0,Unknown,0.0,0,Rational Spender
USER_698,9.0,9.0,1,0.0,9.0,0.0,0.0,1,0.0,0.0,0.0,0.0,0.0,0.0,0.0,0.0,0.0,0.0,0.0,0.0,9.0,0.0,Unknown,0.0,0,Rational Spender
USER_699,1.0,1.0,1,0.0,1.0,0.0,0.0,1,0.0,0.0,0.0,0.0,0.0,0.0,0.0,0.0,0.0,0.0,0.0,1.0,0.0,0.0,Unknown,0.0,0,Rational Spender
USER_7,1.0,1.0,1,0.0,1.0,0.0,0.0,1,0.0,0.0,0.0,0.0,0.0,0.0,0.0,0.0,0.0,0.0,0.0,1.0,0.0,0.0,Unknown,0.0,0,Rational Spender
USER_70,1.0,1.0,1,0.0,1.0,0.0,0.0,1,0.0,0.0,0.0,0.0,0.0,0.0,0.0,0.0,0.0,0.0,0.0,1.0,0.0,0.0,Unknown,0.0,0,Rational Spender
USER_700,3.0,3.0,1,0.0,3.0,0.0,0.0,1,0.0,3.0,0.0,0.0,0.0,0.0,0.0,0.0,0.0,0.0,0.0,0.0,0.0,0.0,Unknown,0.0,0,Rational Spender
USER_701,41.0,41.0,1,0.0,41.0,0.0,0.0,1,0.0,0.0,0.0,0.0,0.0,0.0,0.0,0.0,41.0,0.0,0.0,0.0,0.0,0.0,Unknown,0.0,0,Rational Spender
USER_702,1.0,1.0,1,0.0,1.0,0.0,0.0,1,0.0,0.0,0.0,0.0,0.0,0.0,0.0,0.0,0.0,0.0,0.0,1.0,0.0,0.0,Unknown,0.0,0,Rational Spender
USER_703,5.0,5.0,1,0.0,5.0,1.0,0.0,1,0.0,0.0,0.0,0.0,0.0,0.0,0.0,0.0,0.0,0.0,0.0,0.0,5.0,0.0,Unknown,0.5,0,Rational Spender
USER_704,13.0,13.0,1,0.0,13.0,1.0,0.0,1,0.0,0.0,0.0,0.0,0.0,0.0,0.0,0.0,0.0,0.0,0.0,0.0,13.0,0.0,Unknown,0.5,0,Rational Spender
USER_705,1.0,1.0,1,0.0,1.0,0.0,0.0,1,0.0,0.0,0.0,0.0,0.0,0.0,0.0,0.0,0.0,0.0,0.0,1.0,0.0,0.0,Unknown,0.0,0,Rational Spender
USER_706,3.0,3.0,1,0.0,3.0,0.0,0.0,1,0.0,3.0,0.0,0.0,0.0,0.0,0.0,0.0,0.0,0.0,0.0,0.0,0.0,0.0,Unknown,0.0,0,Rational Spender
USER_707,1.0,1.0,1,0.0,1.0,0.0,0.0,1,0.0,0.0,0.0,0.0,0.0,0.0,0.0,0.0,0.0,0.0,0.0,1.0,0.0,0.0,Unknown,0.0,0,Rational Spender
USER_708,14.0,14.0,1,0.0,14.0,0.0,1.0,1,0.0,0.0,0.0,0.0,14.0,0.0,0.0,0.0,0.0,0.0,0.0,0.0,0.0,0.0,Unknown,0.5,1,Impulsive Spender
USER_709,3.0,3.0,1,0.0,3.0,0.0,0.0,1,0.0,3.0,0.0,0.0,0.0,0.0,0.0,0.0,0.0,0.0,0.0,0.0,0.0,0.0,Unknown,0.0,0,Rational Spender
USER_71,1.0,1.0,1,0.0,1.0,0.0,0.0,1,0.0,0.0,0.0,0.0,0.0,0.0,0.0,0.0,0.0,0.0,0.0,1.0,0.0,0.0,Unknown,0.0,0,Rational Spender
USER_710,1.0,1.0,1,0.0,1.0,0.0,1.0,1,0.0,0.0,0.0,0.0,0.0,0.0,0.0,0.0,0.0,0.0,0.0,1.0,0.0,0.0,Unknown,0.5,1,Impulsive Spender
USER_711,3.0,3.0,1,0.0,3.0,0.0,0.0,1,0.0,3.0,0.0,0.0,0.0,0.0,0.0,0.0,0.0,0.0,0.0,0.0,0.0,0.0,Unknown,0.0,0,Rational Spender
USER_712,1.0,1.0,1,0.0,1.0,0.0,0.0,1,0.0,0.0,0.0,0.0,0.0,0.0,0.0,0.0,0.0,0.0,0.0,1.0,0.0,0.0,Unknown,0.0,0,Rational Spender
USER_713,4.0,4.0,1,0.0,4.0,0.0,0.0,1,0.0,0.0,0.0,0.0,4.0,0.0,0.0,0.0,0.0,0.0,0.0,0.0,0.0,0.0,Unknown,0.0,0,Rational Spender
USER_714,1.0,1.0,1,0.0,1.0,0.0,1.0,1,0.0,0.0,0.0,0.0,0.0,0.0,0.0,0.0,0.0,0.0,0.0,1.0,0.0,0.0,Unknown,0.5,1,Impulsive Spender
USER_715,1.0,1.0,1,0.0,1.0,0.0,0.0,1,0.0,0.0,0.0,0.0,0.0,0.0,0.0,0.0,0.0,0.0,0.0,1.0,0.0,0.0,Unknown,0.0,0,Rational Spender
USER_716,2.0,2.0,1,0.0,2.0,0.0,0.0,1,0.0,0.0,0.0,0.0,0.0,0.0,0.0,0.0,0.0,0.0,0.0,2.0,0.0,0.0,Unknown,0.0,0,Rational Spender
USER_717,7.0,7.0,1,0.0,7.0,0.0,1.0,1,0.0,0.0,0.0,0.0,0.0,0.0,0.0,0.0,0.0,0.0,0.0,0.0,7.0,0.0,Unknown,0.5,1,Impulsive Spender
USER_718,6.0,6.0,1,0.0,6.0,0.0,1.0,1,0.0,6.0,0.0,0.0,0.0,0.0,0.0,0.0,0.0,0.0,0.0,0.0,0.0,0.0,Unknown,0.5,1,Impulsive Spender
USER_719,1.0,1.0,1,0.0,1.0,0.0,0.0,1,0.0,1.0,0.0,0.0,0.0,0.0,0.0,0.0,0.0,0.0,0.0,0.0,0.0,0.0,Unknown,0.0,0,Rational Spender
USER_72,1.0,1.0,1,0.0,1.0,0.0,1.0,1,0.0,0.0,0.0,0.0,0.0,0.0,0.0,0.0,0.0,0.0,0.0,1.0,0.0,0.0,Unknown,0.5,1,Impulsive Spender
USER_720,1.0,1.0,1,0.0,1.0,0.0,0.0,1,0.0,0.0,0.0,0.0,0.0,0.0,0.0,0.0,0.0,0.0,0.0,1.0,0.0,0.0,Unknown,0.0,0,Rational Spender
USER_721,1.0,1.0,1,0.0,1.0,0.0,1.0,1,0.0,0.0,0.0,0.0,0.0,0.0,0.0,0.0,0.0,0.0,0.0,1.0,0.0,0.0,Unknown,0.5,1,Impulsive Spender
USER_722,1.0,1.0,1,0.0,1.0,0.0,0.0,1,0.0,0.0,0.0,0.0,0.0,0.0,0.0,0.0,0.0,0.0,0.0,1.0,0.0,0.0,Unknown,0.0,0,Rational Spender
USER_723,1.0,1.0,1,0.0,1.0,0.0,1.0,1,0.0,0.0,0.0,0.0,0.0,0.0,0.0,0.0,0.0,0.0,0.0,1.0,0.0,0.0,Unknown,0.5,1,Impulsive Spender
USER_724,2.0,2.0,1,0.0,2.0,0.0,0.0,1,0.0,2.0,0.0,0.0,0.0,0.0,0.0,0.0,0.0,0.0,0.0,0.0,0.0,0.0,Unknown,0.0,0,Rational Spender
USER_725,3.0,3.0,1,0.0,3.0,0.0,0.0,1,0.0,3.0,0.0,0.0,0.0,0.0,0.0,0.0,0.0,0.0,0.0,0.0,0.0,0.0,Unknown,0.0,0,Rational Spender
USER_726,1.0,1.0,1,0.0,1.0,0.0,0.0,1,0.0,0.0,0.0,0.0,0.0,0.0,0.0,0.0,0.0,0.0,0.0,1.0,0.0,0.0,Unknown,0.0,0,Rational Spender
USER_727,1.0,1.0,1,0.0,1.0,0.0,1.0,1,0.0,0.0,0.0,0.0,0.0,0.0,0.0,0.0,0.0,0.0,0.0,1.0,0.0,0.0,Unknown,0.5,1,Impulsive Spender
USER_728,15.0,15.0,1,0.0,15.0,0.0,0.0,1,0.0,0.0,0.0,0.0,0.0,0.0,0.0,0.0,0.0,0.0,0.0,0.0,15.0,0.0,Unknown,0.0,0,Rational Spender
USER_729,12.0,12.0,1,0.0,12.0,0.0,0.0,1,0.0,0.0,0.0,0.0,0.0,0.0,0.0,0.0,0.0,0.0,12.0,0.0,0.0,0.0,Unknown,0.0,0,Rational Spender
USER_73,2.0,2.0,1,0.0,2.0,0.0,0.0,1,0.0,0.0,0.0,0.0,2.0,0.0,0.0,0.0,0.0,0.0,0.0,0.0,0.0,0.0,Unknown,0.0,0,Rational Spender
USER_730,1.0,1.0,1,0.0,1.0,0.0,0.0,1,0.0,0.0,0.0,0.0,0.0,0.0,0.0,0.0,0.0,0.0,0.0,1.0,0.0,0.0,Unknown,0.0,0,Rational Spender
USER_731,3.0,3.0,1,0.0,3.0,0.0,0.0,1,0.0,3.0,0.0,0.0,0.0,0.0,0.0,0.0,0.0,0.0,0.0,0.0,0.0,0.0,Unknown,0.0,0,Rational Spender
USER_732,1.0,1.0,1,0.0,1.0,0.0,0.0,1,0.0,0.0,0.0,0.0,0.0,0.0,0.0,0.0,0.0,0.0,0.0,1.0,0.0,0.0,Unknown,0.0,0,Rational Spender
USER_734,9.0,9.0,1,0.0,9.0,1.0,1.0,1,0.0,0.0,0.0,0.0,9.0,0.0,0.0,0.0,0.0,0.0,0.0,0.0,0.0,0.0,Unknown,1.0,1,Impulsive Spender
USER_735,3.0,3.0,1,0.0,3.0,0.0,0.0,1,0.0,0.0,0.0,0.0,0.0,0.0,0.0,0.0,0.0,0.0,0.0,0.0,3.0,0.0,Unknown,0.0,0,Rational Spender
USER_736,2.0,2.0,1,0.0,2.0,0.0,0.0,1,0.0,0.0,0.0,0.0,0.0,0.0,0.0,0.0,0.0,0.0,0.0,0.0,2.0,0.0,Unknown,0.0,0,Rational Spender
USER_737,36.0,36.0,1,0.0,36.0,0.0,0.0,1,0.0,0.0,0.0,0.0,0.0,0.0,0.0,0.0,0.0,0.0,36.0,0.0,0.0,0.0,Unknown,0.0,0,Rational Spender
USER_738,1.0,1.0,1,0.0,1.0,0.0,0.0,1,0.0,0.0,0.0,0.0,0.0,0.0,0.0,0.0,0.0,0.0,0.0,1.0,0.0,0.0,Unknown,0.0,0,Rational Spender
USER_739,1.0,1.0,1,0.0,1.0,0.0,0.0,1,0.0,0.0,0.0,0.0,0.0,0.0,0.0,0.0,0.0,0.0,0.0,1.0,0.0,0.0,Unknown,0.0,0,Rational Spender
USER_74,38.0,38.0,1,0.0,38.0,0.0,0.0,1,0.0,0.0,0.0,0.0,0.0,0.0,0.0,0.0,38.0,0.0,0.0,0.0,0.0,0.0,Unknown,0.0,0,Rational Spender
USER_740,1.0,1.0,1,0.0,1.0,0.0,0.0,1,0.0,0.0,0.0,0.0,0.0,0.0,0.0,0.0,0.0,0.0,0.0,1.0,0.0,0.0,Unknown,0.0,0,Rational Spender
USER_741,6.0,6.0,1,0.0,6.0,0.0,0.0,1,0.0,6.0,0.0,0.0,0.0,0.0,0.0,0.0,0.0,0.0,0.0,0.0,0.0,0.0,Unknown,0.0,0,Rational Spender
USER_742,1.0,1.0,1,0.0,1.0,0.0,1.0,1,0.0,0.0,0.0,0.0,0.0,0.0,0.0,0.0,0.0,0.0,0.0,1.0,0.0,0.0,Unknown,0.5,1,Impulsive Spender
USER_743,16.0,16.0,1,0.0,16.0,0.0,0.0,1,0.0,0.0,0.0,0.0,0.0,0.0,0.0,0.0,0.0,0.0,0.0,0.0,16.0,0.0,Unknown,0.0,0,Rational Spender
USER_744,1.0,1.0,1,0.0,1.0,0.0,1.0,1,0.0,0.0,0.0,0.0,0.0,0.0,0.0,0.0,0.0,0.0,0.0,1.0,0.0,0.0,Unknown,0.5,1,Impulsive Spender
USER_745,1.0,1.0,1,0.0,1.0,0.0,0.0,1,0.0,1.0,0.0,0.0,0.0,0.0,0.0,0.0,0.0,0.0,0.0,0.0,0.0,0.0,Unknown,0.0,0,Rational Spender
USER_746,1.0,1.0,1,0.0,1.0,0.0,1.0,1,0.0,0.0,0.0,0.0,0.0,0.0,0.0,0.0,0.0,0.0,0.0,1.0,0.0,0.0,Unknown,0.5,1,Impulsive Spender
USER_747,1.0,1.0,1,0.0,1.0,0.0,1.0,1,0.0,0.0,0.0,0.0,0.0,0.0,0.0,0.0,0.0,0.0,0.0,1.0,0.0,0.0,Unknown,0.5,1,Impulsive Spender
USER_748,58.0,58.0,1,0.0,58.0,0.0,0.0,1,0.0,0.0,0.0,0.0,0.0,58.0,0.0,0.0,0.0,0.0,0.0,0.0,0.0,0.0,Unknown,0.0,0,Rational Spender
USER_749,14.0,14.0,1,0.0,14.0,0.0,0.0,1,0.0,0.0,0.0,0.0,14.0,0.0,0.0,0.0,0.0,0.0,0.0,0.0,0.0,0.0,Unknown,0.0,0,Rational Spender
USER_75,2.0,2.0,1,0.0,2.0,0.0,0.0,1,0.0,2.0,0.0,0.0,0.0,0.0,0.0,0.0,0.0,0.0,0.0,0.0,0.0,0.0,Unknown,0.0,0,Rational Spender
USER_750,42.0,42.0,1,0.0,42.0,0.0,0.0,1,0.0,0.0,0.0,0.0,0.0,0.0,0.0,0.0,42.0,0.0,0.0,0.0,0.0,0.0,Unknown,0.0,0,Rational Spender
USER_751,3.0,3.0,1,0.0,3.0,0.0,0.0,1,0.0,3.0,0.0,0.0,0.0,0.0,0.0,0.0,0.0,0.0,0.0,0.0,0.0,0.0,Unknown,0.0,0,Rational Spender
USER_752,29.0,29.0,1,0.0,29.0,0.0,0.0,1,0.0,0.0,0.0,0.0,0.0,29.0,0.0,0.0,0.0,0.0,0.0,0.0,0.0,0.0,Unknown,0.0,0,Rational Spender
USER_753,1.0,1.0,1,0.0,1.0,0.0,1.0,1,0.0,0.0,0.0,0.0,0.0,0.0,0.0,0.0,0.0,0.0,0.0,1.0,0.0,0.0,Unknown,0.5,1,Impulsive Spender
USER_754,1.0,1.0,1,0.0,1.0,0.0,0.0,1,0.0,0.0,0.0,0.0,0.0,0.0,0.0,0.0,0.0,0.0,0.0,1.0,0.0,0.0,Unknown,0.0,0,Rational Spender
USER_755,1.0,1.0,1,0.0,1.0,0.0,1.0,1,0.0,0.0,0.0,0.0,0.0,0.0,0.0,0.0,0.0,0.0,0.0,1.0,0.0,0.0,Unknown,0.5,1,Impulsive Spender
USER_756,1.0,1.0,1,0.0,1.0,0.0,0.0,1,0.0,0.0,0.0,0.0,0.0,0.0,0.0,0.0,0.0,0.0,0.0,1.0,0.0,0.0,Unknown,0.0,0,Rational Spender
USER_757,24.0,24.0,1,0.0,24.0,0.0,0.0,1,0.0,24.0,0.0,0.0,0.0,0.0,0.0,0.0,0.0,0.0,0.0,0.0,0.0,0.0,Unknown,0.0,0,Rational Spender
USER_758,3.0,3.0,1,0.0,3.0,0.0,0.0,1,0.0,3.0,0.0,0.0,0.0,0.0,0.0,0.0,0.0,0.0,0.0,0.0,0.0,0.0,Unknown,0.0,0,Rational Spender
USER_759,1.0,1.0,1,0.0,1.0,0.0,0.0,1,0.0,0.0,0.0,0.0,0.0,0.0,0.0,0.0,0.0,0.0,0.0,1.0,0.0,0.0,Unknown,0.0,0,Rational Spender
USER_76,1.0,1.0,1,0.0,1.0,0.0,1.0,1,0.0,0.0,0.0,0.0,0.0,0.0,0.0,0.0,0.0,0.0,0.0,1.0,0.0,0.0,Unknown,0.5,1,Impulsive Spender
USER_760,4.0,4.0,1,0.0,4.0,0.0,0.0,1,0.0,4.0,0.0,0.0,0.0,0.0,0.0,0.0,0.0,0.0,0.0,0.0,0.0,0.0,Unknown,0.0,0,Rational Spender
USER_761,1.0,1.0,1,0.0,1.0,0.0,0.0,1,0.0,0.0,0.0,0.0,0.0,0.0,0.0,0.0,0.0,0.0,0.0,1.0,0.0,0.0,Unknown,0.0,0,Rational Spender
USER_762,12.0,12.0,1,0.0,12.0,1.0,1.0,1,0.0,0.0,0.0,0.0,0.0,0.0,0.0,0.0,0.0,0.0,0.0,0.0,12.0,0.0,Unknown,1.0,1,Impulsive Spender
USER_763,1.0,1.0,1,0.0,1.0,0.0,0.0,1,0.0,0.0,0.0,0.0,0.0,0.0,0.0,0.0,0.0,0.0,0.0,1.0,0.0,0.0,Unknown,0.0,0,Rational Spender
USER_764,1.0,1.0,1,0.0,1.0,0.0,0.0,1,0.0,0.0,0.0,0.0,0.0,0.0,0.0,0.0,0.0,0.0,0.0,1.0,0.0,0.0,Unknown,0.0,0,Rational Spender
USER_766,6.0,6.0,1,0.0,6.0,0.0,0.0,1,0.0,6.0,0.0,0.0,0.0,0.0,0.0,0.0,0.0,0.0,0.0,0.0,0.0,0.0,Unknown,0.0,0,Rational Spender
USER_767,1.0,1.0,1,0.0,1.0,0.0,1.0,1,0.0,0.0,0.0,0.0,0.0,0.0,0.0,0.0,0.0,0.0,0.0,1.0,0.0,0.0,Unknown,0.5,1,Impulsive Spender
USER_768,1.0,1.0,1,0.0,1.0,0.0,0.0,1,0.0,0.0,0.0,0.0,0.0,0.0,0.0,0.0,0.0,0.0,0.0,1.0,0.0,0.0,Unknown,0.0,0,Rational Spender
USER_769,12.0,12.0,1,0.0,12.0,0.0,1.0,1,0.0,0.0,0.0,0.0,0.0,0.0,0.0,0.0,0.0,12.0,0.0,0.0,0.0,0.0,Unknown,0.5,1,Impulsive Spender
USER_77,11.0,11.0,1,0.0,11.0,0.0,0.0,1,0.0,11.0,0.0,0.0,0.0,0.0,0.0,0.0,0.0,0.0,0.0,0.0,0.0,0.0,Unknown,0.0,0,Rational Spender
USER_770,5.0,5.0,1,0.0,5.0,0.0,0.0,1,0.0,5.0,0.0,0.0,0.0,0.0,0.0,0.0,0.0,0.0,0.0,0.0,0.0,0.0,Unknown,0.0,0,Rational Spender
USER_771,10.0,10.0,1,0.0,10.0,0.0,0.0,1,0.0,0.0,0.0,0.0,0.0,0.0,0.0,0.0,0.0,0.0,0.0,0.0,10.0,0.0,Unknown,0.0,0,Rational Spender
USER_772,5.0,5.0,1,0.0,5.0,0.0,0.0,1,0.0,5.0,0.0,0.0,0.0,0.0,0.0,0.0,0.0,0.0,0.0,0.0,0.0,0.0,Unknown,0.0,0,Rational Spender
USER_773,1.0,1.0,1,0.0,1.0,0.0,0.0,1,0.0,0.0,0.0,0.0,0.0,0.0,0.0,0.0,0.0,0.0,0.0,1.0,0.0,0.0,Unknown,0.0,0,Rational Spender
USER_774,1.0,1.0,1,0.0,1.0,0.0,0.0,1,0.0,0.0,0.0,0.0,0.0,0.0,0.0,0.0,0.0,0.0,0.0,1.0,0.0,0.0,Unknown,0.0,0,Rational Spender
USER_775,21.0,21.0,1,0.0,21.0,0.0,0.0,1,0.0,0.0,0.0,0.0,0.0,21.0,0.0,0.0,0.0,0.0,0.0,0.0,0.0,0.0,Unknown,0.0,0,Rational Spender
USER_776,6.0,6.0,1,0.0,6.0,0.0,0.0,1,0.0,0.0,0.0,0.0,0.0,0.0,6.0,0.0,0.0,0.0,0.0,0.0,0.0,0.0,Unknown,0.0,0,Rational Spender
USER_777,53.0,53.0,1,0.0,53.0,0.0,0.0,1,0.0,0.0,0.0,0.0,0.0,0.0,0.0,0.0,0.0,0.0,53.0,0.0,0.0,0.0,Unknown,0.0,0,Rational Spender
USER_778,6.0,6.0,1,0.0,6.0,0.0,0.0,1,0.0,6.0,0.0,0.0,0.0,0.0,0.0,0.0,0.0,0.0,0.0,0.0,0.0,0.0,Unknown,0.0,0,Rational Spender
USER_779,4.0,4.0,1,0.0,4.0,0.0,0.0,1,0.0,4.0,0.0,0.0,0.0,0.0,0.0,0.0,0.0,0.0,0.0,0.0,0.0,0.0,Unknown,0.0,0,Rational Spender
USER_78,3.0,3.0,1,0.0,3.0,0.0,0.0,1,0.0,3.0,0.0,0.0,0.0,0.0,0.0,0.0,0.0,0.0,0.0,0.0,0.0,0.0,Unknown,0.0,0,Rational Spender
USER_780,4.0,4.0,1,0.0,4.0,1.0,0.0,1,0.0,0.0,0.0,0.0,0.0,0.0,0.0,0.0,0.0,0.0,0.0,0.0,4.0,0.0,Unknown,0.5,0,Rational Spender
USER_781,43.0,43.0,1,0.0,43.0,1.0,0.0,1,0.0,0.0,0.0,0.0,0.0,0.0,0.0,0.0,0.0,0.0,43.0,0.0,0.0,0.0,Unknown,0.5,0,Rational Spender
USER_782,33.0,33.0,1,0.0,33.0,1.0,0.0,1,0.0,0.0,0.0,0.0,0.0,0.0,0.0,0.0,0.0,0.0,33.0,0.0,0.0,0.0,Unknown,0.5,0,Rational Spender
USER_783,34.0,34.0,1,0.0,34.0,0.0,0.0,1,0.0,0.0,0.0,0.0,0.0,34.0,0.0,0.0,0.0,0.0,0.0,0.0,0.0,0.0,Unknown,0.0,0,Rational Spender
USER_784,24.0,24.0,1,0.0,24.0,0.0,0.0,1,0.0,0.0,0.0,0.0,0.0,24.0,0.0,0.0,0.0,0.0,0.0,0.0,0.0,0.0,Unknown,0.0,0,Rational Spender
USER_785,1.0,1.0,1,0.0,1.0,0.0,0.0,1,0.0,0.0,0.0,0.0,0.0,0.0,0.0,0.0,0.0,0.0,0.0,1.0,0.0,0.0,Unknown,0.0,0,Rational Spender
USER_786,1.0,1.0,1,0.0,1.0,0.0,0.0,1,0.0,0.0,0.0,0.0,0.0,0.0,0.0,0.0,0.0,0.0,0.0,1.0,0.0,0.0,Unknown,0.0,0,Rational Spender
USER_787,1.0,1.0,1,0.0,1.0,0.0,1.0,1,0.0,0.0,0.0,0.0,0.0,0.0,0.0,0.0,0.0,0.0,0.0,1.0,0.0,0.0,Unknown,0.5,1,Impulsive Spender
USER_788,1.0,1.0,1,0.0,1.0,0.0,0.0,1,0.0,0.0,0.0,0.0,0.0,0.0,0.0,0.0,0.0,0.0,0.0,1.0,0.0,0.0,Unknown,0.0,0,Rational Spender
USER_789,1.0,1.0,1,0.0,1.0,0.0,0.0,1,0.0,0.0,0.0,0.0,0.0,0.0,0.0,0.0,0.0,0.0,0.0,1.0,0.0,0.0,Unknown,0.0,0,Rational Spender
USER_79,1.0,1.0,1,0.0,1.0,0.0,0.0,1,0.0,0.0,0.0,0.0,0.0,0.0,0.0,0.0,0.0,0.0,0.0,1.0,0.0,0.0,Unknown,0.0,0,Rational Spender
USER_790,1.0,1.0,1,0.0,1.0,0.0,0.0,1,0.0,0.0,0.0,0.0,0.0,0.0,0.0,0.0,0.0,0.0,0.0,1.0,0.0,0.0,Unknown,0.0,0,Rational Spender
USER_791,82.0,82.0,1,0.0,82.0,0.0,0.0,1,0.0,0.0,0.0,0.0,0.0,82.0,0.0,0.0,0.0,0.0,0.0,0.0,0.0,0.0,Unknown,0.0,0,Rational Spender
USER_792,6.0,6.0,1,0.0,6.0,0.0,0.0,1,0.0,0.0,0.0,0.0,0.0,6.0,0.0,0.0,0.0,0.0,0.0,0.0,0.0,0.0,Unknown,0.0,0,Rational Spender
USER_793,7.0,7.0,1,0.0,7.0,0.0,1.0,1,0.0,0.0,0.0,0.0,0.0,0.0,0.0,0.0,0.0,0.0,7.0,0.0,0.0,0.0,Unknown,0.5,1,Impulsive Spender
USER_794,5.0,5.0,1,0.0,5.0,0.0,0.0,1,0.0,0.0,0.0,0.0,0.0,0.0,0.0,0.0,0.0,0.0,5.0,0.0,0.0,0.0,Unknown,0.0,0,Rational Spender
USER_795,36.0,36.0,1,0.0,36.0,0.0,0.0,1,0.0,0.0,0.0,0.0,0.0,0.0,0.0,0.0,0.0,0.0,36.0,0.0,0.0,0.0,Unknown,0.0,0,Rational Spender
USER_796,1.0,1.0,1,0.0,1.0,0.0,0.0,1,0.0,1.0,0.0,0.0,0.0,0.0,0.0,0.0,0.0,0.0,0.0,0.0,0.0,0.0,Unknown,0.0,0,Rational Spender
USER_797,3.0,3.0,1,0.0,3.0,0.0,0.0,1,0.0,3.0,0.0,0.0,0.0,0.0,0.0,0.0,0.0,0.0,0.0,0.0,0.0,0.0,Unknown,0.0,0,Rational Spender
USER_798,1.0,1.0,1,0.0,1.0,0.0,0.0,1,0.0,0.0,0.0,0.0,0.0,0.0,0.0,0.0,0.0,0.0,0.0,1.0,0.0,0.0,Unknown,0.0,0,Rational Spender
USER_799,43.0,43.0,1,0.0,43.0,1.0,0.0,1,0.0,0.0,0.0,0.0,0.0,0.0,0.0,0.0,0.0,0.0,43.0,0.0,0.0,0.0,Unknown,0.5,0,Rational Spender
USER_8,1.0,1.0,1,0.0,1.0,0.0,0.0,1,0.0,0.0,0.0,0.0,0.0,0.0,0.0,0.0,0.0,0.0,0.0,1.0,0.0,0.0,Unknown,0.0,0,Rational Spender
USER_80,1.0,1.0,1,0.0,1.0,1.0,0.0,1,0.0,0.0,0.0,0.0,0.0,0.0,0.0,0.0,0.0,0.0,0.0,1.0,0.0,0.0,Unknown,0.5,0,Rational Spender
USER_800,10.0,10.0,1,0.0,10.0,1.0,1.0,1,0.0,0.0,0.0,0.0,0.0,10.0,0.0,0.0,0.0,0.0,0.0,0.0,0.0,0.0,Unknown,1.0,1,Impulsive Spender
USER_801,10.0,10.0,1,0.0,10.0,0.0,1.0,1,0.0,0.0,0.0,0.0,10.0,0.0,0.0,0.0,0.0,0.0,0.0,0.0,0.0,0.0,Unknown,0.5,1,Impulsive Spender
USER_802,4.0,4.0,1,0.0,4.0,0.0,0.0,1,0.0,0.0,0.0,0.0,4.0,0.0,0.0,0.0,0.0,0.0,0.0,0.0,0.0,0.0,Unknown,0.0,0,Rational Spender
USER_803,6.0,6.0,1,0.0,6.0,0.0,0.0,1,0.0,6.0,0.0,0.0,0.0,0.0,0.0,0.0,0.0,0.0,0.0,0.0,0.0,0.0,Unknown,0.0,0,Rational Spender
USER_804,11.0,11.0,1,0.0,11.0,0.0,0.0,1,0.0,0.0,0.0,0.0,0.0,0.0,0.0,0.0,0.0,0.0,0.0,0.0,11.0,0.0,Unknown,0.0,0,Rational Spender
USER_805,1.0,1.0,1,0.0,1.0,0.0,0.0,1,0.0,0.0,0.0,0.0,0.0,0.0,0.0,0.0,0.0,0.0,0.0,1.0,0.0,0.0,Unknown,0.0,0,Rational Spender
USER_806,1.0,1.0,1,0.0,1.0,0.0,1.0,1,0.0,0.0,0.0,0.0,0.0,0.0,0.0,0.0,0.0,0.0,0.0,1.0,0.0,0.0,Unknown,0.5,1,Impulsive Spender
USER_807,1.0,1.0,1,0.0,1.0,0.0,0.0,1,0.0,0.0,0.0,0.0,0.0,0.0,0.0,0.0,0.0,0.0,0.0,1.0,0.0,0.0,Unknown,0.0,0,Rational Spender
USER_808,1172.0,1172.0,1,0.0,1172.0,0.0,1.0,1,0.0,0.0,0.0,0.0,0.0,0.0,0.0,0.0,0.0,1172.0,0.0,0.0,0.0,0.0,Unknown,0.5,2,Emotional Spender
USER_809,1156.0,1156.0,1,0.0,1156.0,0.0,1.0,1,0.0,0.0,0.0,0.0,0.0,0.0,0.0,0.0,0.0,0.0,1156.0,0.0,0.0,0.0,Unknown,0.5,2,Emotional Spender
USER_81,2.0,2.0,1,0.0,2.0,1.0,1.0,1,0.0,0.0,0.0,0.0,2.0,0.0,0.0,0.0,0.0,0.0,0.0,0.0,0.0,0.0,Unknown,1.0,1,Impulsive Spender
USER_810,2.0,2.0,1,0.0,2.0,0.0,1.0,1,0.0,2.0,0.0,0.0,0.0,0.0,0.0,0.0,0.0,0.0,0.0,0.0,0.0,0.0,Unknown,0.5,1,Impulsive Spender
USER_811,11.0,11.0,1,0.0,11.0,0.0,1.0,1,0.0,0.0,0.0,0.0,0.0,11.0,0.0,0.0,0.0,0.0,0.0,0.0,0.0,0.0,Unknown,0.5,1,Impulsive Spender
USER_812,1.0,1.0,1,0.0,1.0,0.0,0.0,1,0.0,0.0,0.0,0.0,0.0,0.0,0.0,0.0,0.0,0.0,0.0,1.0,0.0,0.0,Unknown,0.0,0,Rational Spender
USER_813,1.0,1.0,1,0.0,1.0,0.0,0.0,1,0.0,0.0,0.0,0.0,0.0,0.0,0.0,0.0,0.0,0.0,0.0,1.0,0.0,0.0,Unknown,0.0,0,Rational Spender
USER_814,8.0,8.0,1,0.0,8.0,0.0,0.0,1,0.0,0.0,0.0,0.0,0.0,8.0,0.0,0.0,0.0,0.0,0.0,0.0,0.0,0.0,Unknown,0.0,0,Rational Spender
USER_816,5.0,5.0,1,0.0,5.0,0.0,0.0,1,0.0,0.0,0.0,0.0,0.0,5.0,0.0,0.0,0.0,0.0,0.0,0.0,0.0,0.0,Unknown,0.0,0,Rational Spender
USER_817,89.0,89.0,1,0.0,89.0,0.0,0.0,1,0.0,0.0,0.0,0.0,0.0,89.0,0.0,0.0,0.0,0.0,0.0,0.0,0.0,0.0,Unknown,0.0,0,Rational Spender
USER_818,1.0,1.0,1,0.0,1.0,0.0,1.0,1,0.0,0.0,0.0,0.0,0.0,0.0,0.0,0.0,0.0,0.0,0.0,1.0,0.0,0.0,Unknown,0.5,1,Impulsive Spender
USER_819,1.0,1.0,1,0.0,1.0,0.0,0.0,1,0.0,0.0,0.0,0.0,0.0,0.0,0.0,0.0,0.0,0.0,0.0,1.0,0.0,0.0,Unknown,0.0,0,Rational Spender
USER_82,1.0,1.0,1,0.0,1.0,0.0,0.0,1,0.0,0.0,0.0,0.0,0.0,0.0,0.0,0.0,0.0,0.0,0.0,1.0,0.0,0.0,Unknown,0.0,0,Rational Spender
USER_820,3.0,3.0,1,0.0,3.0,0.0,0.0,1,0.0,3.0,0.0,0.0,0.0,0.0,0.0,0.0,0.0,0.0,0.0,0.0,0.0,0.0,Unknown,0.0,0,Rational Spender
USER_821,1.0,1.0,1,0.0,1.0,0.0,0.0,1,0.0,0.0,0.0,0.0,0.0,0.0,0.0,0.0,0.0,0.0,0.0,1.0,0.0,0.0,Unknown,0.0,0,Rational Spender
USER_823,1.0,1.0,1,0.0,1.0,0.0,0.0,1,0.0,0.0,0.0,0.0,0.0,0.0,0.0,0.0,0.0,0.0,0.0,1.0,0.0,0.0,Unknown,0.0,0,Rational Spender
USER_824,1.0,1.0,1,0.0,1.0,0.0,1.0,1,0.0,0.0,0.0,0.0,0.0,0.0,0.0,0.0,0.0,0.0,0.0,1.0,0.0,0.0,Unknown,0.5,1,Impulsive Spender
USER_825,24.0,24.0,1,0.0,24.0,1.0,0.0,1,0.0,24.0,0.0,0.0,0.0,0.0,0.0,0.0,0.0,0.0,0.0,0.0,0.0,0.0,Unknown,0.5,0,Rational Spender
USER_826,5.0,5.0,1,0.0,5.0,0.0,0.0,1,0.0,0.0,0.0,0.0,5.0,0.0,0.0,0.0,0.0,0.0,0.0,0.0,0.0,0.0,Unknown,0.0,0,Rational Spender
USER_827,5.0,5.0,1,0.0,5.0,0.0,0.0,1,0.0,5.0,0.0,0.0,0.0,0.0,0.0,0.0,0.0,0.0,0.0,0.0,0.0,0.0,Unknown,0.0,0,Rational Spender
USER_828,1.0,1.0,1,0.0,1.0,0.0,0.0,1,0.0,0.0,0.0,0.0,0.0,0.0,0.0,0.0,0.0,0.0,0.0,1.0,0.0,0.0,Unknown,0.0,0,Rational Spender
USER_829,1.0,1.0,1,0.0,1.0,0.0,0.0,1,0.0,0.0,0.0,0.0,0.0,0.0,0.0,0.0,0.0,0.0,0.0,1.0,0.0,0.0,Unknown,0.0,0,Rational Spender
USER_83,1.0,1.0,1,0.0,1.0,0.0,0.0,1,0.0,0.0,0.0,0.0,0.0,0.0,0.0,0.0,0.0,0.0,0.0,1.0,0.0,0.0,Unknown,0.0,0,Rational Spender
USER_830,1.0,1.0,1,0.0,1.0,0.0,0.0,1,0.0,0.0,0.0,0.0,0.0,0.0,0.0,0.0,0.0,0.0,0.0,1.0,0.0,0.0,Unknown,0.0,0,Rational Spender
USER_831,1.0,1.0,1,0.0,1.0,0.0,1.0,1,0.0,0.0,0.0,0.0,0.0,0.0,0.0,0.0,0.0,0.0,0.0,1.0,0.0,0.0,Unknown,0.5,1,Impulsive Spender
USER_832,1.0,1.0,1,0.0,1.0,0.0,1.0,1,0.0,0.0,0.0,0.0,0.0,0.0,0.0,0.0,0.0,0.0,0.0,1.0,0.0,0.0,Unknown,0.5,1,Impulsive Spender
USER_833,2.0,2.0,1,0.0,2.0,0.0,0.0,1,0.0,0.0,0.0,0.0,0.0,0.0,0.0,0.0,0.0,0.0,0.0,2.0,0.0,0.0,Unknown,0.0,0,Rational Spender
USER_834,1.0,1.0,1,0.0,1.0,0.0,0.0,1,0.0,0.0,0.0,0.0,0.0,0.0,0.0,0.0,0.0,0.0,0.0,1.0,0.0,0.0,Unknown,0.0,0,Rational Spender
USER_835,8.0,8.0,1,0.0,8.0,0.0,0.0,1,0.0,0.0,0.0,0.0,0.0,0.0,0.0,0.0,8.0,0.0,0.0,0.0,0.0,0.0,Unknown,0.0,0,Rational Spender
USER_836,1.0,1.0,1,0.0,1.0,0.0,0.0,1,0.0,0.0,0.0,0.0,0.0,0.0,0.0,0.0,0.0,0.0,0.0,1.0,0.0,0.0,Unknown,0.0,0,Rational Spender
USER_837,1.0,1.0,1,0.0,1.0,0.0,0.0,1,0.0,0.0,0.0,0.0,0.0,0.0,0.0,0.0,0.0,0.0,0.0,1.0,0.0,0.0,Unknown,0.0,0,Rational Spender
USER_838,5.0,5.0,1,0.0,5.0,0.0,0.0,1,0.0,5.0,0.0,0.0,0.0,0.0,0.0,0.0,0.0,0.0,0.0,0.0,0.0,0.0,Unknown,0.0,0,Rational Spender
USER_839,1.0,1.0,1,0.0,1.0,0.0,0.0,1,0.0,0.0,0.0,0.0,0.0,0.0,0.0,0.0,0.0,0.0,0.0,1.0,0.0,0.0,Unknown,0.0,0,Rational Spender
USER_84,30.0,30.0,1,0.0,30.0,0.0,0.0,1,0.0,0.0,0.0,0.0,0.0,30.0,0.0,0.0,0.0,0.0,0.0,0.0,0.0,0.0,Unknown,0.0,0,Rational Spender
USER_840,11.0,11.0,1,0.0,11.0,1.0,0.0,1,0.0,0.0,0.0,0.0,0.0,11.0,0.0,0.0,0.0,0.0,0.0,0.0,0.0,0.0,Unknown,0.5,0,Rational Spender
USER_841,6.0,6.0,1,0.0,6.0,1.0,0.0,1,0.0,6.0,0.0,0.0,0.0,0.0,0.0,0.0,0.0,0.0,0.0,0.0,0.0,0.0,Unknown,0.5,0,Rational Spender
USER_842,59.0,59.0,1,0.0,59.0,0.0,0.0,1,0.0,0.0,0.0,0.0,0.0,0.0,0.0,0.0,0.0,59.0,0.0,0.0,0.0,0.0,Unknown,0.0,0,Rational Spender
USER_843,18.0,18.0,1,0.0,18.0,0.0,0.0,1,0.0,0.0,0.0,0.0,0.0,18.0,0.0,0.0,0.0,0.0,0.0,0.0,0.0,0.0,Unknown,0.0,0,Rational Spender
USER_844,13.0,13.0,1,0.0,13.0,0.0,1.0,1,0.0,0.0,0.0,0.0,13.0,0.0,0.0,0.0,0.0,0.0,0.0,0.0,0.0,0.0,Unknown,0.5,1,Impulsive Spender
USER_845,21.0,21.0,1,0.0,21.0,0.0,0.0,1,0.0,0.0,0.0,0.0,21.0,0.0,0.0,0.0,0.0,0.0,0.0,0.0,0.0,0.0,Unknown,0.0,0,Rational Spender
USER_846,1.0,1.0,1,0.0,1.0,0.0,0.0,1,0.0,0.0,0.0,0.0,0.0,0.0,0.0,0.0,0.0,0.0,0.0,1.0,0.0,0.0,Unknown,0.0,0,Rational Spender
USER_847,8.0,8.0,1,0.0,8.0,0.0,0.0,1,0.0,0.0,0.0,0.0,0.0,0.0,0.0,0.0,0.0,0.0,0.0,0.0,0.0,8.0,Unknown,0.0,0,Rational Spender
USER_848,1.0,1.0,1,0.0,1.0,0.0,0.0,1,0.0,0.0,0.0,0.0,0.0,0.0,0.0,0.0,0.0,0.0,0.0,1.0,0.0,0.0,Unknown,0.0,0,Rational Spender
USER_849,71.0,71.0,1,0.0,71.0,0.0,0.0,1,0.0,71.0,0.0,0.0,0.0,0.0,0.0,0.0,0.0,0.0,0.0,0.0,0.0,0.0,Unknown,0.0,0,Rational Spender
USER_85,1.0,1.0,1,0.0,1.0,0.0,0.0,1,0.0,0.0,0.0,0.0,0.0,0.0,1.0,0.0,0.0,0.0,0.0,0.0,0.0,0.0,Unknown,0.0,0,Rational Spender
USER_850,1.0,1.0,1,0.0,1.0,0.0,0.0,1,0.0,0.0,0.0,0.0,0.0,0.0,0.0,0.0,0.0,0.0,0.0,1.0,0.0,0.0,Unknown,0.0,0,Rational Spender
USER_851,10.0,10.0,1,0.0,10.0,0.0,0.0,1,0.0,0.0,0.0,0.0,0.0,0.0,0.0,0.0,0.0,0.0,0.0,0.0,0.0,10.0,Unknown,0.0,0,Rational Spender
USER_852,1.0,1.0,1,0.0,1.0,0.0,0.0,1,0.0,0.0,0.0,0.0,0.0,0.0,0.0,0.0,0.0,0.0,0.0,1.0,0.0,0.0,Unknown,0.0,0,Rational Spender
USER_853,19.0,19.0,1,0.0,19.0,0.0,0.0,1,0.0,0.0,0.0,0.0,0.0,0.0,19.0,0.0,0.0,0.0,0.0,0.0,0.0,0.0,Unknown,0.0,0,Rational Spender
USER_854,18.0,18.0,1,0.0,18.0,0.0,0.0,1,0.0,0.0,0.0,0.0,0.0,0.0,18.0,0.0,0.0,0.0,0.0,0.0,0.0,0.0,Unknown,0.0,0,Rational Spender
USER_855,1.0,1.0,1,0.0,1.0,0.0,0.0,1,0.0,0.0,0.0,0.0,0.0,0.0,0.0,0.0,0.0,0.0,0.0,1.0,0.0,0.0,Unknown,0.0,0,Rational Spender
USER_856,5.0,5.0,1,0.0,5.0,0.0,0.0,1,0.0,0.0,0.0,0.0,5.0,0.0,0.0,0.0,0.0,0.0,0.0,0.0,0.0,0.0,Unknown,0.0,0,Rational Spender
USER_857,13.0,13.0,1,0.0,13.0,0.0,0.0,1,0.0,0.0,0.0,0.0,0.0,0.0,0.0,0.0,0.0,0.0,0.0,0.0,0.0,13.0,Unknown,0.0,0,Rational Spender
USER_858,6.0,6.0,1,0.0,6.0,1.0,0.0,1,0.0,6.0,0.0,0.0,0.0,0.0,0.0,0.0,0.0,0.0,0.0,0.0,0.0,0.0,Unknown,0.5,0,Rational Spender
USER_859,1.0,1.0,1,0.0,1.0,1.0,1.0,1,0.0,0.0,0.0,0.0,0.0,0.0,0.0,0.0,0.0,0.0,0.0,1.0,0.0,0.0,Unknown,1.0,1,Impulsive Spender
USER_86,1.0,1.0,1,0.0,1.0,0.0,0.0,1,0.0,0.0,0.0,0.0,0.0,0.0,0.0,0.0,0.0,0.0,0.0,1.0,0.0,0.0,Unknown,0.0,0,Rational Spender
USER_860,5.0,5.0,1,0.0,5.0,0.0,1.0,1,0.0,0.0,0.0,0.0,5.0,0.0,0.0,0.0,0.0,0.0,0.0,0.0,0.0,0.0,Unknown,0.5,1,Impulsive Spender
USER_861,10.0,10.0,1,0.0,10.0,0.0,1.0,1,0.0,0.0,0.0,0.0,0.0,0.0,0.0,0.0,0.0,0.0,0.0,0.0,0.0,10.0,Unknown,0.5,1,Impulsive Spender
USER_862,5.0,5.0,1,0.0,5.0,0.0,0.0,1,0.0,0.0,0.0,0.0,0.0,0.0,0.0,0.0,0.0,0.0,0.0,5.0,0.0,0.0,Unknown,0.0,0,Rational Spender
USER_863,9.0,9.0,1,0.0,9.0,0.0,0.0,1,0.0,0.0,0.0,0.0,0.0,0.0,9.0,0.0,0.0,0.0,0.0,0.0,0.0,0.0,Unknown,0.0,0,Rational Spender
USER_864,8.0,8.0,1,0.0,8.0,0.0,0.0,1,0.0,0.0,0.0,0.0,0.0,0.0,0.0,0.0,0.0,0.0,0.0,0.0,8.0,0.0,Unknown,0.0,0,Rational Spender
USER_865,1.0,1.0,1,0.0,1.0,0.0,0.0,1,0.0,0.0,0.0,0.0,0.0,0.0,0.0,0.0,0.0,0.0,0.0,1.0,0.0,0.0,Unknown,0.0,0,Rational Spender
USER_866,16.0,16.0,1,0.0,16.0,0.0,1.0,1,0.0,0.0,0.0,0.0,0.0,0.0,0.0,0.0,0.0,0.0,16.0,0.0,0.0,0.0,Unknown,0.5,1,Impulsive Spender
USER_867,1.0,1.0,1,0.0,1.0,0.0,0.0,1,0.0,0.0,0.0,0.0,0.0,0.0,0.0,0.0,0.0,0.0,0.0,1.0,0.0,0.0,Unknown,0.0,0,Rational Spender
USER_868,1.0,1.0,1,0.0,1.0,0.0,0.0,1,0.0,0.0,0.0,0.0,0.0,0.0,0.0,0.0,0.0,0.0,0.0,1.0,0.0,0.0,Unknown,0.0,0,Rational Spender
USER_869,17.0,17.0,1,0.0,17.0,0.0,1.0,1,0.0,17.0,0.0,0.0,0.0,0.0,0.0,0.0,0.0,0.0,0.0,0.0,0.0,0.0,Unknown,0.5,1,Impulsive Spender
USER_87,1.0,1.0,1,0.0,1.0,0.0,1.0,1,0.0,0.0,0.0,0.0,0.0,0.0,0.0,0.0,0.0,0.0,0.0,1.0,0.0,0.0,Unknown,0.5,1,Impulsive Spender
USER_870,4.0,4.0,1,0.0,4.0,0.0,1.0,1,0.0,0.0,0.0,0.0,4.0,0.0,0.0,0.0,0.0,0.0,0.0,0.0,0.0,0.0,Unknown,0.5,1,Impulsive Spender
USER_871,19.0,19.0,1,0.0,19.0,0.0,0.0,1,0.0,0.0,0.0,0.0,0.0,0.0,0.0,0.0,0.0,0.0,19.0,0.0,0.0,0.0,Unknown,0.0,0,Rational Spender
USER_872,48.0,48.0,1,0.0,48.0,0.0,0.0,1,0.0,0.0,0.0,0.0,0.0,0.0,0.0,0.0,0.0,0.0,48.0,0.0,0.0,0.0,Unknown,0.0,0,Rational Spender
USER_873,29.0,29.0,1,0.0,29.0,0.0,1.0,1,0.0,0.0,0.0,0.0,0.0,0.0,0.0,0.0,0.0,0.0,29.0,0.0,0.0,0.0,Unknown,0.5,1,Impulsive Spender
USER_874,34.0,34.0,1,0.0,34.0,0.0,0.0,1,0.0,34.0,0.0,0.0,0.0,0.0,0.0,0.0,0.0,0.0,0.0,0.0,0.0,0.0,Unknown,0.0,0,Rational Spender
USER_875,48.0,48.0,1,0.0,48.0,0.0,0.0,1,0.0,0.0,0.0,0.0,0.0,0.0,48.0,0.0,0.0,0.0,0.0,0.0,0.0,0.0,Unknown,0.0,0,Rational Spender
USER_876,2.0,2.0,1,0.0,2.0,0.0,0.0,1,0.0,0.0,0.0,0.0,0.0,0.0,0.0,0.0,0.0,0.0,0.0,2.0,0.0,0.0,Unknown,0.0,0,Rational Spender
USER_877,15.0,15.0,1,0.0,15.0,0.0,0.0,1,0.0,0.0,0.0,0.0,0.0,0.0,0.0,0.0,0.0,0.0,0.0,0.0,15.0,0.0,Unknown,0.0,0,Rational Spender
USER_878,26.0,26.0,1,0.0,26.0,0.0,0.0,1,0.0,0.0,0.0,0.0,0.0,0.0,0.0,0.0,26.0,0.0,0.0,0.0,0.0,0.0,Unknown,0.0,0,Rational Spender
USER_879,5.0,5.0,1,0.0,5.0,1.0,0.0,1,0.0,5.0,0.0,0.0,0.0,0.0,0.0,0.0,0.0,0.0,0.0,0.0,0.0,0.0,Unknown,0.5,0,Rational Spender
USER_88,2.0,2.0,1,0.0,2.0,0.0,0.0,1,0.0,0.0,0.0,0.0,0.0,0.0,0.0,0.0,0.0,0.0,0.0,2.0,0.0,0.0,Unknown,0.0,0,Rational Spender
USER_880,1.0,1.0,1,0.0,1.0,0.0,1.0,1,0.0,0.0,0.0,0.0,1.0,0.0,0.0,0.0,0.0,0.0,0.0,0.0,0.0,0.0,Unknown,0.5,1,Impulsive Spender
USER_881,42.0,42.0,1,0.0,42.0,0.0,0.0,1,0.0,0.0,0.0,0.0,0.0,0.0,0.0,0.0,0.0,0.0,42.0,0.0,0.0,0.0,Unknown,0.0,0,Rational Spender
USER_882,60.0,60.0,1,0.0,60.0,0.0,0.0,1,0.0,0.0,0.0,0.0,0.0,0.0,0.0,0.0,0.0,0.0,60.0,0.0,0.0,0.0,Unknown,0.0,0,Rational Spender
USER_883,23.0,23.0,1,0.0,23.0,0.0,1.0,1,0.0,0.0,0.0,0.0,0.0,0.0,23.0,0.0,0.0,0.0,0.0,0.0,0.0,0.0,Unknown,0.5,1,Impulsive Spender
USER_884,5.0,5.0,1,0.0,5.0,0.0,0.0,1,0.0,0.0,0.0,0.0,0.0,0.0,0.0,0.0,0.0,0.0,0.0,5.0,0.0,0.0,Unknown,0.0,0,Rational Spender
USER_886,1.0,1.0,1,0.0,1.0,0.0,0.0,1,0.0,0.0,0.0,0.0,0.0,0.0,0.0,0.0,0.0,0.0,0.0,1.0,0.0,0.0,Unknown,0.0,0,Rational Spender
USER_887,1.0,1.0,1,0.0,1.0,0.0,0.0,1,0.0,0.0,0.0,0.0,0.0,0.0,0.0,0.0,0.0,0.0,0.0,1.0,0.0,0.0,Unknown,0.0,0,Rational Spender
USER_888,1.0,1.0,1,0.0,1.0,0.0,0.0,1,0.0,0.0,0.0,0.0,0.0,0.0,0.0,0.0,0.0,0.0,0.0,1.0,0.0,0.0,Unknown,0.0,0,Rational Spender
USER_889,2.0,2.0,1,0.0,2.0,0.0,0.0,1,0.0,0.0,0.0,0.0,0.0,0.0,0.0,0.0,0.0,0.0,0.0,2.0,0.0,0.0,Unknown,0.0,0,Rational Spender
USER_89,2.0,2.0,1,0.0,2.0,0.0,0.0,1,0.0,0.0,0.0,0.0,0.0,0.0,0.0,0.0,0.0,0.0,0.0,2.0,0.0,0.0,Unknown,0.0,0,Rational Spender
USER_890,1.0,1.0,1,0.0,1.0,0.0,0.0,1,0.0,0.0,0.0,0.0,0.0,0.0,0.0,0.0,0.0,0.0,0.0,1.0,0.0,0.0,Unknown,0.0,0,Rational Spender
USER_891,12.0,12.0,1,0.0,12.0,0.0,1.0,1,0.0,0.0,0.0,0.0,0.0,0.0,0.0,0.0,0.0,0.0,0.0,0.0,12.0,0.0,Unknown,0.5,1,Impulsive Spender
USER_892,4.0,4.0,1,0.0,4.0,0.0,1.0,1,0.0,0.0,0.0,0.0,0.0,0.0,0.0,0.0,0.0,0.0,0.0,0.0,4.0,0.0,Unknown,0.5,1,Impulsive Spender
USER_893,31.0,31.0,1,0.0,31.0,0.0,0.0,1,0.0,0.0,0.0,0.0,31.0,0.0,0.0,0.0,0.0,0.0,0.0,0.0,0.0,0.0,Unknown,0.0,0,Rational Spender
USER_894,1.0,1.0,1,0.0,1.0,1.0,0.0,1,0.0,0.0,0.0,0.0,0.0,0.0,0.0,0.0,0.0,0.0,0.0,1.0,0.0,0.0,Unknown,0.5,0,Rational Spender
USER_896,1.0,1.0,1,0.0,1.0,1.0,0.0,1,0.0,0.0,0.0,0.0,0.0,0.0,0.0,0.0,0.0,0.0,0.0,1.0,0.0,0.0,Unknown,0.5,0,Rational Spender
USER_897,12.0,12.0,1,0.0,12.0,0.0,1.0,1,0.0,0.0,0.0,0.0,12.0,0.0,0.0,0.0,0.0,0.0,0.0,0.0,0.0,0.0,Unknown,0.5,1,Impulsive Spender
USER_898,1.0,1.0,1,0.0,1.0,0.0,0.0,1,0.0,0.0,0.0,0.0,0.0,0.0,0.0,0.0,0.0,0.0,0.0,1.0,0.0,0.0,Unknown,0.0,0,Rational Spender
USER_899,1.0,1.0,1,0.0,1.0,0.0,1.0,1,0.0,0.0,0.0,0.0,0.0,0.0,0.0,0.0,0.0,0.0,0.0,1.0,0.0,0.0,Unknown,0.5,1,Impulsive Spender
USER_9,11.0,11.0,1,0.0,11.0,0.0,0.0,1,0.0,11.0,0.0,0.0,0.0,0.0,0.0,0.0,0.0,0.0,0.0,0.0,0.0,0.0,Unknown,0.0,0,Rational Spender
USER_90,20.0,20.0,1,0.0,20.0,0.0,1.0,1,0.0,0.0,0.0,0.0,0.0,0.0,0.0,0.0,20.0,0.0,0.0,0.0,0.0,0.0,Unknown,0.5,1,Impulsive Spender
USER_900,55.0,55.0,1,0.0,55.0,0.0,0.0,1,0.0,0.0,0.0,0.0,0.0,0.0,0.0,0.0,0.0,0.0,55.0,0.0,0.0,0.0,Unknown,0.0,0,Rational Spender
USER_901,210.0,210.0,1,0.0,210.0,0.0,0.0,1,0.0,0.0,0.0,0.0,0.0,0.0,0.0,0.0,0.0,0.0,210.0,0.0,0.0,0.0,Unknown,0.0,0,Rational Spender
USER_903,1.0,1.0,1,0.0,1.0,0.0,0.0,1,0.0,0.0,0.0,0.0,1.0,0.0,0.0,0.0,0.0,0.0,0.0,0.0,0.0,0.0,Unknown,0.0,0,Rational Spender
USER_904,70.0,70.0,1,0.0,70.0,0.0,0.0,1,0.0,70.0,0.0,0.0,0.0,0.0,0.0,0.0,0.0,0.0,0.0,0.0,0.0,0.0,Unknown,0.0,0,Rational Spender
USER_905,1.0,1.0,1,0.0,1.0,0.0,1.0,1,0.0,0.0,0.0,0.0,0.0,0.0,0.0,0.0,0.0,0.0,0.0,1.0,0.0,0.0,Unknown,0.5,1,Impulsive Spender
USER_906,21.0,21.0,1,0.0,21.0,0.0,0.0,1,0.0,0.0,0.0,21.0,0.0,0.0,0.0,0.0,0.0,0.0,0.0,0.0,0.0,0.0,Unknown,0.0,0,Rational Spender
USER_907,6.0,6.0,1,0.0,6.0,0.0,1.0,1,0.0,0.0,0.0,0.0,0.0,0.0,0.0,0.0,0.0,0.0,0.0,0.0,6.0,0.0,Unknown,0.5,1,Impulsive Spender
USER_908,1.0,1.0,1,0.0,1.0,0.0,1.0,1,0.0,0.0,0.0,0.0,0.0,0.0,0.0,0.0,0.0,0.0,0.0,1.0,0.0,0.0,Unknown,0.5,1,Impulsive Spender
USER_909,2.0,2.0,1,0.0,2.0,0.0,1.0,1,0.0,0.0,0.0,0.0,0.0,0.0,0.0,0.0,0.0,0.0,0.0,2.0,0.0,0.0,Unknown,0.5,1,Impulsive Spender
USER_91,17.0,17.0,1,0.0,17.0,0.0,0.0,1,0.0,0.0,0.0,0.0,0.0,0.0,0.0,0.0,17.0,0.0,0.0,0.0,0.0,0.0,Unknown,0.0,0,Rational Spender
USER_910,2.0,2.0,1,0.0,2.0,0.0,0.0,1,0.0,0.0,0.0,0.0,0.0,0.0,0.0,0.0,0.0,0.0,0.0,2.0,0.0,0.0,Unknown,0.0,0,Rational Spender
USER_912,8.0,8.0,1,0.0,8.0,1.0,0.0,1,0.0,0.0,0.0,0.0,0.0,8.0,0.0,0.0,0.0,0.0,0.0,0.0,0.0,0.0,Unknown,0.5,0,Rational Spender
USER_913,170.0,170.0,1,0.0,170.0,1.0,0.0,1,0.0,0.0,0.0,0.0,0.0,170.0,0.0,0.0,0.0,0.0,0.0,0.0,0.0,0.0,Unknown,0.5,0,Rational Spender
USER_914,61.0,61.0,1,0.0,61.0,1.0,0.0,1,0.0,0.0,0.0,0.0,0.0,0.0,0.0,0.0,0.0,0.0,61.0,0.0,0.0,0.0,Unknown,0.5,0,Rational Spender
USER_915,14.0,14.0,1,0.0,14.0,1.0,0.0,1,0.0,0.0,0.0,0.0,14.0,0.0,0.0,0.0,0.0,0.0,0.0,0.0,0.0,0.0,Unknown,0.5,0,Rational Spender
USER_916,9.0,9.0,1,0.0,9.0,0.0,0.0,1,0.0,0.0,0.0,0.0,0.0,0.0,0.0,0.0,0.0,0.0,0.0,0.0,9.0,0.0,Unknown,0.0,0,Rational Spender
USER_917,1.0,1.0,1,0.0,1.0,0.0,0.0,1,0.0,0.0,0.0,0.0,0.0,0.0,0.0,0.0,0.0,0.0,0.0,1.0,0.0,0.0,Unknown,0.0,0,Rational Spender
USER_918,1.0,1.0,1,0.0,1.0,0.0,0.0,1,0.0,0.0,0.0,0.0,0.0,0.0,0.0,0.0,0.0,0.0,0.0,1.0,0.0,0.0,Unknown,0.0,0,Rational Spender
USER_919,10.0,10.0,1,0.0,10.0,0.0,0.0,1,0.0,0.0,0.0,0.0,0.0,0.0,0.0,0.0,0.0,0.0,0.0,0.0,10.0,0.0,Unknown,0.0,0,Rational Spender
USER_92,1.0,1.0,1,0.0,1.0,0.0,0.0,1,0.0,0.0,0.0,0.0,1.0,0.0,0.0,0.0,0.0,0.0,0.0,0.0,0.0,0.0,Unknown,0.0,0,Rational Spender
USER_920,1.0,1.0,1,0.0,1.0,0.0,0.0,1,0.0,0.0,0.0,0.0,0.0,0.0,0.0,0.0,0.0,0.0,0.0,1.0,0.0,0.0,Unknown,0.0,0,Rational Spender
USER_921,1.0,1.0,1,0.0,1.0,0.0,1.0,1,0.0,0.0,0.0,0.0,0.0,0.0,0.0,0.0,0.0,0.0,0.0,1.0,0.0,0.0,Unknown,0.5,1,Impulsive Spender
USER_922,1.0,1.0,1,0.0,1.0,0.0,0.0,1,0.0,0.0,0.0,0.0,0.0,0.0,0.0,0.0,0.0,0.0,0.0,1.0,0.0,0.0,Unknown,0.0,0,Rational Spender
USER_923,2.0,2.0,1,0.0,2.0,0.0,0.0,1,0.0,0.0,0.0,0.0,2.0,0.0,0.0,0.0,0.0,0.0,0.0,0.0,0.0,0.0,Unknown,0.0,0,Rational Spender
USER_924,1.0,1.0,1,0.0,1.0,0.0,0.0,1,0.0,0.0,0.0,0.0,0.0,0.0,0.0,0.0,0.0,0.0,0.0,1.0,0.0,0.0,Unknown,0.0,0,Rational Spender
USER_925,1.0,1.0,1,0.0,1.0,0.0,0.0,1,0.0,0.0,0.0,0.0,0.0,0.0,0.0,0.0,0.0,0.0,0.0,1.0,0.0,0.0,Unknown,0.0,0,Rational Spender
USER_926,1.0,1.0,1,0.0,1.0,0.0,0.0,1,0.0,0.0,0.0,0.0,0.0,0.0,0.0,0.0,0.0,0.0,0.0,1.0,0.0,0.0,Unknown,0.0,0,Rational Spender
USER_927,1.0,1.0,1,0.0,1.0,0.0,0.0,1,0.0,0.0,0.0,0.0,1.0,0.0,0.0,0.0,0.0,0.0,0.0,0.0,0.0,0.0,Unknown,0.0,0,Rational Spender
USER_928,13.0,13.0,1,0.0,13.0,0.0,0.0,1,0.0,0.0,0.0,0.0,13.0,0.0,0.0,0.0,0.0,0.0,0.0,0.0,0.0,0.0,Unknown,0.0,0,Rational Spender
USER_929,1.0,1.0,1,0.0,1.0,0.0,0.0,1,0.0,0.0,0.0,0.0,0.0,0.0,0.0,0.0,0.0,0.0,0.0,1.0,0.0,0.0,Unknown,0.0,0,Rational Spender
USER_93,22.0,22.0,1,0.0,22.0,0.0,1.0,1,0.0,0.0,0.0,0.0,22.0,0.0,0.0,0.0,0.0,0.0,0.0,0.0,0.0,0.0,Unknown,0.5,1,Impulsive Spender
USER_930,1.0,1.0,1,0.0,1.0,0.0,0.0,1,0.0,0.0,0.0,0.0,0.0,0.0,0.0,0.0,0.0,0.0,0.0,1.0,0.0,0.0,Unknown,0.0,0,Rational Spender
USER_931,70.0,70.0,1,0.0,70.0,1.0,0.0,1,0.0,0.0,0.0,0.0,0.0,0.0,0.0,0.0,0.0,0.0,70.0,0.0,0.0,0.0,Unknown,0.5,0,Rational Spender
USER_932,6.0,6.0,1,0.0,6.0,1.0,0.0,1,0.0,0.0,0.0,0.0,6.0,0.0,0.0,0.0,0.0,0.0,0.0,0.0,0.0,0.0,Unknown,0.5,0,Rational Spender
USER_933,1.0,1.0,1,0.0,1.0,0.0,0.0,1,0.0,0.0,0.0,0.0,0.0,0.0,0.0,0.0,0.0,0.0,0.0,1.0,0.0,0.0,Unknown,0.0,0,Rational Spender
USER_934,1.0,1.0,1,0.0,1.0,0.0,1.0,1,0.0,0.0,0.0,0.0,0.0,0.0,0.0,0.0,0.0,0.0,0.0,1.0,0.0,0.0,Unknown,0.5,1,Impulsive Spender
USER_935,14.0,14.0,1,0.0,14.0,0.0,1.0,1,0.0,0.0,0.0,0.0,0.0,0.0,0.0,0.0,0.0,0.0,0.0,0.0,14.0,0.0,Unknown,0.5,1,Impulsive Spender
USER_936,15.0,15.0,1,0.0,15.0,0.0,0.0,1,0.0,0.0,0.0,0.0,0.0,0.0,0.0,0.0,0.0,0.0,0.0,0.0,15.0,0.0,Unknown,0.0,0,Rational Spender
USER_937,5.0,5.0,1,0.0,5.0,0.0,0.0,1,0.0,0.0,0.0,0.0,5.0,0.0,0.0,0.0,0.0,0.0,0.0,0.0,0.0,0.0,Unknown,0.0,0,Rational Spender
USER_94,2.0,2.0,1,0.0,2.0,0.0,0.0,1,0.0,0.0,0.0,0.0,0.0,0.0,0.0,0.0,0.0,0.0,0.0,2.0,0.0,0.0,Unknown,0.0,0,Rational Spender
USER_95,1.0,1.0,1,0.0,1.0,0.0,0.0,1,0.0,1.0,0.0,0.0,0.0,0.0,0.0,0.0,0.0,0.0,0.0,0.0,0.0,0.0,Unknown,0.0,0,Rational Spender
USER_96,5.0,5.0,1,0.0,5.0,0.0,0.0,1,0.0,5.0,0.0,0.0,0.0,0.0,0.0,0.0,0.0,0.0,0.0,0.0,0.0,0.0,Unknown,0.0,0,Rational Spender
USER_97,1.0,1.0,1,0.0,1.0,0.0,0.0,1,0.0,0.0,0.0,0.0,0.0,0.0,0.0,0.0,0.0,0.0,0.0,1.0,0.0,0.0,Unknown,0.0,0,Rational Spender
USER_98,1.0,1.0,1,0.0,1.0,0.0,0.0,1,0.0,0.0,0.0,0.0,1.0,0.0,0.0,0.0,0.0,0.0,0.0,0.0,0.0,0.0,Unknown,0.0,0,Rational Spender
USER_99,2.0,2.0,1,0.0,2.0,0.0,0.0,1,0.0,0.0,0.0,0.0,0.0,0.0,0.0,0.0,0.0,0.0,0.0,2.0,0.0,0.0,Unknown,0.0,0,Rational Spender
