user_id,total_spending_idr,avg_txn_idr,median_txn_idr,max_txn_idr,txn_count,std_amount_idr,weekend_ratio,night_ratio,month_start_ratio,month_end_ratio,above_avg_ratio,spike_ratio,unique_categories,unique_merchants,active_months,fraud_ratio,avg_dist_merchant,spending_cov,impulse_score,cat_belanja_online,cat_elektronik,cat_fashion_pakaian,cat_hiburan,cat_investasi_asuransi,cat_kecantikan_perawat,cat_kesehatan,cat_kesehatan_kecantik,cat_makanan_minuman,cat_olahraga_gym,cat_pendidikan,cat_properti_renovasi,cat_pulsa_data,cat_restoran_kafe,cat_sembako_kebutuhan_,cat_transportasi,cat_travel_hotel,dominant_payment,gender,age,pendapatan_bulan,spending_ratio,segmen,segmen_label,kota,tier_kota,populasi_kota,cat_belanja_online_ratio,cat_elektronik_ratio,cat_fashion_pakaian_ratio,cat_hiburan_ratio,cat_investasi_asuransi_ratio,cat_kecantikan_perawat_ratio,cat_kesehatan_ratio,cat_kesehatan_kecantik_ratio,cat_makanan_minuman_ratio,cat_olahraga_gym_ratio,cat_pendidikan_ratio,cat_properti_renovasi_ratio,cat_pulsa_data_ratio,cat_restoran_kafe_ratio,cat_sembako_kebutuhan__ratio,cat_transportasi_ratio,cat_travel_hotel_ratio,cluster,spending_persona,persona_encoded
BUDU00001,1705500,63166.666666666664,48600.0,237500,27,48774.56777397891,0.25925925925925924,0.2222222222222222,0.14814814814814814,0.25925925925925924,0.0,0.037037037037037035,8,22,11,0.0,0.18355925925925926,0.7721567457621992,0.163,0,0,49500,420900,0,0,187100,0,254700,0,154100,0,100400,0,390900,147900,0,Gopay,P,37.0,1734027,0.774,D,Kelas D (Menengah Bawah),Desa Sejahtera,Desa,4100,0.0,0.0,0.029023746701846966,0.24678979771328055,0.0,0.0,0.10970389914980944,0.0,0.14934036939313985,0.0,0.09035473468191146,0.0,0.05886836704778657,0.0,0.22919964819700966,0.08671943711521547,0.0,1,Emotional Spender,0
BUDU00002,469100,20395.652173913044,18100.0,46800,23,12394.591131943935,0.13043478260869565,0.17391304347826086,0.13043478260869565,0.391304347826087,0.0,0.043478260869565216,6,17,12,0.0,0.31996521739130435,0.6077075165949914,0.1043,0,0,0,0,0,0,43500,0,65700,0,46800,0,71300,0,189700,52100,0,Tunai,P,25.0,927277,0.853,E,Kelas E (Miskin),Desa Cikaret,Desa,2800,0.0,0.0,0.0,0.0,0.0,0.0,0.09273076103176295,0.0,0.14005542528245576,0.0,0.09976550842037946,0.0,0.15199317842677468,0.0,0.404391387763803,0.11106373907482413,0.0,0,Rational Spender,2
BUDU00003,9634300,160571.66666666666,119450.0,796300,60,136529.25816892946,0.36666666666666664,0.15,0.18333333333333332,0.15,0.016666666666666666,0.06666666666666667,9,41,12,0.016666666666666666,0.133975,0.8502699199875204,0.1867,2862300,0,999700,1923600,0,0,0,532400,1282500,0,173500,0,255800,0,763000,841500,0,Ovo,L,27.0,4824279,0.703,C,Kelas C (Menengah),Medan,Kota Besar,2400000,0.29709475519757533,0.0,0.10376467413304548,0.19966162565002127,0.0,0.0,0.0,0.05526089077566611,0.1331181300146352,0.0,0.018008573534143632,0.0,0.026550968933913205,0.0,0.07919620522508122,0.08734417653591854,0.0,1,Emotional Spender,0
BUDU00004,9710000,176545.45454545456,127100.0,737800,55,158396.97530101953,0.34545454545454546,0.16363636363636364,0.12727272727272726,0.2727272727272727,0.01818181818181818,0.10909090909090909,9,35,12,0.0,0.28318181818181815,0.8972022287905328,0.19,3538400,0,684400,1012900,0,0,0,386400,2539900,0,304100,0,141200,0,578400,524300,0,Gopay,L,43.0,6862528,0.653,C,Kelas C (Menengah),Bandung,Kota Besar,2500000,0.3644078269824923,0.0,0.07048403707518022,0.10431513903192585,0.0,0.0,0.0,0.039794026776519054,0.26157569515962925,0.0,0.03131822863027806,0.0,0.014541709577754892,0.0,0.059567456230690013,0.05399588053553038,0.0,1,Emotional Spender,0
BUDU00005,202000,18363.636363636364,13200.0,47300,11,13676.496095657887,0.2727272727272727,0.09090909090909091,0.45454545454545453,0.18181818181818182,0.0,0.09090909090909091,4,7,8,0.0,0.21177272727272725,0.7447596883774097,0.1364,0,0,0,0,0,0,47300,0,0,0,0,0,2700,0,58800,93200,0,Gopay,L,32.0,927565,0.854,E,Kelas E (Miskin),Pekalongan,Kota Kecil,310000,0.0,0.0,0.0,0.0,0.0,0.0,0.23415841584158417,0.0,0.0,0.0,0.0,0.0,0.013366336633663366,0.0,0.29108910891089107,0.4613861386138614,0.0,0,Rational Spender,2
BUDU00006,39045400,685007.0175438597,601000.0,2517900,57,488692.1642286136,0.2631578947368421,0.21052631578947367,0.21052631578947367,0.22807017543859648,0.40350877192982454,0.08771929824561403,10,35,12,0.0,0.25839122807017545,0.7134119092397818,0.2491,10179100,2429700,2251700,4276200,0,8583900,0,0,3623100,316600,0,0,0,3053900,0,2474400,1856800,Kartu Kredit,P,42.0,11245029,0.547,B,Kelas B (Menengah Atas),Tangerang,Metropolitan,2100000,0.26069908363085026,0.06222756073698822,0.05766876507860081,0.10951866288986667,0.0,0.21984407894399852,0.0,0.0,0.09279198061743509,0.008108509581154246,0.0,0.0,0.0,0.07821407899522095,0.0,0.06337238189389788,0.04755489763198738,1,Emotional Spender,0
BUDU00007,5334900,166715.625,146300.0,770000,32,151761.36851580616,0.1875,0.21875,0.15625,0.125,0.03125,0.0625,8,27,12,0.0,0.227271875,0.9103008102318313,0.1469,2443900,0,99300,382100,0,0,0,0,1137600,0,215200,0,195600,0,614900,246300,0,Gopay,P,34.0,4103996,0.687,C,Kelas C (Menengah),Tasikmalaya,Kota Kecil,700000,0.4580966840990459,0.0,0.018613282348310185,0.07162271082869408,0.0,0.0,0.0,0.0,0.21323736152505202,0.0,0.0403381506682412,0.0,0.036664229882472026,0.0,0.11525989240660556,0.04616768824157903,0.0,1,Emotional Spender,0
BUDU00008,56137800,561378.0,413350.0,3000000,100,481549.9956380333,0.21,0.19,0.16,0.2,0.25,0.08,10,51,12,0.0,0.230767,0.8577999060134763,0.1925,6658100,3916600,6044700,8065300,0,2202900,0,0,19023800,487800,0,0,0,3441400,0,2625900,3671300,Kartu Debit,P,43.0,7962580,0.562,B,Kelas B (Menengah Atas),Bandung,Kota Besar,2500000,0.11860279526450983,0.06976760756566877,0.10767611128330644,0.1436696842412777,0.0,0.03924093926017763,0.0,0.0,0.33887683521620016,0.00868933232153736,0.0,0.0,0.0,0.0613027229424737,0.0,0.046775969133097485,0.06539800277175094,1,Emotional Spender,0
BUDU00009,493400,27411.11111111111,19800.0,77800,18,23880.16378131068,0.4444444444444444,0.3333333333333333,0.05555555555555555,0.2777777777777778,0.0,0.16666666666666666,5,14,8,0.0,0.17823333333333335,0.8711855453254809,0.2806,0,0,0,0,0,0,0,0,118200,0,77800,0,62500,0,144600,90300,0,Tunai,L,44.0,1246290,0.96,E,Kelas E (Miskin),Bandung,Kota Besar,2500000,0.0,0.0,0.0,0.0,0.0,0.0,0.0,0.0,0.23956222132144306,0.0,0.15768139440616133,0.0,0.12667207134171057,0.0,0.2930685042561816,0.18301580867450346,0.0,0,Rational Spender,2
BUDU00010,9009500,152703.38983050847,117800.0,665000,59,135531.88067007004,0.3050847457627119,0.15254237288135594,0.2542372881355932,0.3220338983050847,0.0,0.13559322033898305,8,39,11,0.0,0.2534593220338983,0.8875499150379191,0.1729,2329700,0,1782700,831400,0,0,0,665000,2259700,0,0,0,232000,0,597900,311100,0,Ovo,P,32.0,4710164,0.669,C,Kelas C (Menengah),Purwokerto,Kota Kecil,290000,0.258582607247905,0.0,0.19786891614407015,0.09228037071979577,0.0,0.0,0.0,0.07381097730173705,0.2508130306898274,0.0,0.0,0.0,0.02575059659248571,0.0,0.06636328320106555,0.03453021810311338,0.0,1,Emotional Spender,0
BUDU00011,28490000,581428.5714285715,426600.0,3150000,49,536872.337013186,0.3469387755102041,0.20408163265306123,0.1836734693877551,0.22448979591836735,0.2857142857142857,0.04081632653061224,10,34,12,0.02040816326530612,0.29406530612244897,0.9233676557966343,0.2459,3281500,4769200,4354300,1278100,0,1831200,0,0,3607900,1875800,0,0,0,4509000,0,1567800,1415200,Kartu Kredit,L,27.0,19257096,0.652,B,Kelas B (Menengah Atas),Depok,Metropolitan,2200000,0.11518076518076518,0.1673990873990874,0.15283608283608283,0.04486135486135486,0.0,0.06427518427518428,0.0,0.0,0.12663741663741665,0.06584064584064583,0.0,0.0,0.0,0.15826605826605827,0.0,0.05502983502983503,0.04967356967356967,1,Emotional Spender,0
BUDU00012,360200,15660.869565217392,14800.0,32300,23,8098.301681129017,0.2608695652173913,0.17391304347826086,0.043478260869565216,0.17391304347826086,0.0,0.043478260869565216,4,18,12,0.0,0.19667391304347828,0.5171042161742571,0.15,0,0,0,0,0,0,0,0,111700,0,0,0,32600,0,102500,113400,0,Tunai,L,33.0,1418296,0.885,E,Kelas E (Miskin),Desa Cikaret,Desa,2800,0.0,0.0,0.0,0.0,0.0,0.0,0.0,0.0,0.31010549694614103,0.0,0.0,0.0,0.09050527484730705,0.0,0.2845641310383121,0.31482509716823986,0.0,0,Rational Spender,2
BUDU00013,12102800,186196.92307692306,161500.0,770000,65,149401.94732795362,0.24615384615384617,0.18461538461538463,0.12307692307692308,0.18461538461538463,0.015384615384615385,0.06153846153846154,9,37,12,0.015384615384615385,0.29460923076923073,0.8023867680468144,0.1538,2802700,0,1143500,236500,0,0,0,1500400,4140000,0,284200,0,120000,0,1174400,701100,0,Gopay,P,18.0,5042989,0.654,C,Kelas C (Menengah),Makassar,Kota Besar,1500000,0.23157451168324686,0.0,0.09448226856595168,0.019540932676735963,0.0,0.0,0.0,0.1239713124235714,0.34206960372806294,0.0,0.023482169415341904,0.0,0.009915060977625012,0.0,0.09703539676769012,0.057928743761774135,0.0,1,Emotional Spender,0
BUDU00014,1336100,58091.30434782609,33800.0,223100,23,60098.69090272554,0.34782608695652173,0.17391304347826086,0.17391304347826086,0.13043478260869565,0.0,0.17391304347826086,7,20,9,0.0,0.28486956521739126,1.0345557149634663,0.2,0,0,109600,0,0,0,148900,0,244100,0,418000,0,73000,0,228100,114400,0,Tunai,L,29.0,2957673,0.775,D,Kelas D (Menengah Bawah),Palembang,Kota Besar,1700000,0.0,0.0,0.08202978818950678,0.0,0.0,0.0,0.11144375421001422,0.0,0.18269590599506025,0.0,0.31285083451837437,0.0,0.05463662899483571,0.0,0.17072075443454832,0.08562233365766035,0.0,0,Rational Spender,2
BUDU00015,1298000,59000.0,41450.0,325000,22,66482.60065969283,0.2727272727272727,0.22727272727272727,0.045454545454545456,0.2727272727272727,0.0,0.13636363636363635,8,16,10,0.0,0.10620909090909092,1.1268237399947938,0.1841,0,0,160600,131100,0,0,45400,0,597100,0,50200,0,95400,0,203800,14400,0,Gopay,P,19.0,2017606,0.844,D,Kelas D (Menengah Bawah),Cirebon,Kota Kecil,320000,0.0,0.0,0.12372881355932204,0.1010015408320493,0.0,0.0,0.034976887519260404,0.0,0.4600154083204931,0.0,0.0386748844375963,0.0,0.07349768875192604,0.0,0.15701078582434513,0.011093990755007704,0.0,1,Emotional Spender,0
BUDU00016,6023200,162789.1891891892,133800.0,525400,37,114140.55853246078,0.40540540540540543,0.24324324324324326,0.1891891891891892,0.13513513513513514,0.0,0.10810810810810811,8,26,11,0.0,0.32166216216216215,0.7011556424659731,0.2311,814100,0,701100,524900,0,0,0,587800,2618600,0,0,0,87900,0,535600,153200,0,Kartu Debit,P,27.0,5529223,0.633,C,Kelas C (Menengah),Medan,Kota Besar,2400000,0.13516071191393278,0.0,0.11639992030814185,0.08714636737946606,0.0,0.0,0.0,0.0975893212910081,0.4347522911409218,0.0,0.0,0.0,0.014593571523442688,0.0,0.08892283171735954,0.025434984725727187,0.0,1,Emotional Spender,0
BUDU00017,1446500,57860.0,37500.0,198800,25,51885.20983864284,0.2,0.28,0.04,0.28,0.0,0.24,7,20,10,0.0,0.21938400000000002,0.8967371213038859,0.19,0,0,157200,61800,0,0,0,0,505800,0,71200,0,250300,0,311000,89200,0,Tunai,L,39.0,1524881,0.91,D,Kelas D (Menengah Bawah),Purwokerto,Kota Kecil,290000,0.0,0.0,0.10867611475976495,0.04272381610784653,0.0,0.0,0.0,0.0,0.3496716211545109,0.0,0.04922226062910474,0.0,0.17303836847563084,0.0,0.2150017283097131,0.06166609056342897,0.0,0,Rational Spender,2
BUDU00018,366524400,2979873.1707317075,2221800.0,17730300,123,2986943.560501027,0.24390243902439024,0.13008130081300814,0.14634146341463414,0.22764227642276422,0.8617886178861789,0.08130081300813008,10,61,12,0.008130081300813009,0.3072130081300813,1.0023727149996733,0.3089,8894600,85479000,30553900,21653400,35423900,23304300,0,0,0,8037300,0,16094600,0,62567400,0,0,74516000,Kartu Kredit,L,28.0,140210170,0.545,A,Kelas A (Kaya),Medan,Kota Besar,2400000,0.024267415757313837,0.23321503288730572,0.08336116231279554,0.059077649400694744,0.09664813584034242,0.06358185157659353,0.0,0.0,0.0,0.02192841731682802,0.0,0.04391140126005254,0.0,0.1707045970200074,0.0,0.0,0.20330433662806624,2,Impulsive Spender,1
BUDU00019,7548800,157266.66666666666,122100.0,700000,48,129334.33226930158,0.20833333333333334,0.10416666666666667,0.125,0.10416666666666667,0.0,0.0625,9,31,12,0.0,0.18862083333333335,0.8223887172698278,0.1135,1044600,0,516700,598400,0,0,0,744500,2673700,0,504800,0,131500,0,681300,653300,0,Gopay,L,42.0,5532405,0.788,C,Kelas C (Menengah),Medan,Kota Besar,2400000,0.1383796100042391,0.0,0.06844796523950826,0.07927087749046206,0.0,0.0,0.0,0.09862494701144553,0.3541887452310301,0.0,0.06687155574395931,0.0,0.017419987282746928,0.0,0.09025275540483256,0.08654355659177618,0.0,1,Emotional Spender,0
BUDU00020,43170400,664160.0,439800.0,3316400,65,736436.3549808633,0.2923076923076923,0.15384615384615385,0.09230769230769231,0.16923076923076924,0.2153846153846154,0.15384615384615385,10,38,12,0.03076923076923077,0.26639846153846153,1.1088237096194642,0.2146,5244500,7268000,7633800,4674700,0,5079100,0,0,7192700,975400,0,0,0,1354500,0,2164400,1583300,Kartu Debit,P,26.0,18681204,0.693,B,Kelas B (Menengah Atas),Depok,Metropolitan,2200000,0.12148370179567482,0.1683560958434483,0.17682949428311992,0.10828484331857013,0.0,0.11765237292218743,0.0,0.0,0.1666118451531605,0.02259418490447158,0.0,0.0,0.0,0.03137566480736801,0.0,0.05013620443637307,0.036675592535626265,1,Emotional Spender,0
BUDU00021,2105500,65796.875,61750.0,200200,32,45365.45143022101,0.25,0.09375,0.125,0.125,0.0,0.125,7,22,12,0.0,0.0692125,0.6894772955436107,0.1344,0,0,218000,213800,0,0,49000,0,842300,0,0,0,55200,0,421500,305700,0,Tunai,P,49.0,1763887,0.86,D,Kelas D (Menengah Bawah),Desa Panyingkiran,Desa,3700,0.0,0.0,0.10353835193540727,0.10154357634766088,0.0,0.0,0.023272381857041082,0.0,0.4000474946568511,0.0,0.0,0.0,0.026217050581809547,0.0,0.20018997862740442,0.1451911659938257,0.0,0,Rational Spender,2
BUDU00022,6226800,172966.66666666666,135450.0,781800,36,153217.0971437028,0.3055555555555556,0.1388888888888889,0.16666666666666666,0.16666666666666666,0.027777777777777776,0.05555555555555555,8,24,11,0.0,0.085825,0.885818638333221,0.1625,1211600,0,166500,398400,0,0,0,0,3502500,0,74200,0,109600,0,551400,212600,0,Transfer Bank,L,27.0,4060809,0.799,C,Kelas C (Menengah),Pekalongan,Kota Kecil,310000,0.1945782745551487,0.0,0.02673925611871266,0.06398149932549624,0.0,0.0,0.0,0.0,0.5624879552900366,0.0,0.011916233057107985,0.0,0.01760133615982527,0.0,0.08855270765079977,0.03414273784287274,0.0,1,Emotional Spender,0
BUDU00023,41172400,633421.5384615385,427600.0,3300000,65,648277.3341933575,0.16923076923076924,0.2153846153846154,0.09230769230769231,0.3230769230769231,0.27692307692307694,0.12307692307692308,10,41,12,0.015384615384615385,0.2865923076923077,1.0234532532125462,0.1977,7064200,2360200,4585900,2596100,0,5394700,0,0,5609600,266600,0,0,0,11725300,0,1036100,533700,Kartu Debit,L,35.0,9538158,0.461,B,Kelas B (Menengah Atas),Depok,Metropolitan,2200000,0.17157610438060447,0.05732480982405689,0.1113828681349642,0.06305437623262185,0.0,0.13102709582147265,0.0,0.0,0.13624661180791015,0.006475211549484606,0.0,0.0,0.0,0.28478543878909174,0.0,0.025164916303154542,0.012962567156638913,1,Emotional Spender,0
BUDU00024,321121500,3087706.730769231,2163800.0,16654300,104,2637259.9702590867,0.2403846153846154,0.23076923076923078,0.16346153846153846,0.21153846153846154,0.8942307692307693,0.125,10,52,12,0.019230769230769232,0.24075576923076922,0.8541160803837332,0.351,9102100,34521500,19814200,12741200,39854600,15728500,0,0,0,13854100,0,31909700,0,68608100,0,0,74987500,Kartu Kredit,P,51.0,143899340,0.506,A,Kelas A (Kaya),Tangerang Selatan,Metropolitan,1700000,0.02834472310324908,0.10750292334832766,0.06170312482969842,0.03967719383473234,0.12411065593552596,0.04897990324534483,0.0,0.0,0.0,0.04314286025694324,0.0,0.09936955326877833,0.0,0.21365153065117098,0.0,0.0,0.23351753152622917,2,Impulsive Spender,1
BUDU00025,1512100,52141.379310344826,46000.0,133700,29,38330.04712122425,0.3103448275862069,0.27586206896551724,0.1724137931034483,0.06896551724137931,0.0,0.06896551724137931,8,21,11,0.0,0.2944896551724138,0.7351176288046447,0.2017,0,0,63200,149100,0,0,20700,0,433400,0,127700,0,100300,0,210800,406900,0,Gopay,L,23.0,2335201,0.786,D,Kelas D (Menengah Bawah),Surabaya,Kota Besar,3100000,0.0,0.0,0.041796177501487994,0.09860458964354209,0.0,0.0,0.013689570795582303,0.0,0.28662125520798887,0.0,0.08445208650221546,0.0,0.06633159182593744,0.0,0.13940876926129225,0.26909595926195357,0.0,0,Rational Spender,2
BUDU00026,465159200,3020514.285714286,2005500.0,25336600,154,3446138.749941284,0.22727272727272727,0.17532467532467533,0.1038961038961039,0.24025974025974026,0.9285714285714286,0.11038961038961038,10,66,12,0.006493506493506494,0.3264623376623377,1.1409112568147801,0.3344,13356700,60226700,31402000,28883100,75172100,20126900,0,0,0,16342400,0,25591900,0,137197100,0,0,56860300,Kartu Kredit,L,55.0,116299920,0.339,A,Kelas A (Kaya),Depok,Metropolitan,2200000,0.028714255248525666,0.1294754570048276,0.06750807035526761,0.0620929350639523,0.16160510208117995,0.04326884215124628,0.0,0.0,0.0,0.03513291793433302,0.0,0.0550175079843632,0.0,0.29494654733261216,0.0,0.0,0.12223836484369223,2,Impulsive Spender,1
BUDU00027,35300900,588348.3333333334,432650.0,2885300,60,533670.4148555459,0.21666666666666667,0.16666666666666666,0.15,0.25,0.23333333333333334,0.1,10,38,12,0.0,0.21278,0.9070653975205377,0.1875,4363600,3483700,4563800,4109700,0,4248900,0,0,4424700,2100400,0,0,0,4209500,0,911300,2885300,Gopay,P,36.0,13519711,0.463,B,Kelas B (Menengah Atas),Jakarta,Metropolitan,10500000,0.12361157930817628,0.0986858691988023,0.12928282281754855,0.11641912812421214,0.0,0.12036237036449496,0.0,0.0,0.12534241336623145,0.05949989943599172,0.0,0.0,0.0,0.1192462515120011,0.0,0.025815205844610195,0.0817344600279313,1,Emotional Spender,0
BUDU00028,1842100,61403.333333333336,36600.0,247000,30,57359.636675455244,0.4,0.16666666666666666,0.06666666666666667,0.4,0.0,0.1,8,21,10,0.0,0.2917666666666667,0.9341453234154808,0.205,0,0,358200,11100,0,0,114100,0,723500,0,229000,0,34100,0,325000,47100,0,Gopay,L,39.0,1992229,0.755,D,Kelas D (Menengah Bawah),Desa Panyingkiran,Desa,3700,0.0,0.0,0.19445198414852613,0.006025731502090006,0.0,0.0,0.061940176971934206,0.0,0.39275826502361433,0.0,0.124314640898974,0.0,0.018511481461375604,0.0,0.17642907551164433,0.025568644481841377,0.0,0,Rational Spender,2
BUDU00029,350400,19466.666666666668,15050.0,51700,18,13147.175943681505,0.2222222222222222,0.05555555555555555,0.1111111111111111,0.2222222222222222,0.0,0.05555555555555555,5,13,9,0.0,0.23827777777777776,0.6753686272439129,0.1028,0,0,0,0,0,0,26400,0,103400,0,0,0,106700,0,63700,50200,0,Gopay,L,30.0,1379508,0.857,E,Kelas E (Miskin),Desa Cikaret,Desa,2800,0.0,0.0,0.0,0.0,0.0,0.0,0.07534246575342465,0.0,0.2950913242009132,0.0,0.0,0.0,0.3045091324200913,0.0,0.18179223744292236,0.1432648401826484,0.0,0,Rational Spender,2
BUDU00030,6081200,190037.5,128300.0,770000,32,178913.6550622728,0.28125,0.0625,0.125,0.25,0.0625,0.125,8,24,11,0.0,0.294203125,0.9414650006565694,0.1484,1933200,0,297300,1580400,0,0,0,27600,1348200,0,0,0,68400,0,612200,213900,0,Transfer Bank,P,21.0,6878147,0.697,C,Kelas C (Menengah),Medan,Kota Besar,2400000,0.31789778333223706,0.0,0.04888837729395514,0.25988291784516215,0.0,0.0,0.0,0.0045385779122541605,0.22169966453989345,0.0,0.0,0.0,0.011247780043412484,0.0,0.10067092021311583,0.03517397881996974,0.0,1,Emotional Spender,0
BUDU00031,2031700,63490.625,34500.0,250000,32,60225.41184462618,0.25,0.15625,0.125,0.25,0.0,0.15625,7,25,12,0.0,0.1714875,0.9485717276310665,0.1578,0,0,377800,185300,0,0,0,0,435500,0,183200,0,249700,0,375200,225000,0,Tunai,L,40.0,1587290,0.871,D,Kelas D (Menengah Bawah),Denpasar,Kota Besar,900000,0.0,0.0,0.18595265048973766,0.09120441009991632,0.0,0.0,0.0,0.0,0.2143525126741153,0.0,0.09017079293202737,0.0,0.1229020032485111,0.0,0.18467293399616086,0.11074469655953142,0.0,0,Rational Spender,2
BUDU00032,1172400,53290.90909090909,26800.0,179300,22,52227.34103431986,0.13636363636363635,0.2727272727272727,0.13636363636363635,0.13636363636363635,0.0,0.18181818181818182,6,17,8,0.0,0.2520318181818182,0.9800422234348661,0.1568,0,0,150800,0,0,0,276200,0,272300,0,0,0,38800,0,242900,191400,0,Gopay,P,37.0,2129400,0.77,D,Kelas D (Menengah Bawah),Purwokerto,Kota Kecil,290000,0.0,0.0,0.12862504264756056,0.0,0.0,0.0,0.23558512453087682,0.0,0.23225861480723303,0.0,0.0,0.0,0.03309450699419993,0.0,0.20718184919822585,0.1632548618219038,0.0,0,Rational Spender,2
BUDU00033,167700,16770.0,11900.0,42500,10,11505.655614136514,0.3,0.4,0.2,0.2,0.0,0.1,3,7,6,0.0,0.38257,0.6860856060904302,0.24,0,0,0,0,0,0,0,0,0,0,0,0,102800,0,42900,22000,0,Tunai,L,18.0,1334355,0.902,E,Kelas E (Miskin),Magelang,Kota Kecil,130000,0.0,0.0,0.0,0.0,0.0,0.0,0.0,0.0,0.0,0.0,0.0,0.0,0.6129994036970781,0.0,0.2558139534883721,0.13118664281454978,0.0,0,Rational Spender,2
BUDU00034,464943100,2672086.7816091953,1865550.0,14299700,174,2311622.0583088626,0.3103448275862069,0.16091954022988506,0.1896551724137931,0.19540229885057472,0.8908045977011494,0.08620689655172414,10,64,12,0.022988505747126436,0.27737183908045976,0.8650999189916833,0.348,35935500,51343800,36779000,35156800,23071000,11335800,0,0,0,22385900,0,42582100,0,122970800,0,0,83382400,Kartu Kredit,P,46.0,85407713,0.533,A,Kelas A (Kaya),Makassar,Kota Besar,1500000,0.07729010281042992,0.11043028706093283,0.0791043033007695,0.07561527421312414,0.04962112568183075,0.024381047917476355,0.0,0.0,0.0,0.048147612041129335,0.0,0.09158561553015843,0.0,0.26448569728209753,0.0,0.0,0.17933893416205124,2,Impulsive Spender,1
BUDU00035,637200,27704.347826086956,16800.0,125000,23,29917.575835510434,0.21739130434782608,0.17391304347826086,0.13043478260869565,0.08695652173913043,0.0,0.13043478260869565,6,18,11,0.0,0.3062,1.0798873889151601,0.1478,0,0,0,0,0,0,37000,0,132000,0,91300,0,96000,0,195300,85600,0,Tunai,P,39.0,1071718,0.931,E,Kelas E (Miskin),Tasikmalaya,Kota Kecil,700000,0.0,0.0,0.0,0.0,0.0,0.0,0.05806654111738858,0.0,0.2071563088512241,0.0,0.14328311362209667,0.0,0.15065913370998116,0.0,0.3064971751412429,0.13433772755806653,0.0,0,Rational Spender,2
BUDU00036,446438600,2843557.9617834394,2003900.0,17308600,157,2709538.996178354,0.27388535031847133,0.18471337579617833,0.1337579617834395,0.15286624203821655,0.8598726114649682,0.10828025477707007,10,62,12,0.012738853503184714,0.15630191082802547,0.9528692689207466,0.3395,29316500,53937300,34486700,21610500,12899700,24946900,0,0,0,9366300,0,40348600,0,118862400,0,0,100663700,Kartu Kredit,P,27.0,33101140,0.447,A,Kelas A (Kaya),Depok,Metropolitan,2200000,0.06566748484562043,0.12081683797055183,0.07724847269030949,0.04840643259789812,0.028894678909932966,0.05587980071615671,0.0,0.0,0.0,0.020980040704365616,0.0,0.0903788337298791,0.0,0.2662457950544599,0.0,0.0,0.22548162278082584,2,Impulsive Spender,1
BUDU00037,44048900,667407.5757575758,465900.0,3027200,66,569334.9740802472,0.2878787878787879,0.22727272727272727,0.15151515151515152,0.3181818181818182,0.3181818181818182,0.10606060606060606,8,38,12,0.030303030303030304,0.22830151515151514,0.8530544074720666,0.2485,9474800,5345600,5248500,3832200,0,6497600,0,0,12347500,0,0,0,0,0,0,448400,854300,Kartu Kredit,L,29.0,8536142,0.554,B,Kelas B (Menengah Atas),Bogor,Metropolitan,1100000,0.2150973123051881,0.1213560384027751,0.11915167007575672,0.0869987672790921,0.0,0.1475087913659592,0.0,0.0,0.2803134698028782,0.0,0.0,0.0,0.0,0.0,0.0,0.010179595858239366,0.019394354910111263,1,Emotional Spender,0
BUDU00038,1053600,52680.0,29150.0,292700,20,65198.51144571356,0.35,0.3,0.1,0.2,0.0,0.15,6,15,9,0.0,0.171945,1.237633095021138,0.235,0,0,68800,0,0,0,131700,0,496500,0,0,0,107700,0,163500,85400,0,Tunai,L,43.0,2985757,0.897,D,Kelas D (Menengah Bawah),Cirebon,Kota Kecil,320000,0.0,0.0,0.06529992406985573,0.0,0.0,0.0,0.125,0.0,0.4712414578587699,0.0,0.0,0.0,0.10222095671981776,0.0,0.15518223234624146,0.08105542900531511,0.0,0,Rational Spender,2
BUDU00039,2027800,59641.17647058824,43200.0,237500,34,50879.543532633295,0.23529411764705882,0.17647058823529413,0.2647058823529412,0.11764705882352941,0.0,0.08823529411764706,6,25,12,0.0,0.3970705882352941,0.8530942302542321,0.1485,0,0,178000,0,0,0,0,0,576800,0,298000,0,220600,0,520200,234200,0,Gopay,P,25.0,2066593,0.902,D,Kelas D (Menengah Bawah),Magelang,Kota Kecil,130000,0.0,0.0,0.08777985994674031,0.0,0.0,0.0,0.0,0.0,0.28444619784988656,0.0,0.14695729361870008,0.0,0.10878784890028602,0.0,0.25653417496794556,0.11549462471644147,0.0,0,Rational Spender,2
BUDU00040,433000,28866.666666666668,17900.0,100000,15,25889.619173568022,0.26666666666666666,0.13333333333333333,0.2,0.26666666666666666,0.0,0.06666666666666667,6,12,7,0.0,0.15362,0.8968690244884996,0.1433,0,0,0,0,0,0,100000,0,40600,0,37400,0,39700,0,111200,104100,0,Tunai,P,31.0,1469760,0.908,E,Kelas E (Miskin),Magelang,Kota Kecil,130000,0.0,0.0,0.0,0.0,0.0,0.0,0.23094688221709006,0.0,0.09376443418013856,0.0,0.08637413394919169,0.0,0.09168591224018476,0.0,0.25681293302540414,0.24041570438799076,0.0,0,Rational Spender,2
BUDU00041,6347700,181362.85714285713,128100.0,910000,35,167341.7392567646,0.3142857142857143,0.2571428571428571,0.08571428571428572,0.11428571428571428,0.02857142857142857,0.11428571428571428,8,27,12,0.0,0.2706085714285714,0.9226902459137579,0.21,1048800,0,1018200,0,0,0,0,367400,1579700,0,867700,0,146800,0,730900,588200,0,Kartu Debit,P,43.0,6125184,0.721,C,Kelas C (Menengah),Tegal,Kota Kecil,285000,0.16522519967862376,0.0,0.16040455598090647,0.0,0.0,0.0,0.0,0.05787923184775588,0.2488617924602612,0.0,0.13669518093167604,0.0,0.02312648675898357,0.0,0.11514406793011642,0.09266348441167667,0.0,1,Emotional Spender,0
BUDU00042,8654400,173088.0,135400.0,568500,50,126940.60098956455,0.42,0.2,0.16,0.18,0.0,0.06,9,32,12,0.0,0.256578,0.733387646685874,0.216,2299700,0,511500,1177000,0,0,0,806600,1748700,0,736800,0,338100,0,614600,421400,0,Gopay,P,44.0,5752120,0.754,C,Kelas C (Menengah),Bandung,Kota Besar,2500000,0.26572610464041413,0.0,0.059102884082085416,0.13600018487705676,0.0,0.0,0.0,0.0932011462377519,0.20205906821963393,0.0,0.08513588463671658,0.0,0.03906683305601775,0.0,0.07101589942688112,0.048691994823442414,0.0,1,Emotional Spender,0
BUDU00043,1067900,59327.77777777778,34100.0,328800,18,72934.17504084687,0.2777777777777778,0.16666666666666666,0.3333333333333333,0.2777777777777778,0.0,0.1111111111111111,7,16,10,0.0,0.28745,1.2293427762292757,0.1639,0,0,0,36000,0,0,328800,0,340100,0,33400,0,55200,0,142900,131500,0,Tunai,P,34.0,1849842,0.904,D,Kelas D (Menengah Bawah),Tasikmalaya,Kota Kecil,700000,0.0,0.0,0.0,0.03371102163123888,0.0,0.0,0.3078939975653151,0.0,0.318475512688454,0.0,0.031276336735649404,0.0,0.05169023316789961,0.0,0.13381402753066768,0.12313887068077535,0.0,0,Rational Spender,2
BUDU00044,63841000,619815.5339805825,362200.0,3750000,103,644663.3679616237,0.33980582524271846,0.21359223300970873,0.11650485436893204,0.1941747572815534,0.2815533980582524,0.13592233009708737,10,54,12,0.02912621359223301,0.331547572815534,1.0400890791191748,0.2597,11072700,9799200,5273100,5263000,0,3845500,0,0,9183900,376700,0,0,0,9629900,0,2206000,7191000,Kartu Debit,L,43.0,14259255,0.513,B,Kelas B (Menengah Atas),Surabaya,Kota Besar,3100000,0.17344183205150296,0.1534938362494322,0.08259739039175451,0.08243918484986137,0.0,0.06023558528218543,0.0,0.0,0.14385582932598173,0.005900596795162983,0.0,0.0,0.0,0.1508419354333422,0.0,0.03455459657586817,0.11263921304490844,1,Emotional Spender,0
BUDU00045,5386200,131370.73170731709,107700.0,447800,41,97751.46608594277,0.34146341463414637,0.0975609756097561,0.2682926829268293,0.24390243902439024,0.0,0.07317073170731707,9,31,10,0.0,0.24784146341463414,0.7440886171184978,0.1598,787100,0,538700,380200,0,0,0,323200,1345400,0,701300,0,119100,0,474400,716800,0,Gopay,L,21.0,5596841,0.705,C,Kelas C (Menengah),Makassar,Kota Besar,1500000,0.1461327095169136,0.0,0.10001485277189856,0.07058779844788533,0.0,0.0,0.0,0.06000519847016449,0.24978649140395826,0.0,0.13020311165571274,0.0,0.022112064163974602,0.0,0.08807693735843451,0.1330808362110579,0.0,1,Emotional Spender,0
BUDU00046,50540500,574323.8636363636,358700.0,3181400,88,636404.4412732024,0.29545454545454547,0.2159090909090909,0.17045454545454544,0.1590909090909091,0.23863636363636365,0.125,10,48,12,0.0,0.09816931818181818,1.1080933277676677,0.2347,6516800,13132400,3461400,4889600,0,4474900,0,0,3316900,2771600,0,0,0,7948500,0,2449000,1579400,Kartu Kredit,L,22.0,19608424,0.68,B,Kelas B (Menengah Atas),Makassar,Kota Besar,1500000,0.12894213551508196,0.2598391389084002,0.06848764851950416,0.09674617386056726,0.0,0.0885408731611282,0.0,0.0,0.06562855531702298,0.054839188373680514,0.0,0.0,0.0,0.1572699122485927,0.0,0.048456188601220807,0.0312501854948012,1,Emotional Spender,0
BUDU00047,7477900,173904.6511627907,132700.0,602900,43,126083.30381799617,0.23255813953488372,0.20930232558139536,0.18604651162790697,0.18604651162790697,0.0,0.046511627906976744,9,28,12,0.0,0.039590697674418605,0.7250139830933598,0.1512,1913600,0,777800,394300,0,0,0,393300,2338600,0,522600,0,198500,0,869800,69400,0,Transfer Bank,P,34.0,5782994,0.762,C,Kelas C (Menengah),Makassar,Kota Besar,1500000,0.2559007207905963,0.0,0.10401315877452226,0.05272870725738509,0.0,0.0,0.0,0.05259497987402881,0.3127348587170195,0.0,0.06988593054199708,0.0,0.02654488559622354,0.0,0.11631607804330092,0.009280680404926517,0.0,1,Emotional Spender,0
BUDU00048,1312500,43750.0,36300.0,112300,30,32665.70224942785,0.13333333333333333,0.16666666666666666,0.13333333333333333,0.2,0.0,0.16666666666666666,8,23,11,0.0,0.2903866666666667,0.7466446228440652,0.1217,0,0,50900,57900,0,0,145700,0,489800,0,81800,0,95300,0,209900,181200,0,Gopay,P,32.0,2430198,0.849,D,Kelas D (Menengah Bawah),Magelang,Kota Kecil,130000,0.0,0.0,0.03878095238095238,0.04411428571428572,0.0,0.0,0.11100952380952381,0.0,0.3731809523809524,0.0,0.062323809523809524,0.0,0.0726095238095238,0.0,0.15992380952380952,0.13805714285714285,0.0,0,Rational Spender,2
BUDU00049,1571100,50680.645161290326,34800.0,175600,31,41658.51189016749,0.1935483870967742,0.16129032258064516,0.22580645161290322,0.22580645161290322,0.0,0.12903225806451613,8,25,11,0.0,0.31454516129032256,0.8219806941602648,0.1355,0,0,256500,53700,0,0,55300,0,343200,0,173600,0,199500,0,185900,303400,0,Ovo,L,19.0,1919645,0.873,D,Kelas D (Menengah Bawah),Purwokerto,Kota Kecil,290000,0.0,0.0,0.1632614092037426,0.034179873973649036,0.0,0.0,0.03519826872891604,0.0,0.21844567500477372,0.0,0.11049583094647063,0.0,0.12698109604735536,0.0,0.11832474062758577,0.19311310546750685,0.0,0,Rational Spender,2
BUDU00050,38279100,648798.3050847457,488300.0,2854700,59,608805.6021456885,0.22033898305084745,0.0847457627118644,0.1864406779661017,0.2542372881355932,0.3050847457627119,0.1016949152542373,8,37,12,0.01694915254237288,0.3748949152542373,0.9383588048463946,0.1788,8965100,6567500,5353600,4475500,0,4554900,0,0,2581000,0,0,0,0,4729900,0,1051600,0,Kartu Kredit,L,37.0,9142845,0.488,B,Kelas B (Menengah Atas),Palembang,Kota Besar,1700000,0.23420352098142327,0.1715688195385994,0.13985699768280863,0.11691758688161424,0.0,0.11899182582662601,0.0,0.0,0.0674258276709745,0.0,0.0,0.0,0.0,0.1235635111588308,0.0,0.027471910259123124,0.0,1,Emotional Spender,0
BUDU00051,12108700,170545.0704225352,124400.0,623400,71,134546.52385883097,0.22535211267605634,0.15492957746478872,0.19718309859154928,0.2112676056338028,0.0,0.1267605633802817,9,44,12,0.0,0.2700478873239437,0.7889206268201375,0.1444,2433400,0,1539000,712900,0,0,0,1706100,3010400,0,656700,0,241300,0,1453800,355100,0,Gopay,L,40.0,4874772,0.752,C,Kelas C (Menengah),Bandung,Kota Besar,2500000,0.2009629439989429,0.0,0.12709869763062923,0.05887502374325898,0.0,0.0,0.0,0.1408986926755143,0.248614632454351,0.0,0.05423373277065251,0.0,0.019927820492703592,0.0,0.1200624344479589,0.029326021785988587,0.0,1,Emotional Spender,0
BUDU00052,443556800,2899064.052287582,2229300.0,19648400,153,2669043.8043528846,0.27450980392156865,0.1568627450980392,0.17647058823529413,0.24836601307189543,0.9281045751633987,0.0784313725490196,10,65,12,0.0,0.26012875816993464,0.9206570659405771,0.3405,17924200,47627300,40976800,16901000,58475700,22590200,0,0,0,15113100,0,19345800,0,69002900,0,0,135599800,Kartu Kredit,P,50.0,118420556,0.536,A,Kelas A (Kaya),Bogor,Metropolitan,1100000,0.04041015716589172,0.10737587609974641,0.09238230594142621,0.03810335001064125,0.13183362311207944,0.050929666730393945,0.0,0.0,0.0,0.034072524646223436,0.0,0.043615158193944945,0.0,0.15556722385949218,0.0,0.0,0.3057101142401604,2,Impulsive Spender,1
BUDU00053,2149900,53747.5,40250.0,209800,40,49133.75249882087,0.35,0.175,0.2,0.15,0.0,0.1,6,23,12,0.0,0.1321275,0.9141588445754848,0.19,0,0,660400,0,0,0,85500,0,541100,0,41000,0,0,0,427300,394600,0,Tunai,P,29.0,1670336,0.802,D,Kelas D (Menengah Bawah),Surabaya,Kota Besar,3100000,0.0,0.0,0.3071770780036281,0.0,0.0,0.0,0.03976929159495791,0.0,0.25168612493604353,0.0,0.01907065444904414,0.0,0.0,0.0,0.19875343039211127,0.18354342062421508,0.0,0,Rational Spender,2
BUDU00054,10333200,154226.8656716418,129800.0,604400,67,118652.22492402358,0.34328358208955223,0.2537313432835821,0.1044776119402985,0.208955223880597,0.0,0.07462686567164178,9,42,12,0.014925373134328358,0.284155223880597,0.7693356433543896,0.2075,2456100,0,1700900,813600,0,0,0,129800,2955000,0,116200,0,407800,0,986400,767400,0,Kartu Debit,P,28.0,3536060,0.647,C,Kelas C (Menengah),Tegal,Kota Kecil,285000,0.2376901637440483,0.0,0.16460534974644833,0.0787364998258042,0.0,0.0,0.0,0.012561452405837495,0.28597143188944374,0.0,0.011245306391050208,0.0,0.03946502535516587,0.0,0.09545929624898386,0.07426547439321798,0.0,1,Emotional Spender,0
BUDU00055,8719100,158529.0909090909,134400.0,630000,55,113067.84209413797,0.3090909090909091,0.16363636363636364,0.10909090909090909,0.21818181818181817,0.0,0.03636363636363636,8,34,12,0.01818181818181818,0.14613454545454546,0.7132308741931608,0.1627,1492200,0,960800,776900,0,0,0,382800,3607600,0,0,0,393500,0,975300,130000,0,Gopay,P,28.0,4749899,0.8,C,Kelas C (Menengah),Tangerang,Metropolitan,2100000,0.17114151689968002,0.0,0.11019485956119324,0.08910323313185994,0.0,0.0,0.0,0.04390361390510489,0.41375830074204906,0.0,0.0,0.0,0.045130804784897526,0.0,0.11185787523941691,0.014909795735798419,0.0,1,Emotional Spender,0
BUDU00056,10938300,158526.08695652173,116200.0,559600,69,123562.80571645232,0.18840579710144928,0.17391304347826086,0.13043478260869565,0.2463768115942029,0.0,0.11594202898550725,9,43,12,0.0,0.11653333333333332,0.7794477747396954,0.1355,1748000,0,1014500,1629500,0,0,0,563300,3036900,0,243700,0,187800,0,2024100,490500,0,Gopay,P,21.0,6706350,0.737,C,Kelas C (Menengah),Semarang,Kota Besar,1800000,0.1598054542296335,0.0,0.0927475018970041,0.14897196090800216,0.0,0.0,0.0,0.05149794757869139,0.2776391212528455,0.0,0.022279513269886544,0.0,0.01716902992238282,0.0,0.18504703655961163,0.044842434381942346,0.0,1,Emotional Spender,0
BUDU00057,1258000,62900.0,51800.0,143100,20,39309.219489098294,0.4,0.25,0.1,0.3,0.0,0.05,7,19,11,0.0,0.20268000000000003,0.6249478456136454,0.2225,0,0,232000,0,0,0,61400,0,298100,0,116200,0,276800,0,179400,94100,0,Tunai,P,35.0,2190178,0.868,D,Kelas D (Menengah Bawah),Pekalongan,Kota Kecil,310000,0.0,0.0,0.18441971383147854,0.0,0.0,0.0,0.04880763116057234,0.0,0.23696343402225756,0.0,0.09236883942766295,0.0,0.22003179650238475,0.0,0.14260731319554848,0.07480127186009539,0.0,0,Rational Spender,2
BUDU00058,36637400,610623.3333333334,484900.0,2078100,60,475135.7031369882,0.3333333333333333,0.13333333333333333,0.2,0.23333333333333334,0.25,0.15,10,42,12,0.03333333333333333,0.24508000000000002,0.7781158648872271,0.2292,2376100,7044800,4685300,1438600,0,944700,0,0,9338000,1067800,0,0,0,5885000,0,749300,3107800,Kartu Kredit,L,38.0,9910037,0.472,B,Kelas B (Menengah Atas),Bekasi,Metropolitan,2700000,0.06485449294982723,0.19228438699252676,0.12788298296276482,0.0392658867714412,0.0,0.025785126673836027,0.0,0.0,0.25487616479335323,0.029145081255765967,0.0,0.0,0.0,0.16062821051712184,0.0,0.020451778783428954,0.08482588829993394,1,Emotional Spender,0
BUDU00059,6511300,210041.93548387097,140300.0,945000,31,200849.22499924092,0.1935483870967742,0.12903225806451613,0.1935483870967742,0.1935483870967742,0.03225806451612903,0.0967741935483871,8,24,12,0.0,0.2455935483870968,0.9562339279370431,0.1274,1338700,0,1191000,0,0,0,0,354700,2732400,0,172300,0,103600,0,230000,388600,0,Ovo,L,31.0,5761579,0.713,C,Kelas C (Menengah),Jombang,Kota Kecil,190000,0.20559642467709982,0.0,0.18291278239368483,0.0,0.0,0.0,0.0,0.0544745288959194,0.4196397032850583,0.0,0.026461689677944496,0.0,0.015910801222490133,0.0,0.03532320734722713,0.05968086250057592,0.0,1,Emotional Spender,0
BUDU00060,37956700,566517.9104477612,474000.0,3150000,67,464799.28184284904,0.2835820895522388,0.1791044776119403,0.208955223880597,0.1791044776119403,0.23880597014925373,0.029850746268656716,10,40,12,0.014925373134328358,0.2510731343283582,0.8204494037540377,0.2052,7544100,2430500,6513400,4275300,0,2708100,0,0,7340800,1658400,0,0,0,3818800,0,1429000,238300,Kartu Kredit,L,44.0,16727375,0.509,B,Kelas B (Menengah Atas),Denpasar,Kota Besar,900000,0.19875542394359888,0.06403349079345676,0.17160079775112166,0.11263624076908688,0.0,0.07134708760245227,0.0,0.0,0.19339932080502256,0.043691891023192216,0.0,0.0,0.0,0.10060937858138352,0.0,0.03764816224803526,0.006278206482649967,1,Emotional Spender,0
BUDU00061,1260700,46692.59259259259,33500.0,184300,27,39022.133028537355,0.25925925925925924,0.2962962962962963,0.1111111111111111,0.37037037037037035,0.0,0.07407407407407407,7,21,12,0.0,0.061407407407407404,0.835724273634099,0.1907,0,0,46300,26700,0,0,311100,0,331500,0,50000,0,0,0,131100,364000,0,Gopay,L,22.0,1699675,0.768,D,Kelas D (Menengah Bawah),Denpasar,Kota Besar,900000,0.0,0.0,0.03672562861902118,0.021178710240342666,0.0,0.0,0.2467676687554533,0.0,0.26294915523122075,0.0,0.039660506068057426,0.0,0.0,0.0,0.10398984691044658,0.2887284841754581,0.0,0,Rational Spender,2
BUDU00062,1089500,45395.833333333336,39500.0,89400,24,22149.403351796627,0.2916666666666667,0.16666666666666666,0.2916666666666667,0.20833333333333334,0.0,0.041666666666666664,8,18,10,0.0,0.3348125,0.48791709999368427,0.1583,0,0,89400,30300,0,0,84900,0,314400,0,84100,0,29900,0,126000,330500,0,Gopay,L,30.0,1530106,0.79,D,Kelas D (Menengah Bawah),Kediri,Kota Kecil,320000,0.0,0.0,0.08205598898577329,0.027810922441486922,0.0,0.0,0.07792565396971088,0.0,0.288572739788894,0.0,0.07719137218907755,0.0,0.027443781551170263,0.0,0.1156493804497476,0.3033501606241395,0.0,0,Rational Spender,2
BUDU00063,10153600,156209.23076923078,127200.0,945000,65,142976.68048832836,0.24615384615384617,0.13846153846153847,0.13846153846153847,0.2,0.015384615384615385,0.1076923076923077,9,39,12,0.03076923076923077,0.30295076923076925,0.9152895752975637,0.1469,1279600,0,1117400,725400,0,0,0,945000,2503300,0,583700,0,529800,0,1639300,830100,0,Gopay,P,31.0,3347681,0.724,C,Kelas C (Menengah),Surabaya,Kota Besar,3100000,0.12602426725496377,0.0,0.11004963756697132,0.07144264103372203,0.0,0.0,0.0,0.09307043807122597,0.2465430980144973,0.0,0.05748699968484085,0.0,0.052178537661519066,0.0,0.16145012606366216,0.08175425464859754,0.0,1,Emotional Spender,0
BUDU00064,1283100,49350.0,43050.0,141200,26,31566.44104108032,0.2692307692307692,0.15384615384615385,0.19230769230769232,0.4230769230769231,0.0,0.07692307692307693,7,20,10,0.0,0.3182807692307692,0.6396441953613033,0.1519,0,0,94300,75800,0,0,0,0,248100,0,56000,0,170000,0,307300,331600,0,Ovo,L,25.0,2247371,0.776,D,Kelas D (Menengah Bawah),Jombang,Kota Kecil,190000,0.0,0.0,0.0734938820045203,0.05907567609695269,0.0,0.0,0.0,0.0,0.19335983165770398,0.0,0.0436442989634479,0.0,0.13249162185332397,0.0,0.23949809056192034,0.2584365988621308,0.0,0,Rational Spender,2
BUDU00065,7233900,176436.58536585365,143600.0,735000,41,139257.65644318727,0.4634146341463415,0.21951219512195122,0.07317073170731707,0.14634146341463414,0.024390243902439025,0.04878048780487805,9,32,12,0.0,0.2285439024390244,0.7892788003940722,0.2402,1284000,0,644700,1063500,0,0,0,712900,1027700,0,199300,0,745300,0,850800,705700,0,Gopay,P,42.0,3320934,0.797,C,Kelas C (Menengah),Yogyakarta,Kota Besar,420000,0.1774976153941857,0.0,0.08912205034628623,0.14701613237672626,0.0,0.0,0.0,0.0985498831888746,0.14206721132445846,0.0,0.027550837031200322,0.0,0.10302879497919518,0.0,0.117612905901381,0.09755456945769225,0.0,1,Emotional Spender,0
BUDU00066,365309400,2922475.2,1980000.0,18132100,125,3072473.0512914606,0.264,0.208,0.184,0.232,0.864,0.12,10,58,12,0.024,0.26605840000000003,1.0513256199031082,0.3456,11155400,55081300,34823300,10476100,36682200,10360100,0,0,0,10307900,0,18624500,0,96948900,0,0,80849700,Kartu Kredit,P,34.0,42215386,0.393,A,Kelas A (Kaya),Jakarta,Metropolitan,10500000,0.03053685451291426,0.15077985948349537,0.09532549668856044,0.02867733488379987,0.100414059972177,0.028359795833340178,0.0,0.0,0.0,0.028216903260633315,0.0,0.050982810735228826,0.0,0.2653884624923421,0.0,0.0,0.22131842213750863,2,Impulsive Spender,1
BUDU00067,39127500,698705.3571428572,525400.0,3228300,56,617714.9532149313,0.21428571428571427,0.17857142857142858,0.17857142857142858,0.125,0.39285714285714285,0.10714285714285714,10,40,12,0.0,0.39726607142857145,0.8840850394233251,0.2232,8407600,2074900,1048100,2344600,0,6091800,0,0,5380600,834400,0,0,0,9317600,0,334700,3293200,Kartu Debit,L,27.0,16571213,0.595,B,Kelas B (Menengah Atas),Jakarta,Metropolitan,10500000,0.2148770046642387,0.05302919941217814,0.02678678678678679,0.059922049709283755,0.0,0.15569101015909526,0.0,0.0,0.13751453581240816,0.021325154942176218,0.0,0.0,0.0,0.23813430451728324,0.0,0.00855408600089451,0.08416586799565523,1,Emotional Spender,0
BUDU00068,436111200,2795584.6153846155,1890800.0,19325500,156,2811599.3595461813,0.3333333333333333,0.20512820512820512,0.20512820512820512,0.1794871794871795,0.8717948717948718,0.10897435897435898,10,63,12,0.02564102564102564,0.15948717948717947,1.0057285850241964,0.3689,30886000,68471300,30278600,9100000,33645000,10718700,0,0,0,12518400,0,29053000,0,110762500,0,0,100677700,Kartu Kredit,L,37.0,79054836,0.493,A,Kelas A (Kaya),Bekasi,Metropolitan,2700000,0.070821386838953,0.15700422277620937,0.06942862279161828,0.02086623778522542,0.07714775497625376,0.024577905818516012,0.0,0.0,0.0,0.0287046056143479,0.0,0.06661833037078617,0.0,0.25397765524022314,0.0,0.0,0.23085327778786693,2,Impulsive Spender,1
BUDU00069,175600,17560.0,15200.0,43100,10,12557.618316296199,0.4,0.2,0.3,0.2,0.0,0.0,4,7,6,0.0,0.21322000000000002,0.7151263278073006,0.2,0,0,0,0,0,0,0,0,68700,0,0,0,5300,0,90700,10900,0,Tunai,L,35.0,1224271,0.903,E,Kelas E (Miskin),Tasikmalaya,Kota Kecil,700000,0.0,0.0,0.0,0.0,0.0,0.0,0.0,0.0,0.39123006833712987,0.0,0.0,0.0,0.03018223234624146,0.0,0.5165148063781321,0.062072892938496584,0.0,0,Rational Spender,2
BUDU00070,14190900,199871.8309859155,165700.0,774900,71,143891.30737479648,0.36619718309859156,0.1267605633802817,0.11267605633802817,0.19718309859154928,0.014084507042253521,0.07042253521126761,7,37,12,0.0,0.2851352112676056,0.7199178927066324,0.1796,1720700,0,1745300,1468800,0,0,0,0,6447900,0,0,0,1051600,0,1189000,567600,0,Kartu Debit,P,19.0,5964482,0.765,C,Kelas C (Menengah),Yogyakarta,Kota Besar,420000,0.12125376121317182,0.0,0.12298726648767873,0.10350294907299748,0.0,0.0,0.0,0.0,0.4543686446948397,0.0,0.0,0.0,0.07410382710046579,0.0,0.08378608826783361,0.03999746316301292,0.0,1,Emotional Spender,0
BUDU00071,1675100,46530.555555555555,38750.0,128500,36,35319.438755000825,0.16666666666666666,0.16666666666666666,0.1111111111111111,0.1388888888888889,0.0,0.1111111111111111,6,24,10,0.0,0.09635277777777779,0.7590590383738461,0.125,0,0,140200,0,0,0,0,0,439200,0,126000,0,322600,0,288200,358900,0,Gopay,L,39.0,2284598,0.871,D,Kelas D (Menengah Bawah),Jombang,Kota Kecil,190000,0.0,0.0,0.08369649573159811,0.0,0.0,0.0,0.0,0.0,0.26219330189242435,0.0,0.07521938988717092,0.0,0.1925855172825503,0.0,0.172049429884783,0.21425586532147334,0.0,0,Rational Spender,2
BUDU00072,6757300,177823.68421052632,136600.0,588200,38,141160.95745773357,0.15789473684210525,0.07894736842105263,0.18421052631578946,0.3157894736842105,0.0,0.10526315789473684,9,28,11,0.0,0.25366578947368423,0.7938254011800387,0.0947,1545200,0,1223800,675600,0,0,0,427000,1613900,0,237200,0,124700,0,424200,485700,0,Gopay,P,24.0,6598298,0.719,C,Kelas C (Menengah),Palembang,Kota Besar,1700000,0.2286712148343273,0.0,0.18110783892975005,0.09998076154677164,0.0,0.0,0.0,0.06319091945007621,0.23883799742500703,0.0,0.03510277773666997,0.0,0.01845411628905036,0.0,0.06277655276515769,0.07187782102318974,0.0,1,Emotional Spender,0
BUDU00073,144723100,2412051.6666666665,1738250.0,9065600,60,2069006.0991047777,0.21666666666666667,0.16666666666666666,0.15,0.2833333333333333,0.8666666666666667,0.1,10,38,12,0.05,0.1164,0.8577785159818071,0.3142,3149600,15393300,5662300,8506400,15188700,8401600,0,0,0,3334000,0,18934300,0,46746100,0,0,19406800,Kartu Kredit,P,29.0,123223274,0.549,A,Kelas A (Kaya),Tangerang,Metropolitan,2100000,0.02176293901941017,0.10636380785099268,0.039125060201170375,0.05877707152486369,0.10495007362335385,0.05805293004364887,0.0,0.0,0.0,0.023037096358494255,0.0,0.13083122182982537,0.0,0.32300372228068636,0.0,0.0,0.13409607726755438,2,Impulsive Spender,1
BUDU00074,2039100,55110.81081081081,49100.0,173200,37,41323.79448926479,0.24324324324324326,0.1891891891891892,0.16216216216216217,0.2702702702702703,0.0,0.02702702702702703,7,24,11,0.0,0.32275945945945944,0.7498310019630214,0.1459,0,0,161700,0,0,0,420600,0,360400,0,55100,0,372700,0,404400,264200,0,Gopay,L,24.0,2571096,0.814,D,Kelas D (Menengah Bawah),Tasikmalaya,Kota Kecil,700000,0.0,0.0,0.07929969104016478,0.0,0.0,0.0,0.2062674709430631,0.0,0.1767446422441273,0.0,0.02702172527095287,0.0,0.18277671521749791,0.0,0.19832278946594087,0.12956696581825314,0.0,0,Rational Spender,2
BUDU00075,404000,21263.157894736843,17300.0,95000,19,22504.004841763803,0.21052631578947367,0.10526315789473684,0.2631578947368421,0.10526315789473684,0.0,0.10526315789473684,6,15,11,0.0,0.3195789473684211,1.058356663350278,0.1211,0,0,0,0,0,0,95000,0,92100,0,82300,0,58300,0,47400,28900,0,Tunai,L,23.0,960475,0.924,E,Kelas E (Miskin),Cirebon,Kota Kecil,320000,0.0,0.0,0.0,0.0,0.0,0.0,0.23514851485148514,0.0,0.22797029702970298,0.0,0.2037128712871287,0.0,0.1443069306930693,0.0,0.11732673267326732,0.07153465346534653,0.0,0,Rational Spender,2
BUDU00076,2474700,70705.71428571429,40700.0,262500,35,69487.46794696632,0.2571428571428571,0.2857142857142857,0.08571428571428572,0.2571428571428571,0.0,0.08571428571428572,7,26,10,0.0,0.22489714285714288,0.9827701855351442,0.1886,0,0,0,390100,0,0,179300,0,959200,0,308000,0,85700,0,309100,243300,0,Tunai,L,47.0,2375087,0.753,D,Kelas D (Menengah Bawah),Blitar,Kota Kecil,150000,0.0,0.0,0.0,0.15763526892148544,0.0,0.0,0.07245322665373581,0.0,0.3876025376813351,0.0,0.12445953044813513,0.0,0.034630460257809026,0.0,0.12490402877116419,0.09831494726633531,0.0,0,Rational Spender,2
BUDU00077,11345900,182998.38709677418,127950.0,665000,62,150213.35590565126,0.0967741935483871,0.24193548387096775,0.0967741935483871,0.22580645161290322,0.0,0.08064516129032258,7,35,12,0.0,0.16361612903225806,0.8208452450797538,0.1185,2945800,0,281800,677600,0,0,0,558500,4249700,0,0,0,0,0,1173000,1459500,0,Gopay,L,42.0,5828954,0.806,C,Kelas C (Menengah),Jombang,Kota Kecil,190000,0.25963563930582856,0.0,0.024837165848456272,0.05972201411963793,0.0,0.0,0.0,0.04922483011484325,0.37455821045487797,0.0,0.0,0.0,0.0,0.0,0.10338536387593757,0.12863677628041847,0.0,1,Emotional Spender,0
BUDU00078,33103100,636598.0769230769,426300.0,3000000,52,567578.543408228,0.38461538461538464,0.15384615384615385,0.11538461538461539,0.21153846153846154,0.2692307692307692,0.15384615384615385,10,36,12,0.0,0.3191326923076923,0.8915806754421144,0.2577,7756600,4296900,2786800,950900,0,883500,0,0,4781400,667100,0,0,0,6008300,0,585100,4386500,Gopay,L,26.0,9422171,0.598,B,Kelas B (Menengah Atas),Jakarta,Metropolitan,10500000,0.23431642353737264,0.12980355314154868,0.08418546903462214,0.02872540638187964,0.0,0.026689343294132573,0.0,0.0,0.14443964462542783,0.02015219118451142,0.0,0.0,0.0,0.18150263872567826,0.0,0.017675081789922997,0.13251024828490382,1,Emotional Spender,0
BUDU00079,1799600,69215.38461538461,39150.0,278900,26,73153.85262476715,0.2692307692307692,0.11538461538461539,0.19230769230769232,0.3076923076923077,0.0,0.15384615384615385,7,23,10,0.0,0.2821730769230769,1.0569016271637843,0.1519,0,0,847400,60700,0,0,83100,0,546500,0,0,0,52800,0,124000,85100,0,Tunai,P,43.0,2405582,0.809,D,Kelas D (Menengah Bawah),Desa Cikaret,Desa,2800,0.0,0.0,0.47088241831518113,0.03372971771504779,0.0,0.0,0.04617692820626806,0.0,0.3036785952433874,0.0,0.0,0.0,0.029339853300733496,0.0,0.06890420093354079,0.0472882862858413,0.0,0,Rational Spender,2
BUDU00080,5885600,168160.0,126700.0,469300,35,123835.37981577659,0.2,0.14285714285714285,0.17142857142857143,0.2,0.0,0.05714285714285714,9,28,12,0.02857142857142857,0.24807428571428575,0.736414009370698,0.1214,970400,0,1140000,211500,0,0,0,30600,2299700,0,322700,0,174500,0,489000,247200,0,Gopay,P,30.0,3563428,0.669,C,Kelas C (Menengah),Kediri,Kota Kecil,320000,0.1648769879026777,0.0,0.19369308141905667,0.035935163789588144,0.0,0.0,0.0,0.005199130080195732,0.3907333152100041,0.0,0.05482873453853473,0.0,0.02964863395405736,0.0,0.08308413755606905,0.0420008155498165,0.0,1,Emotional Spender,0
BUDU00081,9286100,140698.48484848486,105250.0,418300,66,106660.58387012116,0.3484848484848485,0.18181818181818182,0.19696969696969696,0.22727272727272727,0.0,0.10606060606060606,9,39,12,0.015151515151515152,0.3214772727272727,0.7580791220671752,0.1924,1929200,0,410400,163800,0,0,0,1510500,2501800,0,473300,0,505800,0,712100,1079200,0,Gopay,P,35.0,3712143,0.718,C,Kelas C (Menengah),Jakarta,Metropolitan,10500000,0.20775137032769408,0.0,0.044195087280989864,0.017639267291974025,0.0,0.0,0.0,0.16266247402030992,0.26941342436544946,0.0,0.0509686520713755,0.0,0.054468506692798915,0.0,0.07668450695124972,0.11621671099815854,0.0,1,Emotional Spender,0
BUDU00082,1769600,53624.242424242424,33800.0,185400,33,45723.804182716405,0.2727272727272727,0.21212121212121213,0.18181818181818182,0.24242424242424243,0.0,0.12121212121212122,8,25,9,0.0,0.09066363636363636,0.8526703989769673,0.1773,0,0,224100,21800,0,0,161800,0,412600,0,45800,0,278400,0,240400,384700,0,Tunai,L,31.0,2699673,0.846,D,Kelas D (Menengah Bawah),Tasikmalaya,Kota Kecil,700000,0.0,0.0,0.1266387884267631,0.012319168173598554,0.0,0.0,0.09143309222423146,0.0,0.23316003616636527,0.0,0.02588155515370705,0.0,0.15732368896925858,0.0,0.1358499095840868,0.21739376130198915,0.0,0,Rational Spender,2
BUDU00083,1439100,55350.0,43800.0,145800,26,33798.51180155718,0.38461538461538464,0.15384615384615385,0.11538461538461539,0.2692307692307692,0.0,0.07692307692307693,7,21,10,0.038461538461538464,0.16720769230769233,0.6106325528736618,0.1923,0,0,145800,0,0,0,72500,0,497800,0,87600,0,98100,0,414500,122800,0,Tunai,P,32.0,2101144,0.911,D,Kelas D (Menengah Bawah),Magelang,Kota Kecil,130000,0.0,0.0,0.10131332082551595,0.0,0.0,0.0,0.05037870891529428,0.0,0.3459106385935654,0.0,0.06087137794454868,0.0,0.06816760475297061,0.0,0.28802723924675144,0.08533110972135362,0.0,0,Rational Spender,2
BUDU00084,845200,44484.21052631579,44800.0,106100,19,21512.690393189238,0.2631578947368421,0.15789473684210525,0.10526315789473684,0.21052631578947367,0.0,0.05263157894736842,6,17,10,0.0,0.4095684210526316,0.4836028365719304,0.1474,0,0,162200,0,0,0,0,0,234800,0,111500,0,44900,0,200500,91300,0,Gopay,P,49.0,2759683,0.789,D,Kelas D (Menengah Bawah),Yogyakarta,Kota Besar,420000,0.0,0.0,0.19190724088973024,0.0,0.0,0.0,0.0,0.0,0.27780407004259344,0.0,0.1319214387127307,0.0,0.053123521060104116,0.0,0.23722195929957407,0.10802176999526739,0.0,0,Rational Spender,2
BUDU00085,7806700,181551.16279069768,136200.0,581300,43,145299.74334210777,0.3953488372093023,0.18604651162790697,0.16279069767441862,0.18604651162790697,0.0,0.09302325581395349,8,32,12,0.0,0.10945348837209302,0.8003239478538479,0.2081,1460100,0,980300,1325300,0,0,0,496200,1538300,0,0,0,291200,0,1144000,571300,0,Ovo,P,22.0,5610984,0.733,C,Kelas C (Menengah),Cirebon,Kota Kecil,320000,0.18703165229866653,0.0,0.1255716243739352,0.1697644331151447,0.0,0.0,0.0,0.06356078752866128,0.19704868894667402,0.0,0.0,0.0,0.037301292479536806,0.0,0.1465407918838946,0.07318072937348688,0.0,1,Emotional Spender,0
BUDU00086,41816000,624119.4029850747,463100.0,2677300,67,513502.4007021884,0.31343283582089554,0.14925373134328357,0.19402985074626866,0.2537313432835821,0.2835820895522388,0.1044776119402985,10,41,12,0.0,0.22530298507462687,0.8227630774595039,0.2269,2308100,3276400,2765800,6012100,0,2544200,0,0,10365500,734000,0,0,0,9037100,0,1603400,3169400,Kartu Kredit,L,27.0,10810920,0.457,B,Kelas B (Menengah Atas),Bekasi,Metropolitan,2700000,0.055196575473502964,0.0783527836234934,0.06614214654677636,0.14377511000573942,0.0,0.06084273962119763,0.0,0.0,0.24788358523053378,0.017553089726420508,0.0,0.0,0.0,0.2161158408264779,0.0,0.038344174478668454,0.07579395446718959,1,Emotional Spender,0
BUDU00087,59783400,649819.5652173914,480800.0,3519200,92,590120.878702938,0.3695652173913043,0.18478260869565216,0.18478260869565216,0.29347826086956524,0.2608695652173913,0.08695652173913043,9,48,12,0.03260869565217391,0.3450271739130435,0.9081303646274766,0.25,11475400,5068400,4794100,4464500,0,4781300,0,0,12890800,2322300,0,0,0,11697700,0,2288900,0,Kartu Kredit,P,47.0,15121896,0.517,B,Kelas B (Menengah Atas),Denpasar,Kota Besar,900000,0.19194960473977726,0.08477938692011495,0.08019115674250711,0.07467792062679607,0.0,0.0799770504855863,0.0,0.0,0.21562507318084953,0.03884523128493863,0.0,0.0,0.0,0.19566802824864427,0.0,0.03828654777078587,0.0,1,Emotional Spender,0
BUDU00088,1981600,60048.48484848485,52900.0,162300,33,44434.341457453556,0.36363636363636365,0.12121212121212122,0.30303030303030304,0.18181818181818182,0.0,0.030303030303030304,7,24,11,0.0,0.2709939393939394,0.7399743985143153,0.1682,0,0,101400,0,0,0,21500,0,971000,0,70800,0,111800,0,347500,357600,0,Gopay,P,45.0,1829265,0.833,D,Kelas D (Menengah Bawah),Semarang,Kota Besar,1800000,0.0,0.0,0.051170771094065405,0.0,0.0,0.0,0.010849818328623334,0.0,0.49000807428340737,0.0,0.03572870407751312,0.0,0.05641905530884134,0.0,0.17536334275333065,0.1804602341542188,0.0,0,Rational Spender,2
BUDU00089,12655600,188889.55223880598,128700.0,875000,67,167511.28603708014,0.3283582089552239,0.19402985074626866,0.16417910447761194,0.19402985074626866,0.014925373134328358,0.1044776119402985,9,43,12,0.0,0.23152089552238808,0.8868213411046785,0.1918,1650400,0,980600,1316400,0,0,0,1153700,3960200,0,970500,0,828400,0,868500,926900,0,Kartu Debit,L,38.0,5795383,0.817,C,Kelas C (Menengah),Bandung,Kota Besar,2500000,0.1304086728404817,0.0,0.07748348557160467,0.10401719396946806,0.0,0.0,0.0,0.0911612250703246,0.3129207623502639,0.0,0.07668541989316982,0.0,0.06545718891241822,0.0,0.06862574670501596,0.07324030468725308,0.0,1,Emotional Spender,0
BUDU00090,49635200,653094.7368421053,552350.0,3512500,76,578231.4187000995,0.2236842105263158,0.2236842105263158,0.17105263157894737,0.17105263157894737,0.2631578947368421,0.06578947368421052,9,43,12,0.013157894736842105,0.23883026315789474,0.8853714263508067,0.2079,5652100,11058300,3808300,4746000,0,2677200,0,0,13796100,0,0,0,0,4610700,0,1404500,1882000,Kartu Kredit,P,45.0,13885601,0.613,B,Kelas B (Menengah Atas),Jakarta,Metropolitan,10500000,0.11387281606601767,0.22279148668686738,0.0767257913738637,0.09561762620076075,0.0,0.05393752820578944,0.0,0.0,0.27794992263554896,0.0,0.0,0.0,0.0,0.09289173812133325,0.0,0.02829645090580878,0.037916639804010055,1,Emotional Spender,0
BUDU00091,5585400,159582.85714285713,138700.0,542300,35,105905.20313195273,0.42857142857142855,0.2857142857142857,0.14285714285714285,0.22857142857142856,0.0,0.05714285714285714,8,25,12,0.0,0.27311714285714284,0.663637717910686,0.2443,1099400,0,1005900,755200,0,0,0,288500,1355500,0,0,0,437100,0,621600,22200,0,Gopay,L,25.0,4065993,0.639,C,Kelas C (Menengah),Surabaya,Kota Besar,3100000,0.19683460450460127,0.0,0.18009453217316576,0.13520965374010813,0.0,0.0,0.0,0.05165252264833316,0.24268628925412683,0.0,0.0,0.0,0.07825760017187668,0.0,0.11129014931786443,0.003974648189923729,0.0,1,Emotional Spender,0
BUDU00092,61161300,672102.1978021978,454200.0,3900000,91,678819.9324281681,0.2967032967032967,0.17582417582417584,0.13186813186813187,0.21978021978021978,0.2967032967032967,0.16483516483516483,10,49,12,0.03296703296703297,0.3369835164835165,1.0099951088509123,0.2407,5825600,1480700,12465900,6014000,0,2620700,0,0,10943000,1621800,0,0,0,6733600,0,2607900,10848100,Kartu Kredit,L,48.0,9396821,0.522,B,Kelas B (Menengah Atas),Medan,Kota Besar,2400000,0.0952497739583691,0.024209753553309038,0.20382006268669894,0.09833015321780277,0.0,0.0428489911103917,0.0,0.0,0.1789203303396102,0.026516767956207603,0.0,0.0,0.0,0.11009576317050161,0.0,0.04263970844308411,0.17736869556402496,1,Emotional Spender,0
BUDU00093,67831500,721611.7021276596,461400.0,3346000,94,731057.764344121,0.26595744680851063,0.14893617021276595,0.14893617021276595,0.20212765957446807,0.2978723404255319,0.10638297872340426,10,49,12,0.0,0.13347446808510638,1.0130902287041768,0.2133,15071200,11085000,5026400,4014500,0,5601000,0,0,8386000,794500,0,0,0,12779200,0,1923700,3150000,Kartu Debit,P,48.0,12156441,0.458,B,Kelas B (Menengah Atas),Tangerang Selatan,Metropolitan,1700000,0.22218585760303103,0.1634196501625351,0.07410126563617199,0.059183417733648824,0.0,0.08257225625262599,0.0,0.0,0.12362987697456197,0.011712847275970604,0.0,0.0,0.0,0.18839624658160295,0.0,0.02835998024516633,0.046438601534685216,1,Emotional Spender,0
BUDU00094,1620700,52280.645161290326,42000.0,163600,31,38742.84810864958,0.3548387096774194,0.25806451612903225,0.12903225806451613,0.12903225806451613,0.0,0.0967741935483871,6,20,9,0.0,0.3123193548387097,0.7410552794274924,0.2161,0,0,67500,0,0,0,0,0,977300,0,30200,0,193700,0,304000,48000,0,Gopay,P,48.0,1732008,0.874,D,Kelas D (Menengah Bawah),Cirebon,Kota Kecil,320000,0.0,0.0,0.04164867032763621,0.0,0.0,0.0,0.0,0.0,0.6030110446103536,0.0,0.01863392361325353,0.0,0.11951625840686124,0.0,0.18757327080890973,0.029616832232985748,0.0,0,Rational Spender,2
BUDU00095,9125400,147183.87096774194,147300.0,422500,62,92922.3088030778,0.3225806451612903,0.1774193548387097,0.1935483870967742,0.16129032258064516,0.0,0.06451612903225806,7,36,12,0.016129032258064516,0.27566612903225807,0.6313348615721858,0.1758,2516900,0,479000,811700,0,0,0,0,2538300,0,0,0,212700,0,1389000,1177800,0,Dana,P,20.0,3311061,0.679,C,Kelas C (Menengah),Purwokerto,Kota Kecil,290000,0.2758125671203454,0.0,0.052490849716176825,0.08894952550025205,0.0,0.0,0.0,0.0,0.27815766980077583,0.0,0.0,0.0,0.02330856729568019,0.0,0.15221250575317247,0.1290683148135972,0.0,1,Emotional Spender,0
BUDU00096,45503900,590959.7402597403,435500.0,2428300,77,484148.35597641807,0.2727272727272727,0.15584415584415584,0.16883116883116883,0.16883116883116883,0.22077922077922077,0.07792207792207792,10,44,12,0.03896103896103896,0.24817662337662338,0.8192577649428772,0.1981,5741400,3388900,4307500,4305500,0,2366800,0,0,12252200,1404900,0,0,0,6538600,0,953000,4245100,Kartu Debit,P,41.0,13776908,0.652,B,Kelas B (Menengah Atas),Yogyakarta,Kota Besar,420000,0.12617380048743074,0.07447493511545164,0.09466221576612115,0.0946182634895031,0.0,0.05201312414979815,0.0,0.0,0.2692560417898246,0.030874276710347905,0.0,0.0,0.0,0.14369317794738473,0.0,0.020943259808499932,0.09329090473563804,1,Emotional Spender,0
BUDU00097,8464600,162780.76923076922,139100.0,630000,52,120980.94168246945,0.3076923076923077,0.11538461538461539,0.1346153846153846,0.28846153846153844,0.0,0.07692307692307693,9,33,11,0.0,0.22450192307692307,0.743213969648703,0.1538,1906800,0,152800,731100,0,0,0,597700,3060500,0,480500,0,13800,0,865300,656100,0,Gopay,P,42.0,5586659,0.755,C,Kelas C (Menengah),Bandung,Kota Besar,2500000,0.22526758500106325,0.0,0.01805165040285424,0.08637147650213832,0.0,0.0,0.0,0.070611724121636,0.36156463388701177,0.0,0.056765824728870824,0.0,0.0016303192117761028,0.0,0.10222574014129433,0.07751104600335515,0.0,1,Emotional Spender,0
BUDU00098,361298400,3254940.5405405406,1970000.0,27053800,111,3824708.9490783103,0.2882882882882883,0.16216216216216217,0.18018018018018017,0.13513513513513514,0.8738738738738738,0.10810810810810811,10,59,12,0.009009009009009009,0.20605585585585584,1.1750472555308644,0.3405,8238400,44166700,32649500,10882700,52882600,17280800,0,0,0,10445600,0,69319100,0,66548600,0,0,48884400,Kartu Kredit,P,35.0,35667935,0.533,A,Kelas A (Kaya),Depok,Metropolitan,2200000,0.022802204493570965,0.12224438303629355,0.0903671314348472,0.030121085507159733,0.14636820976788162,0.04782971637848382,0.0,0.0,0.0,0.028911282197762293,0.0,0.19186107660593016,0.0,0.1841928998301681,0.0,0.0,0.13530201074790257,2,Impulsive Spender,1
BUDU00099,5208500,168016.12903225806,136800.0,440500,31,102858.23932893982,0.22580645161290322,0.12903225806451613,0.12903225806451613,0.3225806451612903,0.0,0.03225806451612903,9,24,12,0.0,0.2188225806451613,0.6121926503210395,0.1226,1957900,0,915300,662400,0,0,0,141800,1003800,0,198600,0,52800,0,233300,42600,0,Gopay,L,32.0,5578186,0.617,C,Kelas C (Menengah),Yogyakarta,Kota Besar,420000,0.3759047710473265,0.0,0.17573197657674955,0.12717673034462898,0.0,0.0,0.0,0.02722472880867812,0.19272343285014878,0.0,0.0381299798406451,0.0,0.01013727560718057,0.0,0.04479216665066718,0.008178938273975233,0.0,1,Emotional Spender,0
BUDU00100,6631000,195029.41176470587,120500.0,875000,34,177422.39708538007,0.20588235294117646,0.11764705882352941,0.20588235294117646,0.20588235294117646,0.029411764705882353,0.058823529411764705,8,26,11,0.0,0.2017,0.9097212337359256,0.1221,409200,0,657300,110500,0,0,0,988000,3718000,0,150000,0,240200,0,357800,0,0,Kartu Debit,L,33.0,6215907,0.795,C,Kelas C (Menengah),Palembang,Kota Besar,1700000,0.0617101492987483,0.0,0.099125320464485,0.01666415321972553,0.0,0.0,0.0,0.1489971346704871,0.560699743628412,0.0,0.022621022470215652,0.0,0.03622379731563867,0.0,0.053958678932287736,0.0,0.0,1,Emotional Spender,0
BUDU00101,32532500,650650.0,464150.0,3000000,50,563469.0619506188,0.32,0.16,0.3,0.12,0.36,0.12,10,33,11,0.0,0.407988,0.8660094704535752,0.25,4641500,4214800,3949000,1574100,0,686800,0,0,10819900,1086000,0,0,0,2143700,0,416700,3000000,Kartu Debit,L,49.0,7003087,0.699,B,Kelas B (Menengah Atas),Surabaya,Kota Besar,3100000,0.14267271190348113,0.12955659724890495,0.12138630600169062,0.048385460693153,0.0,0.02111119649581188,0.0,0.0,0.3325874125874126,0.03338200261277184,0.0,0.0,0.0,0.0658941058941059,0.0,0.012808729731806655,0.09221547683086144,1,Emotional Spender,0
BUDU00102,377500,20972.222222222223,15650.0,67900,18,19705.293572318118,0.2222222222222222,0.16666666666666666,0.2222222222222222,0.2777777777777778,0.0,0.05555555555555555,5,12,8,0.05555555555555555,0.1746,0.9395901570906652,0.1361,0,0,0,0,0,0,0,0,76900,0,45300,0,117000,0,90300,48000,0,Tunai,L,39.0,990180,0.946,E,Kelas E (Miskin),Desa Panyingkiran,Desa,3700,0.0,0.0,0.0,0.0,0.0,0.0,0.0,0.0,0.20370860927152318,0.0,0.12,0.0,0.30993377483443707,0.0,0.23920529801324503,0.1271523178807947,0.0,0,Rational Spender,2
BUDU00103,177900,12707.142857142857,11150.0,26800,14,8128.2474490757595,0.35714285714285715,0.21428571428571427,0.14285714285714285,0.21428571428571427,0.0,0.07142857142857142,4,12,8,0.0,0.09750714285714286,0.6396597205568333,0.2,0,0,0,0,0,0,0,0,32300,0,0,0,15500,0,46500,83600,0,Tunai,L,28.0,963525,0.864,E,Kelas E (Miskin),Desa Sukamaju,Desa,5000,0.0,0.0,0.0,0.0,0.0,0.0,0.0,0.0,0.18156267566048342,0.0,0.0,0.0,0.08712759977515458,0.0,0.26138279932546377,0.46992692523889823,0.0,0,Rational Spender,2
BUDU00104,10243500,200852.9411764706,162400.0,910000,51,165454.61776927375,0.19607843137254902,0.1568627450980392,0.1568627450980392,0.17647058823529413,0.0196078431372549,0.058823529411764705,8,36,12,0.0,0.2762686274509804,0.8237599947511066,0.1284,2302400,0,1499000,246000,0,0,0,314200,4383500,0,155100,0,0,0,850800,492500,0,Ovo,L,24.0,5354216,0.818,C,Kelas C (Menengah),Tangerang Selatan,Metropolitan,1700000,0.2247669253673061,0.0,0.14633670132279006,0.02401522916971738,0.0,0.0,0.0,0.030673109776931714,0.4279299067701469,0.0,0.015141309122858397,0.0,0.0,0.0,0.0830575486894128,0.048079269780836625,0.0,1,Emotional Spender,0
BUDU00105,516692800,3057353.846153846,1970300.0,27636100,169,3298696.2560265856,0.28402366863905326,0.23076923076923078,0.16568047337278108,0.20710059171597633,0.8994082840236687,0.11834319526627218,10,60,12,0.023668639053254437,0.22313668639053252,1.0789383309937606,0.3663,19974000,60831500,18893900,26690100,47960100,25922300,0,0,0,6253700,0,37542000,0,191776300,0,0,80848900,Kartu Kredit,L,47.0,99005783,0.261,A,Kelas A (Kaya),Bekasi,Metropolitan,2700000,0.03865739952250157,0.11773243211440144,0.03656698912777573,0.05165564528865121,0.09282130503850644,0.050169655934822394,0.0,0.0,0.0,0.012103323289970365,0.0,0.07265826038218454,0.0,0.3711611619128426,0.0,0.0,0.1564738273883437,2,Impulsive Spender,1
BUDU00106,37426200,594066.6666666666,446100.0,2736800,63,505596.26281030005,0.23809523809523808,0.1746031746031746,0.1111111111111111,0.2698412698412698,0.2698412698412698,0.06349206349206349,10,42,12,0.0,0.13854920634920634,0.851076640349512,0.1992,4032400,6031600,8019200,1154600,0,1013200,0,0,7616200,1271800,0,0,0,5795100,0,1860400,631700,Kartu Kredit,L,49.0,18489216,0.579,B,Kelas B (Menengah Atas),Bekasi,Metropolitan,2700000,0.10774270430874627,0.16115982921055302,0.21426701081060862,0.030850046224302763,0.0,0.027071944252956486,0.0,0.0,0.20349915299977023,0.03398154234199571,0.0,0.0,0.0,0.1548407265498501,0.0,0.04970849298085298,0.01687855032036381,1,Emotional Spender,0
BUDU00107,7990000,170000.0,134100.0,893500,47,150116.2506048302,0.2553191489361702,0.2553191489361702,0.1702127659574468,0.1276595744680851,0.02127659574468085,0.0851063829787234,9,34,12,0.0425531914893617,0.1340191489361702,0.883036768263707,0.183,2565000,0,953300,428800,0,0,0,677200,1503500,0,169500,0,41600,0,339100,1312000,0,Gopay,L,24.0,3895270,0.701,C,Kelas C (Menengah),Bandung,Kota Besar,2500000,0.32102628285356694,0.0,0.1193116395494368,0.053667083854818526,0.0,0.0,0.0,0.08475594493116395,0.1881727158948686,0.0,0.021214017521902377,0.0,0.005206508135168961,0.0,0.04244055068836045,0.1642052565707134,0.0,1,Emotional Spender,0
BUDU00108,2144900,59580.555555555555,37000.0,298800,36,61469.48985097959,0.2222222222222222,0.16666666666666666,0.16666666666666666,0.16666666666666666,0.0,0.1111111111111111,7,24,11,0.0,0.19721111111111111,1.031703871805336,0.1444,0,0,354400,0,0,0,63300,0,440300,0,359100,0,176100,0,360900,390800,0,Gopay,L,45.0,1553133,0.819,D,Kelas D (Menengah Bawah),Jombang,Kota Kecil,190000,0.0,0.0,0.16522914821203785,0.0,0.0,0.0,0.029511865355028206,0.0,0.205277635320994,0.0,0.16742039255909366,0.0,0.08210172968436757,0.0,0.1682595925217959,0.18219963634668282,0.0,0,Rational Spender,2
BUDU00109,247300,20608.333333333332,18950.0,54100,12,13794.231886311516,0.3333333333333333,0.25,0.16666666666666666,0.08333333333333333,0.0,0.16666666666666666,4,9,8,0.0,0.09049166666666668,0.6693521335856781,0.2167,0,0,0,0,0,0,0,0,54100,0,0,0,40900,0,105000,47300,0,Tunai,P,20.0,954128,0.965,E,Kelas E (Miskin),Tegal,Kota Kecil,285000,0.0,0.0,0.0,0.0,0.0,0.0,0.0,0.0,0.21876263647391833,0.0,0.0,0.0,0.16538617064294378,0.0,0.4245855236554792,0.19126566922765872,0.0,0,Rational Spender,2
BUDU00110,4694700,142263.63636363635,127500.0,400600,33,89232.08089786787,0.15151515151515152,0.21212121212121213,0.12121212121212122,0.30303030303030304,0.0,0.09090909090909091,9,27,10,0.0,0.1706090909090909,0.6272304235903551,0.1303,1258800,0,296700,273800,0,0,0,876800,743000,0,66500,0,352300,0,422800,404000,0,Gopay,P,32.0,6457971,0.787,C,Kelas C (Menengah),Yogyakarta,Kota Besar,420000,0.26813214901910665,0.0,0.06319892644897437,0.05832108547937035,0.0,0.0,0.0,0.186763797473747,0.15826357381728332,0.0,0.014164909365880675,0.0,0.07504206871578589,0.0,0.09005900270517818,0.08605448697467356,0.0,1,Emotional Spender,0
BUDU00111,1214200,48568.0,32100.0,163700,25,45272.79094555581,0.32,0.2,0.08,0.16,0.0,0.08,7,17,11,0.04,0.35184,0.9321526714206023,0.184,0,0,191200,0,0,0,73000,0,300900,0,79000,0,15400,0,419600,135100,0,Tunai,L,39.0,2427917,0.829,D,Kelas D (Menengah Bawah),Denpasar,Kota Besar,900000,0.0,0.0,0.1574699390545215,0.0,0.0,0.0,0.06012189095700873,0.0,0.24781749299950584,0.0,0.06506341624114644,0.0,0.012683248229286773,0.0,0.34557733487069675,0.11126667764783396,0.0,0,Rational Spender,2
BUDU00112,39009500,684377.1929824562,468300.0,4050000,57,725919.8563639161,0.3684210526315789,0.12280701754385964,0.08771929824561403,0.2982456140350877,0.2631578947368421,0.12280701754385964,9,39,12,0.0,0.36856842105263155,1.0607014140848565,0.2368,5894900,10321700,5487100,1828300,0,2481300,0,0,3046300,0,0,0,0,5036600,0,2296400,2616900,Kartu Debit,L,42.0,9089878,0.498,B,Kelas B (Menengah Atas),Tangerang Selatan,Metropolitan,1700000,0.15111447211576667,0.26459452184724236,0.14066060831335955,0.04686807059818762,0.0,0.06360758276830003,0.0,0.0,0.0780912341865443,0.0,0.0,0.0,0.0,0.12911213935067098,0.0,0.058867711711249826,0.06708365910867865,1,Emotional Spender,0
BUDU00113,9624600,139486.95652173914,104400.0,875000,69,136339.16824579047,0.30434782608695654,0.2028985507246377,0.2318840579710145,0.2898550724637681,0.014492753623188406,0.08695652173913043,8,38,12,0.0,0.24713913043478264,0.9774330994492801,0.1833,2771800,0,1590200,691400,0,0,0,342100,1992800,0,462700,0,0,0,1352900,420700,0,Gopay,P,25.0,5536022,0.604,C,Kelas C (Menengah),Medan,Kota Besar,2400000,0.28799118924422834,0.0,0.16522245080315026,0.07183675165721173,0.0,0.0,0.0,0.035544334309997296,0.2070527606342082,0.0,0.048074725183384244,0.0,0.0,0.0,0.14056688070153564,0.04371090746628431,0.0,1,Emotional Spender,0
BUDU00114,433103700,2758622.2929936307,2197700.0,13683300,157,2336047.4639430395,0.27388535031847133,0.15286624203821655,0.17834394904458598,0.2802547770700637,0.910828025477707,0.08280254777070063,10,66,12,0.012738853503184714,0.2501541401273885,0.8468167135008479,0.3363,26213400,38669300,28831000,20358900,33406900,21993400,0,0,0,18813800,0,24876100,0,99974800,0,0,119966100,Kartu Kredit,L,51.0,122544907,0.462,A,Kelas A (Kaya),Tangerang,Metropolitan,2100000,0.060524534886217785,0.08928415989057586,0.06656835302954003,0.04700698701027029,0.0771337210926621,0.05078090997606347,0.0,0.0,0.0,0.04343948112195763,0.0,0.05743682171267528,0.0,0.2308334008691221,0.0,0.0,0.27699163041091546,2,Impulsive Spender,1
BUDU00115,10462000,186821.42857142858,160900.0,627300,56,121927.5920958243,0.21428571428571427,0.21428571428571427,0.125,0.26785714285714285,0.0,0.017857142857142856,9,33,12,0.017857142857142856,0.22573749999999998,0.6526424352290346,0.142,3269100,0,1402300,1446300,0,0,0,884100,1657400,0,832400,0,19000,0,349000,602400,0,Gopay,L,20.0,6409658,0.731,C,Kelas C (Menengah),Bogor,Metropolitan,1100000,0.31247371439495314,0.0,0.13403746893519403,0.13824316574268783,0.0,0.0,0.0,0.08450583062511947,0.1584209520168228,0.0,0.07956413687631428,0.0,0.001816096348690499,0.0,0.0333588224048939,0.05757981265532403,0.0,1,Emotional Spender,0
BUDU00116,492400,22381.81818181818,18000.0,70800,22,15302.244975777288,0.18181818181818182,0.22727272727272727,0.18181818181818182,0.22727272727272727,0.0,0.0,6,18,10,0.0,0.08119545454545454,0.6836908803149886,0.1318,0,0,0,0,0,0,15200,0,136400,0,80400,0,54300,0,72400,133700,0,Tunai,L,36.0,1339285,0.905,E,Kelas E (Miskin),Cirebon,Kota Kecil,320000,0.0,0.0,0.0,0.0,0.0,0.0,0.030869212022745736,0.0,0.2770105605199025,0.0,0.16328188464662877,0.0,0.11027619821283509,0.0,0.14703493095044678,0.2715272136474411,0.0,0,Rational Spender,2
BUDU00117,56349500,586973.9583333334,430650.0,3150000,96,523238.3889112901,0.2708333333333333,0.16666666666666666,0.20833333333333334,0.21875,0.2708333333333333,0.10416666666666667,10,53,12,0.03125,0.18339270833333332,0.891416699979305,0.2146,13008500,8260900,6235300,3897000,0,3056800,0,0,4537000,2568200,0,0,0,8332100,0,2353300,4100400,Kartu Kredit,P,30.0,17919313,0.688,B,Kelas B (Menengah Atas),Tangerang,Metropolitan,2100000,0.2308538673812545,0.1466011233462586,0.11065404307047977,0.06915766776990036,0.0,0.054247153923282374,0.0,0.0,0.08051535506082574,0.04557626953211652,0.0,0.0,0.0,0.14786466605737406,0.0,0.041762571096460484,0.07276728276204758,1,Emotional Spender,0
BUDU00118,254100,21175.0,17600.0,58300,12,15666.183906166114,0.25,0.3333333333333333,0.08333333333333333,0.3333333333333333,0.0,0.08333333333333333,5,10,7,0.0,0.083325,0.7398433958047752,0.2,0,0,0,0,0,0,0,0,40800,0,88600,0,34800,0,46400,43500,0,Tunai,P,49.0,1475164,0.966,E,Kelas E (Miskin),Tegal,Kota Kecil,285000,0.0,0.0,0.0,0.0,0.0,0.0,0.0,0.0,0.16056670602125148,0.0,0.34868162140889414,0.0,0.13695395513577333,0.0,0.18260527351436442,0.17119244391971664,0.0,0,Rational Spender,2
BUDU00119,1924200,49338.46153846154,33900.0,147300,39,37769.03922376951,0.1794871794871795,0.23076923076923078,0.10256410256410256,0.23076923076923078,0.0,0.10256410256410256,8,30,11,0.02564102564102564,0.29541794871794874,0.7655090581680756,0.1474,0,0,45200,114100,0,0,25000,0,639000,0,49800,0,308300,0,412300,330500,0,Gopay,L,29.0,2796537,0.765,D,Kelas D (Menengah Bawah),Blitar,Kota Kecil,150000,0.0,0.0,0.023490281675501507,0.05929737033572394,0.0,0.0,0.012992412431140214,0.0,0.33208606173994387,0.0,0.025880885562831305,0.0,0.16022243010082113,0.0,0.21427086581436441,0.17175969233967364,0.0,0,Rational Spender,2
BUDU00120,10591400,203680.76923076922,150850.0,920300,52,184833.36749779014,0.3076923076923077,0.2692307692307692,0.21153846153846154,0.11538461538461539,0.038461538461538464,0.09615384615384616,9,36,12,0.0,0.24654423076923077,0.9074659733260086,0.2106,3026400,0,1354000,1037900,0,0,0,62600,3140400,0,867800,0,154500,0,573700,374100,0,Gopay,P,39.0,4176671,0.706,C,Kelas C (Menengah),Bekasi,Metropolitan,2700000,0.285741261778424,0.0,0.12783956795135676,0.09799459939195951,0.0,0.0,0.0,0.00591045565269936,0.29650471136960177,0.0,0.08193439960722851,0.0,0.014587306682780368,0.0,0.054166587986479595,0.035321109579470135,0.0,1,Emotional Spender,0
BUDU00121,11054400,172725.0,146000.0,600700,64,130779.5358002428,0.25,0.1875,0.1875,0.265625,0.0,0.125,9,38,12,0.015625,0.337215625,0.7571546435098729,0.1625,2912000,0,1195000,1021800,0,0,0,361200,3283600,0,772300,0,319600,0,1044400,144500,0,Gopay,P,33.0,3902160,0.775,C,Kelas C (Menengah),Pekalongan,Kota Kecil,310000,0.2634245187436677,0.0,0.1081017513388334,0.09243378202344768,0.0,0.0,0.0,0.03267477203647416,0.2970400926327978,0.0,0.06986358373136489,0.0,0.02891156462585034,0.0,0.09447821681864235,0.013071718048921696,0.0,1,Emotional Spender,0
BUDU00122,471464900,2806338.6904761903,1919100.0,13003300,168,2420552.0079817288,0.2976190476190476,0.16071428571428573,0.125,0.20238095238095238,0.9166666666666666,0.09523809523809523,10,67,12,0.017857142857142856,0.32288988095238097,0.8625302484679781,0.35,17760900,67296200,33856700,14990200,34423600,15533900,0,0,0,26294000,0,42585100,0,84375200,0,0,134349100,Kartu Kredit,L,48.0,71420860,0.508,A,Kelas A (Kaya),Palembang,Kota Besar,1700000,0.03767173335703252,0.14273851563499212,0.07181170857045774,0.03179494380175491,0.0730141310625669,0.03294815796467563,0.0,0.0,0.0,0.05577085377935876,0.0,0.09032506979840917,0.0,0.17896390590264513,0.0,0.0,0.2849609801281071,2,Impulsive Spender,1
BUDU00123,41812500,624067.1641791045,418800.0,3208000,67,594329.5551439403,0.26865671641791045,0.13432835820895522,0.19402985074626866,0.14925373134328357,0.26865671641791045,0.1044776119402985,10,42,12,0.029850746268656716,0.2979,0.9523487042067323,0.2037,4398400,7242100,1290200,3946300,0,1384900,0,0,9732800,4009500,0,0,0,5546000,0,1054300,3208000,Kartu Debit,P,28.0,19826613,0.537,B,Kelas B (Menengah Atas),Yogyakarta,Kota Besar,420000,0.10519342301943199,0.17320418535127055,0.03085680119581465,0.09438086696562033,0.0,0.03312167414050822,0.0,0.0,0.23277249626307922,0.09589237668161435,0.0,0.0,0.0,0.13263976083707024,0.0,0.02521494768310912,0.07672346786248131,1,Emotional Spender,0
BUDU00124,179600,16327.272727272728,15700.0,29200,11,6847.932667468469,0.2727272727272727,0.09090909090909091,0.09090909090909091,0.09090909090909091,0.0,0.0,4,9,8,0.0,0.30174545454545454,0.4194168114819218,0.1227,0,0,0,0,0,0,0,0,37600,0,0,0,12300,0,104500,25200,0,Tunai,L,21.0,1045438,0.977,E,Kelas E (Miskin),Desa Cikaret,Desa,2800,0.0,0.0,0.0,0.0,0.0,0.0,0.0,0.0,0.20935412026726058,0.0,0.0,0.0,0.06848552338530067,0.0,0.5818485523385301,0.1403118040089087,0.0,0,Rational Spender,2
BUDU00125,6722900,172382.05128205128,121400.0,648200,39,133931.84022950052,0.23076923076923078,0.2564102564102564,0.2564102564102564,0.20512820512820512,0.0,0.10256410256410256,9,33,11,0.0,0.24950769230769232,0.7769477113969449,0.1731,1375200,0,569600,1594600,0,0,0,1120300,843600,0,71400,0,138000,0,651800,358400,0,Kartu Debit,P,22.0,3418271,0.736,C,Kelas C (Menengah),Medan,Kota Besar,2400000,0.20455458209998661,0.0,0.08472534174240283,0.2371893081854557,0.0,0.0,0.0,0.16663939668892888,0.12548156301596036,0.0,0.010620416784423388,0.0,0.020526855969893943,0.0,0.0969522081244701,0.053310327388478185,0.0,1,Emotional Spender,0
BUDU00126,7755100,161564.58333333334,129350.0,598000,48,131436.29876813042,0.1875,0.2916666666666667,0.1875,0.2916666666666667,0.0,0.14583333333333334,8,29,12,0.0,0.3501541666666667,0.8135217264600405,0.175,2084800,0,173300,186100,0,0,0,241300,3144000,0,0,0,452000,0,1336600,137000,0,Gopay,P,37.0,6206912,0.722,C,Kelas C (Menengah),Medan,Kota Besar,2400000,0.2688295444288275,0.0,0.02234658482804864,0.023997111578187257,0.0,0.0,0.0,0.03111500818816005,0.40541063300279817,0.0,0.0,0.0,0.05828422586426996,0.0,0.17235109798713105,0.0176657941225774,0.0,1,Emotional Spender,0
BUDU00127,64463900,664576.2886597938,498400.0,3300000,97,598038.519483555,0.25773195876288657,0.21649484536082475,0.15463917525773196,0.25773195876288657,0.30927835051546393,0.09278350515463918,10,51,12,0.010309278350515464,0.26521958762886594,0.8998794114210409,0.2309,9707900,9903700,8167800,4922300,0,3055100,0,0,15294800,3060000,0,0,0,7052700,0,2091800,1207800,Kartu Debit,L,26.0,12701893,0.668,B,Kelas B (Menengah Atas),Tangerang,Metropolitan,2100000,0.1505943636671067,0.15363172256099925,0.12670347279640232,0.07635746518594128,0.0,0.04739241653080251,0.0,0.0,0.2372614750271082,0.04746842806594078,0.0,0.0,0.0,0.10940541915707862,0.0,0.032449169224946055,0.018736067783674273,1,Emotional Spender,0
BUDU00128,1975300,51981.57894736842,39350.0,262500,38,50951.34327202109,0.34210526315789475,0.18421052631578946,0.18421052631578946,0.07894736842105263,0.0,0.10526315789473684,7,24,11,0.02631578947368421,0.1810236842105263,0.9801807544863066,0.1908,0,0,184300,0,0,0,304000,0,598300,0,40900,0,109900,0,539300,198600,0,Tunai,L,43.0,2488061,0.806,D,Kelas D (Menengah Bawah),Cirebon,Kota Kecil,320000,0.0,0.0,0.09330228319748898,0.0,0.0,0.0,0.15390067331544577,0.0,0.30289070014681313,0.0,0.020705715587505696,0.0,0.055637118412393056,0.0,0.27302181947046017,0.10054168986989317,0.0,0,Rational Spender,2
BUDU00129,4574200,152473.33333333334,98000.0,448900,30,119681.73004158626,0.2,0.2,0.26666666666666666,0.13333333333333333,0.0,0.13333333333333333,7,20,11,0.0,0.3592,0.784935486259365,0.15,914400,0,202100,1170900,0,0,0,0,851000,0,448900,0,0,0,775000,211900,0,Gopay,L,19.0,3122610,0.763,C,Kelas C (Menengah),Tasikmalaya,Kota Kecil,700000,0.1999038083162083,0.0,0.0441825893052337,0.2559791876175069,0.0,0.0,0.0,0.0,0.1860434611516768,0.0,0.0981373792138516,0.0,0.0,0.0,0.16942853395129204,0.046325040444230685,0.0,1,Emotional Spender,0
BUDU00130,9075700,177954.9019607843,153400.0,728000,51,143417.1849029613,0.4117647058823529,0.1568627450980392,0.21568627450980393,0.21568627450980393,0.0196078431372549,0.0784313725490196,9,37,12,0.0,0.22991960784313725,0.8059187093062824,0.2069,1189300,0,1965200,703400,0,0,0,786200,2328100,0,776600,0,219900,0,673200,433800,0,Gopay,P,19.0,6468125,0.733,C,Kelas C (Menengah),Semarang,Kota Besar,1800000,0.131042233656908,0.0,0.21653426182002491,0.07750366362925173,0.0,0.0,0.0,0.08662692684861774,0.2565201582247099,0.0,0.0855691571999956,0.0,0.024229536013751007,0.0,0.0741760966096279,0.04779796599711317,0.0,1,Emotional Spender,0
BUDU00131,45565400,624183.5616438356,383600.0,3900000,73,618031.6800163283,0.2876712328767123,0.1917808219178082,0.1643835616438356,0.2191780821917808,0.3013698630136986,0.0958904109589041,10,42,12,0.0,0.2903849315068493,0.9901441146394406,0.2329,7188900,2654100,4048800,6811900,0,3062300,0,0,7443200,2206500,0,0,0,7400800,0,1639200,3109700,Kartu Kredit,L,38.0,18860723,0.509,B,Kelas B (Menengah Atas),Makassar,Kota Besar,1500000,0.15777102801687246,0.058248144425375396,0.08885689580251682,0.14949720621348656,0.0,0.06720669630904151,0.0,0.0,0.16335201710069483,0.04842490135058619,0.0,0.0,0.0,0.16242148647877555,0.0,0.035974664987029635,0.06824695931562107,1,Emotional Spender,0
BUDU00132,6087800,156097.4358974359,104600.0,875000,39,153858.3789812113,0.358974358974359,0.1282051282051282,0.2564102564102564,0.15384615384615385,0.02564102564102564,0.15384615384615385,8,26,12,0.0,0.24081538461538463,0.9856560301368706,0.1923,740100,0,612600,486500,0,0,0,110600,3368300,0,240700,0,0,0,421600,107400,0,Dana,P,24.0,6885580,0.621,C,Kelas C (Menengah),Tegal,Kota Kecil,285000,0.12157101087420744,0.0,0.10062748447715103,0.0799139262130819,0.0,0.0,0.0,0.0181674825059956,0.5532869016721969,0.0,0.039538092578599825,0.0,0.0,0.0,0.06925326061959985,0.017641841059167516,0.0,1,Emotional Spender,0
BUDU00133,6548100,187088.57142857142,136000.0,661800,35,149737.53070236044,0.14285714285714285,0.3142857142857143,0.05714285714285714,0.2857142857142857,0.0,0.14285714285714285,9,29,12,0.0,0.2829942857142857,0.800356374304396,0.1657,1112000,0,1356300,200000,0,0,0,185600,2183100,0,304000,0,234300,0,537100,435700,0,Gopay,L,34.0,3654095,0.602,C,Kelas C (Menengah),Bandung,Kota Besar,2500000,0.16982025320321925,0.0,0.2071287854492143,0.030543211007773248,0.0,0.0,0.0,0.028344099815213575,0.3333944197553489,0.0,0.046425680731815334,0.0,0.03578137169560636,0.0,0.08202379316137505,0.06653838518043402,0.0,1,Emotional Spender,0
BUDU00134,45703700,672113.2352941176,484200.0,4050000,68,614887.6392697209,0.25,0.17647058823529413,0.2647058823529412,0.19117647058823528,0.36764705882352944,0.08823529411764706,10,44,12,0.014705882352941176,0.33435882352941176,0.914857210036409,0.2272,12374500,5368500,4080600,5331600,0,1297100,0,0,7671300,433900,0,0,0,871200,0,2816500,5458500,Kartu Kredit,L,28.0,18488225,0.657,B,Kelas B (Menengah Atas),Yogyakarta,Kota Besar,420000,0.2707548841778674,0.11746313755779073,0.08928379977988653,0.11665576310014288,0.0,0.028380634390651086,0.0,0.0,0.1678485549310012,0.009493760899008177,0.0,0.0,0.0,0.01906191402446629,0.0,0.06162520758713189,0.11943234355205377,1,Emotional Spender,0
BUDU00135,12061900,174810.14492753622,132800.0,910000,69,148490.08695862052,0.21739130434782608,0.2463768115942029,0.11594202898550725,0.2608695652173913,0.014492753623188406,0.10144927536231885,8,36,12,0.0,0.20477681159420288,0.849436324305857,0.1681,2766800,0,1304900,1095200,0,0,0,157000,4664500,0,335900,0,0,0,1175900,561700,0,Gopay,P,24.0,4437002,0.704,C,Kelas C (Menengah),Medan,Kota Besar,2400000,0.22938343047115298,0.0,0.10818361949609928,0.09079829877548314,0.0,0.0,0.0,0.013016191478954393,0.38671353601008135,0.0,0.02784801731070561,0.0,0.0,0.0,0.09748878700702211,0.04656811945050116,0.0,1,Emotional Spender,0
BUDU00136,6341700,147481.39534883722,123400.0,431200,43,100638.87882592878,0.23255813953488372,0.11627906976744186,0.16279069767441862,0.20930232558139536,0.0,0.06976744186046512,8,30,11,0.0,0.13317674418604653,0.6823835548062723,0.1267,206400,0,1454900,0,0,0,0,326000,2230800,0,123400,0,127300,0,1385400,487500,0,Kartu Debit,L,23.0,3447678,0.611,C,Kelas C (Menengah),Cirebon,Kota Kecil,320000,0.03254647807370264,0.0,0.2294179794061529,0.0,0.0,0.0,0.0,0.051405774476875284,0.3517668763896116,0.0,0.019458504817320275,0.0,0.020073481873945472,0.0,0.2184587728842424,0.07687213207814939,0.0,0,Rational Spender,2
BUDU00137,342800,20164.70588235294,18200.0,50900,17,14231.34485811472,0.4117647058823529,0.17647058823529413,0.4117647058823529,0.058823529411764705,0.0,0.11764705882352941,4,12,10,0.0,0.20164117647058824,0.705755141738478,0.2147,0,0,0,0,0,0,0,0,76900,0,0,0,53700,0,166300,45900,0,Tunai,L,36.0,829101,0.852,E,Kelas E (Miskin),Desa Rawa Indah,Desa,6500,0.0,0.0,0.0,0.0,0.0,0.0,0.0,0.0,0.22432905484247376,0.0,0.0,0.0,0.15665110851808633,0.0,0.48512252042007004,0.1338973162193699,0.0,0,Rational Spender,2
BUDU00138,10598100,179628.81355932204,134300.0,789000,59,160898.63166822155,0.3389830508474576,0.1864406779661017,0.13559322033898305,0.2033898305084746,0.01694915254237288,0.0847457627118644,8,40,12,0.03389830508474576,0.24587627118644068,0.895728410604266,0.1907,2110100,0,1683700,1470400,0,0,0,565700,3207300,0,712000,0,0,0,594500,254400,0,Kartu Debit,P,31.0,4955386,0.632,C,Kelas C (Menengah),Semarang,Kota Besar,1800000,0.19910172578103622,0.0,0.15886809899887716,0.13874184995423708,0.0,0.0,0.0,0.05337749219199668,0.3026297166473236,0.0,0.06718185335107237,0.0,0.0,0.0,0.056094960417433316,0.02400430265802361,0.0,1,Emotional Spender,0
BUDU00139,1747000,67192.30769230769,43500.0,316300,26,66246.7685133512,0.2692307692307692,0.15384615384615385,0.15384615384615385,0.19230769230769232,0.0,0.15384615384615385,6,21,12,0.0,0.30025384615384615,0.9859278656823877,0.1635,0,0,48700,0,0,0,0,0,477200,0,597100,0,162900,0,270500,190600,0,Gopay,P,41.0,1734245,0.916,D,Kelas D (Menengah Bawah),Pekalongan,Kota Kecil,310000,0.0,0.0,0.027876359473382944,0.0,0.0,0.0,0.0,0.0,0.27315397824842585,0.0,0.34178591871780195,0.0,0.09324556382369777,0.0,0.15483686319404694,0.10910131654264453,0.0,0,Rational Spender,2
BUDU00140,13100200,184509.85915492958,154600.0,606900,71,126651.23783155692,0.36619718309859156,0.19718309859154928,0.23943661971830985,0.14084507042253522,0.0,0.04225352112676056,9,42,12,0.014084507042253521,0.20150422535211268,0.6864198932871667,0.1937,3514100,0,1159300,1096400,0,0,0,902000,4349500,0,189500,0,387100,0,696600,805700,0,Gopay,L,41.0,5282438,0.732,C,Kelas C (Menengah),Blitar,Kota Kecil,150000,0.2682478130104884,0.0,0.08849483213996732,0.08369337872704234,0.0,0.0,0.0,0.06885391062731867,0.33201783178882766,0.0,0.01446542800873269,0.0,0.029549167188287203,0.0,0.053174760690676476,0.061502877818659256,0.0,1,Emotional Spender,0
BUDU00141,13485400,192648.57142857142,124750.0,910000,70,167477.1243240182,0.3,0.18571428571428572,0.17142857142857143,0.22857142857142856,0.014285714285714285,0.1,9,43,12,0.0,0.31394285714285713,0.8693400790989718,0.1786,3237800,0,1822800,1419700,0,0,0,2294700,2740000,0,493900,0,366400,0,578500,531600,0,Gopay,L,20.0,5631381,0.819,C,Kelas C (Menengah),Tangerang Selatan,Metropolitan,1700000,0.24009669716878995,0.0,0.13516840434840643,0.1052768178919424,0.0,0.0,0.0,0.17016180461832797,0.20318270129176738,0.0,0.03662479422189924,0.0,0.027170124727483057,0.0,0.04289824550995892,0.03942041022142465,0.0,1,Emotional Spender,0
BUDU00142,38735700,614852.380952381,490100.0,2356400,63,460326.99207339174,0.23809523809523808,0.15873015873015872,0.07936507936507936,0.2698412698412698,0.30158730158730157,0.06349206349206349,10,35,12,0.015873015873015872,0.25266190476190475,0.7486788802222156,0.2008,4195000,5671400,8910000,2052400,0,4577300,0,0,7933800,990400,0,0,0,226100,0,2294800,1884500,Kartu Kredit,P,46.0,12253824,0.669,B,Kelas B (Menengah Atas),Palembang,Kota Besar,1700000,0.10829802998267749,0.14641274070172994,0.23002036880706944,0.05298471435910543,0.0,0.1181674785791918,0.0,0.0,0.20481881055460466,0.025568145147757754,0.0,0.0,0.0,0.0058369927482916275,0.0,0.059242507557627715,0.04865021156194415,1,Emotional Spender,0
BUDU00143,7209900,141370.58823529413,104500.0,471000,51,103143.32997168094,0.35294117647058826,0.19607843137254902,0.09803921568627451,0.23529411764705882,0.0,0.09803921568627451,9,34,12,0.0196078431372549,0.15702156862745098,0.7295953936331611,0.1971,1583900,0,1031500,1117200,0,0,0,185700,1795400,0,97300,0,264300,0,688400,446200,0,Gopay,P,32.0,3023034,0.684,C,Kelas C (Menengah),Semarang,Kota Besar,1800000,0.21968404554848195,0.0,0.14306717152803783,0.15495360545916032,0.0,0.0,0.0,0.0257562518204136,0.24901871038433265,0.0,0.013495332806280253,0.0,0.03665792868139641,0.0,0.09547982634988003,0.06188712742201695,0.0,1,Emotional Spender,0
BUDU00144,6208600,147823.80952380953,110000.0,440800,42,115955.27482932081,0.3333333333333333,0.19047619047619047,0.16666666666666666,0.23809523809523808,0.0,0.14285714285714285,7,34,12,0.023809523809523808,0.2192642857142857,0.7844154145590752,0.1952,1237900,0,317700,0,0,0,0,485700,1518800,0,0,0,260500,0,1163900,1224100,0,Gopay,L,18.0,5348246,0.79,C,Kelas C (Menengah),Cirebon,Kota Kecil,320000,0.1993847244145218,0.0,0.05117095641529491,0.0,0.0,0.0,0.0,0.07823019682376059,0.24462841864510518,0.0,0.0,0.0,0.041957929323841126,0.0,0.18746577328222144,0.19716200109525497,0.0,0,Rational Spender,2
BUDU00145,6483600,154371.42857142858,125900.0,583700,42,118074.27444500467,0.2857142857142857,0.2619047619047619,0.2857142857142857,0.19047619047619047,0.0,0.047619047619047616,9,31,12,0.0,0.2127952380952381,0.7648712947575723,0.1857,693200,0,400300,458200,0,0,0,1093700,2355800,0,342600,0,188800,0,295600,655400,0,Gopay,L,28.0,4595291,0.721,C,Kelas C (Menengah),Semarang,Kota Besar,1800000,0.10691591091368993,0.0,0.06174039114072429,0.07067061509038189,0.0,0.0,0.0,0.16868714911468938,0.3633475229810599,0.0,0.05284101425134185,0.0,0.029119624899747055,0.0,0.04559195508668024,0.10108581652168548,0.0,1,Emotional Spender,0
BUDU00146,6316100,203745.16129032258,172400.0,509200,31,146554.90856947252,0.1935483870967742,0.1935483870967742,0.25806451612903225,0.0967741935483871,0.0,0.06451612903225806,9,25,10,0.0,0.3947806451612903,0.7193049770671218,0.1355,835400,0,780000,209100,0,0,0,573000,1429900,0,1049700,0,152200,0,749000,537800,0,Gopay,P,23.0,3030251,0.684,C,Kelas C (Menengah),Semarang,Kota Besar,1800000,0.1322651636294549,0.0,0.12349392821519609,0.03310587229461218,0.0,0.0,0.0,0.09072053957347097,0.22638970250629345,0.0,0.16619432877883505,0.0,0.02409714855686262,0.0,0.11858583619638702,0.08514748024888777,0.0,1,Emotional Spender,0
BUDU00147,424802600,3194004.5112781953,2132300.0,23750000,133,3331538.340477325,0.2781954887218045,0.12030075187969924,0.15789473684210525,0.2631578947368421,0.924812030075188,0.09774436090225563,10,56,12,0.015037593984962405,0.28767744360902253,1.0430599984168747,0.3331,9133500,86087700,39385900,29068500,26277300,8863700,0,0,0,14691400,0,29732600,0,52025200,0,0,129536800,Kartu Kredit,L,42.0,53380953,0.424,A,Kelas A (Kaya),Depok,Metropolitan,2200000,0.021500574619835188,0.20265342067115408,0.09271576963041187,0.06842825349939007,0.0618576722458855,0.020865456096549315,0.0,0.0,0.0,0.03458406328021533,0.0,0.06999156784821939,0.0,0.12246911859767337,0.0,0.0,0.3049341035106659,2,Impulsive Spender,1
BUDU00148,7733700,151641.17647058822,116200.0,575200,51,122059.8331581206,0.29411764705882354,0.21568627450980393,0.19607843137254902,0.17647058823529413,0.0,0.09803921568627451,9,32,12,0.0,0.043929411764705883,0.8049253903130651,0.1824,1095500,0,1155200,153600,0,0,0,358200,3254900,0,253300,0,364200,0,533400,565400,0,Gopay,P,40.0,5089924,0.624,C,Kelas C (Menengah),Kediri,Kota Kecil,320000,0.14165276646365904,0.0,0.14937222804091185,0.019861127274137864,0.0,0.0,0.0,0.046316769463516816,0.42087228622780815,0.0,0.03275275741236407,0.0,0.04709259474766283,0.0,0.06897086776058031,0.07310860260935904,0.0,1,Emotional Spender,0
BUDU00149,1137500,59868.42105263158,34500.0,250000,19,58383.226782960905,0.15789473684210525,0.21052631578947367,0.2631578947368421,0.21052631578947367,0.0,0.15789473684210525,6,14,11,0.0,0.29167894736842104,0.9751923594516546,0.1421,0,0,50700,26400,0,0,0,0,606200,0,0,0,64100,0,130500,259600,0,Gopay,P,20.0,2723622,0.851,D,Kelas D (Menengah Bawah),Kediri,Kota Kecil,320000,0.0,0.0,0.044571428571428574,0.02320879120879121,0.0,0.0,0.0,0.0,0.5329230769230769,0.0,0.0,0.0,0.056351648351648354,0.0,0.11472527472527473,0.22821978021978023,0.0,0,Rational Spender,2
BUDU00150,890800,37116.666666666664,25800.0,117100,24,30540.431742437646,0.2916666666666667,0.041666666666666664,0.20833333333333334,0.25,0.0,0.16666666666666666,6,18,11,0.0,0.3387,0.8228225884805832,0.1396,0,0,0,0,0,0,219300,0,47700,0,82300,0,107200,0,261700,172600,0,Gopay,P,42.0,2334955,0.822,D,Kelas D (Menengah Bawah),Magelang,Kota Kecil,130000,0.0,0.0,0.0,0.0,0.0,0.0,0.24618320610687022,0.0,0.05354737314773238,0.0,0.09238886394252357,0.0,0.12034126627750337,0.0,0.2937808711270768,0.19375841939829366,0.0,0,Rational Spender,2
BUDU00151,70409800,690292.1568627451,437600.0,3150000,102,658254.9589839677,0.29411764705882354,0.19607843137254902,0.20588235294117646,0.21568627450980393,0.3235294117647059,0.13725490196078433,10,59,12,0.0,0.25512058823529415,0.9535889296144103,0.2471,7316000,11005500,3221100,5690500,0,4621300,0,0,12628700,2275800,0,0,0,14420300,0,3366600,5864000,Kartu Kredit,P,33.0,8988789,0.474,B,Kelas B (Menengah Atas),Semarang,Kota Besar,1800000,0.10390599035929657,0.15630636644330761,0.04574789304897898,0.08081971543733969,0.0,0.0656343293121128,0.0,0.0,0.1793599754579618,0.032322205147578886,0.0,0.0,0.0,0.20480529698990765,0.0,0.04781436675008308,0.0832838610534329,1,Emotional Spender,0
BUDU00152,1518200,66008.69565217392,47400.0,337500,23,67531.69567653855,0.17391304347826086,0.21739130434782608,0.17391304347826086,0.17391304347826086,0.0,0.08695652173913043,6,18,9,0.0,0.14036521739130436,1.023072718061116,0.1391,0,0,37000,0,0,0,105500,0,896000,0,0,0,102000,0,257100,120600,0,Gopay,L,25.0,2086358,0.868,D,Kelas D (Menengah Bawah),Jombang,Kota Kecil,190000,0.0,0.0,0.024370965617178237,0.0,0.0,0.0,0.0694901857462785,0.0,0.5901725727835595,0.0,0.0,0.0,0.0671848241338427,0.0,0.16934527730206825,0.07943617441707285,0.0,0,Rational Spender,2
BUDU00153,7061500,196152.77777777778,128800.0,665000,36,165074.18676134868,0.3055555555555556,0.05555555555555555,0.1388888888888889,0.19444444444444445,0.0,0.1111111111111111,9,30,11,0.027777777777777776,0.28189722222222224,0.8415592612629827,0.1403,2504800,0,264000,676300,0,0,0,468900,1579900,0,787900,0,396600,0,198700,184400,0,Gopay,L,18.0,4364360,0.66,C,Kelas C (Menengah),Semarang,Kota Besar,1800000,0.35471217163492175,0.0,0.037385824541528,0.09577285279331586,0.0,0.0,0.0,0.06640232245273667,0.22373433406500035,0.0,0.11157686044041634,0.0,0.05616370459534093,0.0,0.028138497486369752,0.026113431990370316,0.0,1,Emotional Spender,0
BUDU00154,1420500,48982.75862068965,39700.0,134500,29,33824.40020548899,0.1724137931034483,0.10344827586206896,0.2413793103448276,0.1724137931034483,0.0,0.13793103448275862,7,23,10,0.0,0.16669310344827587,0.690536857415826,0.1121,0,0,486200,0,0,0,249000,0,247200,0,43000,0,84300,0,95300,215500,0,Gopay,P,30.0,2050434,0.761,D,Kelas D (Menengah Bawah),Kediri,Kota Kecil,320000,0.0,0.0,0.3422738472368884,0.0,0.0,0.0,0.17529039070749736,0.0,0.1740232312565998,0.0,0.030271031326997537,0.0,0.059345300950369585,0.0,0.06708905315029919,0.1517071453713481,0.0,0,Rational Spender,2
BUDU00155,424700,18465.217391304348,14900.0,59800,23,14596.126780623943,0.2608695652173913,0.13043478260869565,0.17391304347826086,0.2608695652173913,0.0,0.08695652173913043,6,16,11,0.043478260869565216,0.06873913043478261,0.7904660135492129,0.1435,0,0,0,0,0,0,34300,0,32400,0,85300,0,14300,0,197900,60500,0,Tunai,P,39.0,1276092,0.979,E,Kelas E (Miskin),Desa Makmur,Desa,3200,0.0,0.0,0.0,0.0,0.0,0.0,0.08076289145279021,0.0,0.07628914527902049,0.0,0.2008476571697669,0.0,0.03367082646574052,0.0,0.4659759830468566,0.1424534965858253,0.0,0,Rational Spender,2
BUDU00156,2021800,87904.34782608696,57900.0,326500,23,83571.99116635836,0.2608695652173913,0.17391304347826086,0.21739130434782608,0.13043478260869565,0.0,0.08695652173913043,7,17,10,0.0,0.2423391304347826,0.9507151037818985,0.1565,0,0,156900,0,0,0,403300,0,535000,0,136300,0,196900,0,125000,468400,0,Tunai,P,28.0,2370712,0.784,D,Kelas D (Menengah Bawah),Desa Rawa Indah,Desa,6500,0.0,0.0,0.07760411514492037,0.0,0.0,0.0,0.19947571470966466,0.0,0.2646156889900089,0.0,0.06741517459689386,0.0,0.09738846572361262,0.0,0.06182609555841329,0.2316747452764863,0.0,0,Rational Spender,2
BUDU00157,461700,24300.0,15600.0,125000,19,28134.458903234263,0.21052631578947367,0.10526315789473684,0.3157894736842105,0.15789473684210525,0.0,0.05263157894736842,5,13,10,0.05263157894736842,0.10312631578947369,1.1577966626845375,0.1132,0,0,0,0,0,0,0,0,25400,0,178900,0,64300,0,182800,10300,0,Gopay,L,30.0,1265438,0.979,E,Kelas E (Miskin),Kediri,Kota Kecil,320000,0.0,0.0,0.0,0.0,0.0,0.0,0.0,0.0,0.05501407840589127,0.0,0.38748104829976177,0.0,0.1392679228936539,0.0,0.3959280918345246,0.02230885856616851,0.0,0,Rational Spender,2
BUDU00158,2544900,70691.66666666667,54100.0,237500,36,63641.66368930701,0.19444444444444445,0.2222222222222222,0.05555555555555555,0.25,0.0,0.16666666666666666,7,25,11,0.027777777777777776,0.0636638888888889,0.9002710883787387,0.1597,0,0,100200,21300,0,0,138400,0,1553100,0,0,0,79100,0,492400,160400,0,Gopay,P,26.0,2681852,0.87,D,Kelas D (Menengah Bawah),Makassar,Kota Besar,1500000,0.0,0.0,0.03937286337380644,0.008369680537545679,0.0,0.0,0.05438327635663484,0.0,0.6102793822939998,0.0,0.0,0.0,0.031081771385909073,0.0,0.19348500923415457,0.06302801681794963,0.0,0,Rational Spender,2
BUDU00159,299200,23015.384615384617,23300.0,53600,13,13540.916152772317,0.15384615384615385,0.3076923076923077,0.23076923076923078,0.07692307692307693,0.0,0.07692307692307693,5,12,8,0.0,0.13974615384615385,0.5883419451405084,0.1577,0,0,0,0,0,0,0,0,57400,0,101800,0,45900,0,70800,23300,0,Tunai,L,21.0,1455870,0.928,E,Kelas E (Miskin),Purwokerto,Kota Kecil,290000,0.0,0.0,0.0,0.0,0.0,0.0,0.0,0.0,0.19184491978609625,0.0,0.34024064171123,0.0,0.1534090909090909,0.0,0.23663101604278075,0.07787433155080214,0.0,0,Rational Spender,2
BUDU00160,57482400,624808.695652174,451700.0,3209600,92,595440.1614416183,0.33695652173913043,0.10869565217391304,0.21739130434782608,0.21739130434782608,0.30434782608695654,0.07608695652173914,10,52,12,0.010869565217391304,0.23966304347826087,0.9529959579389323,0.2228,5898300,6117200,4419800,4448200,0,3136300,0,0,7664400,3901300,0,0,0,17987500,0,2266200,1643200,Kartu Kredit,L,45.0,9710636,0.619,B,Kelas B (Menengah Atas),Bekasi,Metropolitan,2700000,0.10261053818212183,0.10641866032037632,0.07688962186686707,0.0773836861369741,0.0,0.05456104825129083,0.0,0.0,0.13333472506367167,0.06786946961156806,0.0,0.0,0.0,0.3129218682588062,0.0,0.03942424115903303,0.028586141149290912,1,Emotional Spender,0
BUDU00161,47241600,674880.0,425050.0,3150000,70,641344.4903064007,0.2714285714285714,0.2571428571428571,0.18571428571428572,0.17142857142857143,0.34285714285714286,0.08571428571428572,10,42,12,0.0,0.28969285714285714,0.950308929448792,0.2536,7347700,6561400,3290600,2801800,0,3214300,0,0,11189400,2203500,0,0,0,7192000,0,3180800,260100,Kartu Debit,P,30.0,8051950,0.689,B,Kelas B (Menengah Atas),Surabaya,Kota Besar,3100000,0.15553452888979205,0.13889030007451061,0.06965471110207952,0.0593078981236876,0.0,0.06803960915803021,0.0,0.0,0.2368548059337533,0.046643212761633815,0.0,0.0,0.0,0.15223870487028382,0.0,0.06733048838311996,0.005505740703109124,1,Emotional Spender,0
BUDU00162,8850600,158046.42857142858,114050.0,864900,56,148478.5628411611,0.35714285714285715,0.16071428571428573,0.16071428571428573,0.17857142857142858,0.017857142857142856,0.125,9,32,12,0.0,0.19084821428571427,0.9394616770733081,0.1955,1060500,0,640300,528000,0,0,0,221800,3838000,0,406900,0,406700,0,904700,843700,0,Gopay,P,41.0,6691028,0.67,C,Kelas C (Menengah),Palembang,Kota Besar,1700000,0.11982238492305607,0.0,0.07234537771450524,0.05965697240865026,0.0,0.0,0.0,0.025060447879239826,0.4336429168643934,0.0,0.045974284229317784,0.0,0.045951686891284205,0.0,0.10221905859489752,0.09532687049465573,0.0,1,Emotional Spender,0
BUDU00163,1577000,47787.878787878784,41400.0,133400,33,30161.676403755286,0.30303030303030304,0.12121212121212122,0.18181818181818182,0.2727272727272727,0.0,0.09090909090909091,7,26,12,0.0,0.2520939393939394,0.6311574643778849,0.1561,0,0,271200,0,0,0,50100,0,460700,0,18900,0,100200,0,455000,220900,0,Gopay,L,33.0,2259161,0.859,D,Kelas D (Menengah Bawah),Magelang,Kota Kecil,130000,0.0,0.0,0.1719720989220038,0.0,0.0,0.0,0.031769181991122386,0.0,0.29213696892834495,0.0,0.011984781230183893,0.0,0.06353836398224477,0.0,0.28852251109701965,0.14007609384908054,0.0,0,Rational Spender,2
BUDU00164,374600,22035.29411764706,22600.0,67200,17,16154.989212951776,0.17647058823529413,0.0,0.23529411764705882,0.058823529411764705,0.0,0.058823529411764705,5,12,7,0.0,0.22929411764705884,0.7331415286176727,0.0706,0,0,0,0,0,0,27100,0,7000,0,92300,0,0,0,171500,76700,0,Tunai,P,32.0,1195108,0.858,E,Kelas E (Miskin),Desa Sukamaju,Desa,5000,0.0,0.0,0.0,0.0,0.0,0.0,0.07234383342231714,0.0,0.01868659903897491,0.0,0.24639615589962627,0.0,0.0,0.0,0.4578216764548852,0.20475173518419648,0.0,0,Rational Spender,2
BUDU00165,6046900,183239.39393939395,165300.0,534800,33,125796.38791364882,0.36363636363636365,0.12121212121212122,0.21212121212121213,0.21212121212121213,0.0,0.09090909090909091,9,27,12,0.0,0.2961848484848485,0.6865138833369844,0.1773,1502700,0,1363200,484100,0,0,0,44300,1447300,0,110600,0,424500,0,446200,224000,0,Kartu Debit,L,39.0,4061549,0.779,C,Kelas C (Menengah),Tasikmalaya,Kota Kecil,700000,0.24850749971059552,0.0,0.2254378276472242,0.08005755014966347,0.0,0.0,0.0,0.007326067902561643,0.2393457804825613,0.0,0.018290363657411237,0.0,0.07020126014982883,0.0,0.07378987580413104,0.03704377449602275,0.0,1,Emotional Spender,0
BUDU00166,2244600,59068.42105263158,50550.0,152700,38,39938.548101634486,0.4473684210526316,0.18421052631578946,0.10526315789473684,0.34210526315789475,0.0,0.13157894736842105,7,29,11,0.02631578947368421,0.1295736842105263,0.6761404383240267,0.2316,0,0,188000,0,0,0,97100,0,518300,0,571500,0,281900,0,424300,163500,0,Gopay,L,45.0,2586476,0.813,D,Kelas D (Menengah Bawah),Denpasar,Kota Besar,900000,0.0,0.0,0.08375657132673973,0.0,0.0,0.0,0.04325937806290653,0.0,0.23090973892898511,0.0,0.25461106655974336,0.0,0.1255903056223826,0.0,0.18903145326561527,0.07284148623362738,0.0,0,Rational Spender,2
BUDU00167,6287700,146225.58139534883,108100.0,563900,43,115172.86405974872,0.2558139534883721,0.18604651162790697,0.11627906976744186,0.4186046511627907,0.0,0.06976744186046512,9,27,11,0.023255813953488372,0.16103953488372091,0.7876382706823155,0.1558,1210900,0,848800,613900,0,0,0,340300,2080200,0,74400,0,119900,0,841700,157600,0,Gopay,L,18.0,4664615,0.75,C,Kelas C (Menengah),Palembang,Kota Besar,1700000,0.19258234330518315,0.0,0.1349937178936654,0.09763506528619367,0.0,0.0,0.0,0.05412153887749097,0.3308363948661673,0.0,0.011832625602366526,0.0,0.01906897593714713,0.0,0.13386452916010624,0.025064809071679628,0.0,1,Emotional Spender,0
BUDU00168,7379800,199454.05405405405,160600.0,914400,37,167812.6312862629,0.35135135135135137,0.10810810810810811,0.08108108108108109,0.16216216216216217,0.02702702702702703,0.08108108108108109,9,29,11,0.0,0.22707027027027027,0.8413598414037952,0.173,798800,0,1569900,877700,0,0,0,1594700,1356700,0,418900,0,80100,0,506800,176200,0,Ovo,L,34.0,3795425,0.742,C,Kelas C (Menengah),Magelang,Kota Kecil,130000,0.10824141575652457,0.0,0.2127293422585978,0.11893276240548524,0.0,0.0,0.0,0.21608986693406326,0.18383967045177377,0.0,0.056763055909374235,0.0,0.01085395268164449,0.0,0.0686739478034635,0.023875985799073147,0.0,1,Emotional Spender,0
BUDU00169,32303100,646062.0,473700.0,2850000,50,623431.4756675839,0.3,0.18,0.16,0.14,0.26,0.08,10,34,12,0.02,0.327224,0.9649715904473315,0.223,6323300,2850000,2408000,508800,0,4454200,0,0,4511200,1250400,0,0,0,6271100,0,459300,3266800,Kartu Kredit,L,26.0,11220787,0.565,B,Kelas B (Menengah Atas),Depok,Metropolitan,2200000,0.1957490148004371,0.08822682652748498,0.07454392922041538,0.015750810293748897,0.0,0.1378876949890258,0.0,0.0,0.1396522315195755,0.03870835925963762,0.0,0.0,0.0,0.19413307081982845,0.0,0.014218449622482053,0.10112961294736418,1,Emotional Spender,0
BUDU00170,385942600,2946126.717557252,1980700.0,27500000,131,3697487.800319489,0.24427480916030533,0.1450381679389313,0.20610687022900764,0.16793893129770993,0.8625954198473282,0.09923664122137404,10,59,12,0.007633587786259542,0.2875671755725191,1.25503352530105,0.3164,14795400,76937300,26161200,19828100,12151400,7322500,0,0,0,5761900,0,12422700,0,101833000,0,0,108729100,Kartu Kredit,L,36.0,109457511,0.326,A,Kelas A (Kaya),Bogor,Metropolitan,1100000,0.038335752518638785,0.19934907418875242,0.0677852095104298,0.05137577453227501,0.03148499284608644,0.01897302863171881,0.0,0.0,0.0,0.01492942214723122,0.0,0.032187947119597576,0.0,0.26385529868949426,0.0,0.0,0.2817234998157757,2,Impulsive Spender,1
BUDU00171,9943500,171439.6551724138,136350.0,565700,58,127500.36524152043,0.3103448275862069,0.15517241379310345,0.22413793103448276,0.15517241379310345,0.0,0.06896551724137931,9,42,12,0.017241379310344827,0.22615862068965517,0.7437040462621999,0.1655,2555300,0,722400,622300,0,0,0,881300,3102500,0,341300,0,291100,0,858200,569100,0,Ovo,P,42.0,5546678,0.623,C,Kelas C (Menengah),Semarang,Kota Besar,1800000,0.25698194800623525,0.0,0.07265047518479409,0.06258359732488561,0.0,0.0,0.0,0.0886307638155579,0.31201287273092976,0.0,0.03432393020566199,0.0,0.029275406044149445,0.0,0.08630763815557903,0.05723336853220697,0.0,1,Emotional Spender,0
BUDU00172,4469000,148966.66666666666,100050.0,665000,30,146926.22669882333,0.23333333333333334,0.26666666666666666,0.2,0.16666666666666666,0.0,0.06666666666666667,7,23,12,0.0,0.25948333333333334,0.9863027077567018,0.1717,1468900,0,156500,145700,0,0,0,652300,1453900,0,0,0,0,0,426300,165400,0,Kartu Debit,P,20.0,5865293,0.712,C,Kelas C (Menengah),Blitar,Kota Kecil,150000,0.32868650704855673,0.0,0.03501901991496979,0.032602371895278585,0.0,0.0,0.0,0.14596106511523832,0.32533005146565225,0.0,0.0,0.0,0.0,0.0,0.09539046766614455,0.03701051689415977,0.0,1,Emotional Spender,0
BUDU00173,9231900,181017.64705882352,150100.0,731100,51,137564.9849429459,0.2549019607843137,0.1568627450980392,0.13725490196078433,0.19607843137254902,0.0196078431372549,0.0784313725490196,9,33,12,0.0,0.2587529411764706,0.759953447512456,0.152,3180600,0,701700,725700,0,0,0,746500,2041500,0,189800,0,548200,0,337400,760500,0,Kartu Debit,P,35.0,3740782,0.615,C,Kelas C (Menengah),Tegal,Kota Kecil,285000,0.3445227959574952,0.0,0.07600818899684789,0.07860787053585935,0.0,0.0,0.0,0.0808609278696693,0.22113541091216327,0.0,0.020559148171015718,0.0,0.05938105915358702,0.0,0.03654718963593626,0.082377408767426,0.0,1,Emotional Spender,0
BUDU00174,208900,17408.333333333332,11150.0,59700,12,16000.139677420622,0.08333333333333333,0.16666666666666666,0.16666666666666666,0.3333333333333333,0.0,0.08333333333333333,4,11,8,0.0,0.30468333333333336,0.919108071465043,0.0917,0,0,0,0,0,0,0,0,69000,0,0,0,17500,0,86800,35600,0,Tunai,L,28.0,1338456,0.883,E,Kelas E (Miskin),Cirebon,Kota Kecil,320000,0.0,0.0,0.0,0.0,0.0,0.0,0.0,0.0,0.3303015797032073,0.0,0.0,0.0,0.08377213977979894,0.0,0.4155098133078028,0.170416467209191,0.0,0,Rational Spender,2
BUDU00175,61905700,711559.7701149426,445800.0,3300000,87,780887.4790843072,0.3563218390804598,0.19540229885057472,0.20689655172413793,0.21839080459770116,0.20689655172413793,0.11494252873563218,10,50,12,0.0,0.10097701149425288,1.0974306191567937,0.242,7525800,6801000,4962200,3715800,0,4730500,0,0,16890700,2609100,0,0,0,7976900,0,2303400,4390300,Kartu Kredit,P,25.0,13166369,0.653,B,Kelas B (Menengah Atas),Makassar,Kota Besar,1500000,0.12156877315012996,0.1098606428810271,0.08015740069169722,0.06002355195078967,0.0,0.07641461125550636,0.0,0.0,0.2728456345699992,0.04214636132052461,0.0,0.0,0.0,0.12885566272572638,0.0,0.037208205383349194,0.07091915607125031,1,Emotional Spender,0
BUDU00176,1938500,88113.63636363637,36300.0,316800,22,95619.34101751266,0.18181818181818182,0.0,0.3181818181818182,0.22727272727272727,0.0,0.13636363636363635,6,17,9,0.0,0.11499090909090909,1.085182100791993,0.0841,0,0,36100,0,0,0,56100,0,1630400,0,0,0,105600,0,76200,34100,0,Tunai,L,37.0,1642517,0.908,D,Kelas D (Menengah Bawah),Jombang,Kota Kecil,190000,0.0,0.0,0.018622646376063968,0.0,0.0,0.0,0.028939901986071704,0.0,0.8410626773278308,0.0,0.0,0.0,0.05447510962084086,0.0,0.039308743874129484,0.017590920815063193,0.0,0,Rational Spender,2
BUDU00177,1934000,56882.35294117647,37600.0,225000,34,52041.239303414884,0.29411764705882354,0.14705882352941177,0.058823529411764705,0.14705882352941177,0.0,0.08823529411764706,7,24,12,0.029411764705882353,0.23073235294117647,0.9148925213630331,0.1603,0,0,206700,0,0,0,97100,0,603600,0,106800,0,197400,0,247600,474800,0,Tunai,P,39.0,1975383,0.878,D,Kelas D (Menengah Bawah),Semarang,Kota Besar,1800000,0.0,0.0,0.10687693898655636,0.0,0.0,0.0,0.05020682523267839,0.0,0.31209927611168564,0.0,0.055222337125129264,0.0,0.10206825232678386,0.0,0.1280248190279214,0.24550155118924508,0.0,0,Rational Spender,2
BUDU00178,389488800,3674422.6415094337,2582400.0,26250000,106,3882276.3392550545,0.25471698113207547,0.16037735849056603,0.1320754716981132,0.2641509433962264,0.9245283018867925,0.10377358490566038,10,57,12,0.0,0.3746783018867924,1.0565677163529112,0.3377,2333200,53041400,21481300,16651000,32446500,25090000,0,0,0,4626800,0,14764900,0,114753900,0,0,104299800,Kartu Kredit,P,31.0,27001566,0.263,A,Kelas A (Kaya),Tangerang Selatan,Metropolitan,1700000,0.00599041615574055,0.13618209304092954,0.05515254867405687,0.042750908370150824,0.08330534793298293,0.06441777016437956,0.0,0.0,0.0,0.011879160581767691,0.0,0.03790840712236141,0.0,0.29462695718079696,0.0,0.0,0.26778639077683364,2,Impulsive Spender,1
BUDU00179,485500,21108.695652173912,14700.0,90700,23,20797.7252480667,0.21739130434782608,0.2608695652173913,0.30434782608695654,0.08695652173913043,0.0,0.08695652173913043,5,17,12,0.0,0.14073913043478262,0.985268137395539,0.1674,0,0,0,0,0,0,0,0,198900,0,74100,0,26200,0,154400,31900,0,Tunai,P,25.0,1154096,0.916,E,Kelas E (Miskin),Pekalongan,Kota Kecil,310000,0.0,0.0,0.0,0.0,0.0,0.0,0.0,0.0,0.4096807415036045,0.0,0.15262615859938208,0.0,0.05396498455200824,0.0,0.3180226570545829,0.06570545829042225,0.0,0,Rational Spender,2
BUDU00180,8042100,229774.2857142857,242400.0,613600,35,141687.17477527147,0.45714285714285713,0.2,0.14285714285714285,0.2857142857142857,0.0,0.05714285714285714,7,23,12,0.02857142857142857,0.3477085714285714,0.6166363408978378,0.2286,1971800,0,468400,212700,0,0,0,895700,4113800,0,0,0,0,0,97500,282200,0,Gopay,P,35.0,6044486,0.818,C,Kelas C (Menengah),Blitar,Kota Kecil,150000,0.24518471543502318,0.0,0.05824349361485184,0.026448315738426532,0.0,0.0,0.0,0.11137638179082578,0.5115330572860323,0.0,0.0,0.0,0.0,0.0,0.012123699033834446,0.03509033710100595,0.0,1,Emotional Spender,0
BUDU00181,7509500,170670.45454545456,142700.0,630000,44,127565.43706926383,0.20454545454545456,0.13636363636363635,0.20454545454545456,0.18181818181818182,0.0,0.13636363636363635,9,32,12,0.0,0.12705227272727274,0.7474371437575882,0.133,1627700,0,793800,247900,0,0,0,238400,2520400,0,183700,0,416900,0,1073300,407400,0,Ovo,P,32.0,5932285,0.719,C,Kelas C (Menengah),Medan,Kota Besar,2400000,0.21675211398894734,0.0,0.10570610559957387,0.03301151874292563,0.0,0.0,0.0,0.03174645449097809,0.3356282042745855,0.0,0.0244623476929223,0.0,0.055516345961781746,0.0,0.14292562753845128,0.05425128170983421,0.0,1,Emotional Spender,0
BUDU00182,213000,19363.636363636364,13600.0,54000,11,14611.24722446874,0.45454545454545453,0.2727272727272727,0.09090909090909091,0.2727272727272727,0.0,0.09090909090909091,4,8,6,0.0,0.32988181818181816,0.7545714529068364,0.2545,0,0,0,0,0,0,0,0,111200,0,0,0,20000,0,16500,65300,0,Tunai,P,18.0,1324681,0.89,E,Kelas E (Miskin),Magelang,Kota Kecil,130000,0.0,0.0,0.0,0.0,0.0,0.0,0.0,0.0,0.5220657276995305,0.0,0.0,0.0,0.09389671361502347,0.0,0.07746478873239436,0.30657276995305166,0.0,0,Rational Spender,2
BUDU00183,446265300,2609738.596491228,1795800.0,18446900,171,2545335.145811166,0.2573099415204678,0.18128654970760233,0.2046783625730994,0.22807017543859648,0.8713450292397661,0.1111111111111111,10,62,12,0.011695906432748537,0.14418947368421053,0.9753218767708568,0.3354,14548700,32074700,26927400,22855400,39134500,31374100,0,0,0,23320400,0,46758500,0,99652000,0,0,109619600,Kartu Kredit,L,52.0,48237182,0.251,A,Kelas A (Kaya),Tangerang Selatan,Metropolitan,1700000,0.03260101110258853,0.07187361419317163,0.060339443824110904,0.05121482669613792,0.08769335191420888,0.07030369603014171,0.0,0.0,0.0,0.052256807777794956,0.0,0.10477736001432332,0.0,0.22330214784792812,0.0,0.0,0.245637740599594,2,Impulsive Spender,1
BUDU00184,1858000,47641.02564102564,26100.0,133000,39,42594.394973175804,0.41025641025641024,0.3333333333333333,0.1794871794871795,0.2564102564102564,0.0,0.1794871794871795,7,29,10,0.02564102564102564,0.24378461538461538,0.89406964690735,0.2705,0,0,142400,0,0,0,373100,0,454000,0,146200,0,162200,0,326700,253400,0,Gopay,L,36.0,2221459,0.87,D,Kelas D (Menengah Bawah),Blitar,Kota Kecil,150000,0.0,0.0,0.07664155005382131,0.0,0.0,0.0,0.20080731969860063,0.0,0.24434876210979548,0.0,0.07868675995694295,0.0,0.08729817007534983,0.0,0.17583423035522067,0.1363832077502691,0.0,0,Rational Spender,2
BUDU00185,7735400,193385.0,163300.0,945000,40,168822.32133070313,0.2,0.125,0.15,0.25,0.025,0.05,9,27,12,0.0,0.3064675,0.8729856055573241,0.12,1750000,0,1103700,884800,0,0,0,117800,3260500,0,164000,0,156300,0,139100,159200,0,Ovo,P,40.0,4993022,0.816,C,Kelas C (Menengah),Pekalongan,Kota Kecil,310000,0.22623264472425472,0.0,0.14268169713266282,0.11438322517258319,0.0,0.0,0.0,0.015228688884866975,0.4215037360705329,0.0,0.0212012307055873,0.0,0.02020580706880058,0.0,0.01798226336065362,0.020580706880057916,0.0,1,Emotional Spender,0
BUDU00186,55186400,634326.4367816092,472500.0,3000000,87,561266.7229517262,0.28735632183908044,0.1839080459770115,0.09195402298850575,0.21839080459770116,0.2988505747126437,0.05747126436781609,10,47,12,0.034482758620689655,0.15649310344827586,0.8848231610831686,0.2241,6633800,6613100,3985000,4860800,0,4564400,0,0,15901500,1140700,0,0,0,9373300,0,250700,1863100,Gopay,L,31.0,12642251,0.642,B,Kelas B (Menengah Atas),Semarang,Kota Besar,1800000,0.12020715248684459,0.11983206007277156,0.07220981981067799,0.0880796718031979,0.0,0.08270878332342751,0.0,0.0,0.2881416435933491,0.020669947668266096,0.0,0.0,0.0,0.1698480060304713,0.0,0.0045427859037733935,0.03376012930722062,1,Emotional Spender,0
BUDU00187,497792600,3150586.075949367,1936300.0,25783300,158,3697838.937243231,0.26582278481012656,0.22151898734177214,0.1518987341772152,0.23417721518987342,0.8734177215189873,0.13924050632911392,10,64,12,0.02531645569620253,0.21033354430379747,1.1736987494077464,0.3551,25852500,80152700,19688700,20396300,44377100,24756000,0,0,0,8940200,0,42619100,0,137189600,0,0,93820400,Kartu Kredit,P,47.0,122134710,0.472,A,Kelas A (Kaya),Tangerang Selatan,Metropolitan,1700000,0.05193427945694653,0.1610162545606343,0.03955201423243335,0.04097348976260395,0.08914776957311137,0.049731554868433156,0.0,0.0,0.0,0.017959688432491766,0.0,0.0856161783039764,0.0,0.2755959007827758,0.0,0.0,0.1884728700265934,2,Impulsive Spender,1
BUDU00188,8845100,166888.679245283,127000.0,532700,53,120599.52426934069,0.2641509433962264,0.16981132075471697,0.16981132075471697,0.09433962264150944,0.0,0.05660377358490566,9,34,12,0.0,0.2519509433962264,0.7226345418678203,0.1519,1906500,0,162100,822200,0,0,0,428600,3032000,0,770900,0,199500,0,832000,691300,0,Gopay,L,22.0,5801007,0.666,C,Kelas C (Menengah),Palembang,Kota Besar,1700000,0.2155430690438774,0.0,0.018326531073701822,0.09295542164588304,0.0,0.0,0.0,0.04845620739166318,0.34278866264937646,0.0,0.08715560027585895,0.0,0.022554860883426984,0.0,0.09406337972436717,0.07815626731184498,0.0,1,Emotional Spender,0
BUDU00189,328100,19300.0,17600.0,41700,17,11392.925436427644,0.23529411764705882,0.11764705882352941,0.058823529411764705,0.23529411764705882,0.0,0.058823529411764705,6,12,9,0.0,0.2830588235294118,0.5903070174314842,0.1265,0,0,0,0,0,0,15600,0,62100,0,28500,0,42400,0,141300,38200,0,Tunai,P,31.0,1123212,0.867,E,Kelas E (Miskin),Tegal,Kota Kecil,285000,0.0,0.0,0.0,0.0,0.0,0.0,0.04754647973178909,0.0,0.18927156354769886,0.0,0.08686376104846083,0.0,0.12922889362999085,0.0,0.43066138372447427,0.1164279183175861,0.0,0,Rational Spender,2
BUDU00190,261900,20146.153846153848,15400.0,60000,13,17468.429398232278,0.3076923076923077,0.38461538461538464,0.0,0.3076923076923077,0.0,0.07692307692307693,5,10,8,0.0,0.14735384615384614,0.8670850789500557,0.2346,0,0,0,0,0,0,76900,0,68000,0,0,0,7100,0,104300,5600,0,Tunai,P,46.0,804920,0.948,E,Kelas E (Miskin),Desa Panyingkiran,Desa,3700,0.0,0.0,0.0,0.0,0.0,0.0,0.2936235204276441,0.0,0.2596410843833524,0.0,0.0,0.0,0.027109583810614738,0.0,0.39824360442917145,0.021382206949217258,0.0,0,Rational Spender,2
BUDU00191,189608800,2670546.4788732394,1606300.0,22757700,71,3346298.3742735786,0.28169014084507044,0.22535211267605634,0.18309859154929578,0.23943661971830985,0.8732394366197183,0.11267605633802817,10,48,12,0.028169014084507043,0.14114788732394365,1.2530388071303868,0.3577,8941900,30351100,22668200,10341600,35410800,5517700,0,0,0,6350100,0,14193000,0,32610600,0,0,23223800,Kartu Kredit,L,34.0,54021738,0.361,A,Kelas A (Kaya),Tangerang,Metropolitan,2100000,0.047159730982950156,0.1600722118382691,0.11955246802891005,0.054541772322803585,0.186757154731215,0.029100442595491348,0.0,0.0,0.0,0.03349053419461544,0.0,0.07485412069482007,0.0,0.17198885283805393,0.0,0.0,0.1224827117728713,2,Impulsive Spender,1
BUDU00192,11885200,177391.0447761194,141700.0,945000,67,148224.1604353713,0.29850746268656714,0.14925373134328357,0.11940298507462686,0.23880597014925373,0.014925373134328358,0.05970149253731343,9,42,12,0.014925373134328358,0.2469328358208955,0.8355785976819807,0.1612,2079400,0,818000,1194200,0,0,0,156800,5450200,0,646500,0,274000,0,304600,961500,0,Kartu Debit,P,31.0,3134454,0.77,C,Kelas C (Menengah),Jombang,Kota Kecil,190000,0.17495708948944907,0.0,0.06882509339346414,0.10047790529397907,0.0,0.0,0.0,0.013192878538013665,0.45857032275434995,0.0,0.0543953824925117,0.0,0.02305388213913102,0.0,0.025628512772187258,0.08089893312691415,0.0,1,Emotional Spender,0
BUDU00193,71079000,696852.9411764706,520550.0,2850000,102,601596.4022738895,0.35294117647058826,0.19607843137254902,0.18627450980392157,0.17647058823529413,0.3333333333333333,0.09803921568627451,10,47,12,0.0,0.17714117647058825,0.8633046755291539,0.2637,12732900,7497400,4714000,5327900,0,4353800,0,0,21002100,3153400,0,0,0,7023000,0,2776100,2498400,Kartu Kredit,L,25.0,18467762,0.633,B,Kelas B (Menengah Atas),Surabaya,Kota Besar,3100000,0.17913729793609928,0.10547981823041967,0.0663205728836928,0.07495744171977659,0.0,0.061252972045189154,0.0,0.0,0.2954754568860001,0.04436472094430141,0.0,0.0,0.0,0.09880555438315114,0.0,0.03905654272007203,0.03514962225129785,1,Emotional Spender,0
BUDU00194,374190700,2751402.205882353,2046150.0,16396600,136,2499897.0627242476,0.3088235294117647,0.22058823529411764,0.14705882352941177,0.22058823529411764,0.9264705882352942,0.11764705882352941,10,66,12,0.007352941176470588,0.28637279411764704,0.9085901935309929,0.3772,32222800,57423200,21980700,20880000,46326500,13501700,0,0,0,16925100,0,34215400,0,72405500,0,0,58309800,Kartu Kredit,L,31.0,63974203,0.284,A,Kelas A (Kaya),Bogor,Metropolitan,1100000,0.08611331067287348,0.153459719870109,0.05874197301001869,0.05580042475668155,0.12380451999475134,0.0360824039720923,0.0,0.0,0.0,0.04523121499278309,0.0,0.09143840293198094,0.0,0.1934989298237503,0.0,0.0,0.15582909997495928,2,Impulsive Spender,1
BUDU00195,8129100,184752.27272727274,140150.0,875000,44,156093.8737957869,0.2727272727272727,0.25,0.045454545454545456,0.18181818181818182,0.022727272727272728,0.06818181818181818,8,27,11,0.0,0.1356659090909091,0.8448820222428834,0.1852,983500,0,749700,655400,0,0,0,121000,2958200,0,285700,0,0,0,2205600,170000,0,Gopay,L,33.0,5093563,0.774,C,Kelas C (Menengah),Cirebon,Kota Kecil,320000,0.12098510290192026,0.0,0.0922242314647378,0.08062393130850894,0.0,0.0,0.0,0.01488479659494901,0.36390252303453025,0.0,0.035145342042784564,0.0,0.0,0.0,0.2713215485109053,0.020912524141663898,0.0,1,Emotional Spender,0
BUDU00196,8106100,184229.54545454544,145100.0,770000,44,154344.79760790706,0.2727272727272727,0.20454545454545456,0.18181818181818182,0.18181818181818182,0.022727272727272728,0.09090909090909091,8,29,11,0.022727272727272728,0.20760227272727272,0.8377852598349281,0.175,2349500,0,350300,838700,0,0,0,922000,2561000,0,179600,0,226800,0,678200,0,0,Gopay,L,31.0,3663098,0.691,C,Kelas C (Menengah),Jakarta,Metropolitan,10500000,0.28984345122808747,0.0,0.04321436942549438,0.10346529157054564,0.0,0.0,0.0,0.11374150331232036,0.31593491321350586,0.0,0.02215615400747585,0.0,0.027978929448193336,0.0,0.08366538779437707,0.0,0.0,1,Emotional Spender,0
BUDU00197,12033600,200560.0,139700.0,906700,60,179130.7620100609,0.36666666666666664,0.21666666666666667,0.3,0.21666666666666667,0.016666666666666666,0.1,9,36,12,0.0,0.18440499999999999,0.8931529817015401,0.2117,2674400,0,1078000,743900,0,0,0,1074300,4773600,0,341500,0,57000,0,355700,935200,0,Kartu Debit,L,39.0,4836959,0.636,C,Kelas C (Menengah),Tasikmalaya,Kota Kecil,700000,0.22224438239595798,0.0,0.08958250232681825,0.061818574657625316,0.0,0.0,0.0,0.08927502991623454,0.39668927004387716,0.0,0.028378872490360325,0.0,0.004736737136019146,0.0,0.029558901741789656,0.07771572929131765,0.0,1,Emotional Spender,0
BUDU00198,65052200,637766.6666666666,424000.0,3436500,102,586807.0061291398,0.3431372549019608,0.18627450980392157,0.11764705882352941,0.27450980392156865,0.28431372549019607,0.11764705882352941,9,52,12,0.00980392156862745,0.26330980392156866,0.9200967011903097,0.2505,8357400,11768700,6236900,1562900,0,4532300,0,0,15532800,1125900,0,0,0,10475100,0,5460200,0,Kartu Kredit,P,25.0,15575181,0.696,B,Kelas B (Menengah Atas),Palembang,Kota Besar,1700000,0.12847221154703453,0.1809116371160391,0.09587531244139322,0.024025321203587274,0.0,0.06967174054067349,0.0,0.0,0.23877439963598465,0.01730763909598753,0.0,0.0,0.0,0.16102606829592236,0.0,0.08393567012337784,0.0,1,Emotional Spender,0
BUDU00199,11594300,173049.25373134328,142600.0,658700,67,120796.69418155537,0.29850746268656714,0.16417910447761194,0.16417910447761194,0.22388059701492538,0.0,0.04477611940298507,9,39,12,0.014925373134328358,0.10940149253731343,0.6980480503492414,0.1604,3381200,0,2051600,604700,0,0,0,1341100,2407000,0,114100,0,341300,0,650800,702500,0,Gopay,P,25.0,4562913,0.684,C,Kelas C (Menengah),Denpasar,Kota Besar,900000,0.29162605763176735,0.0,0.17694901805197383,0.05215493820239255,0.0,0.0,0.0,0.11566890627290996,0.2076020113331551,0.0,0.009841042581268382,0.0,0.029436878466142846,0.0,0.056131029902624564,0.06059011755776545,0.0,1,Emotional Spender,0
BUDU00200,12269900,194760.31746031746,151800.0,689000,63,139609.2456265477,0.2698412698412698,0.2222222222222222,0.19047619047619047,0.2222222222222222,0.0,0.09523809523809523,8,36,12,0.015873015873015872,0.22155238095238097,0.7168259296711876,0.1754,3911500,0,1017200,1021500,0,0,0,651700,3530500,0,140300,0,0,0,785500,1211700,0,Ovo,L,20.0,4426683,0.687,C,Kelas C (Menengah),Makassar,Kota Besar,1500000,0.31878825418300066,0.0,0.0829020611414926,0.08325251224541358,0.0,0.0,0.0,0.05311371730820952,0.2877366563704676,0.0,0.011434486018630959,0.0,0.0,0.0,0.06401845165812273,0.09875386107466239,0.0,1,Emotional Spender,0
BUDU00201,11791900,206875.43859649124,137300.0,945000,57,189246.15516070012,0.2807017543859649,0.24561403508771928,0.22807017543859648,0.2631578947368421,0.017543859649122806,0.12280701754385964,9,39,12,0.0,0.1625421052631579,0.9147831006165169,0.1939,1970300,0,732600,871300,0,0,0,1306400,2297800,0,1920900,0,206600,0,1404200,1081800,0,Gopay,L,39.0,4267046,0.712,C,Kelas C (Menengah),Depok,Metropolitan,2200000,0.16708927314512503,0.0,0.06212739253216191,0.07388970394932115,0.0,0.0,0.0,0.11078791373739601,0.1948625751575234,0.0,0.16289995674997243,0.0,0.017520501361103807,0.0,0.11908174255209084,0.09174094081530543,0.0,1,Emotional Spender,0
BUDU00202,1150700,57535.0,38650.0,173200,20,49931.07117237775,0.25,0.2,0.05,0.25,0.0,0.15,7,17,10,0.0,0.301205,0.8678382058291083,0.17,0,0,410000,0,0,0,30200,0,209200,0,134500,0,84700,0,199500,82600,0,Gopay,L,44.0,1969742,0.887,D,Kelas D (Menengah Bawah),Palembang,Kota Besar,1700000,0.0,0.0,0.35630485791257493,0.0,0.0,0.0,0.026244894412096983,0.0,0.18180238115929434,0.0,0.1168853741201008,0.0,0.07360736942730511,0.0,0.1733727296428261,0.07178239332580169,0.0,0,Rational Spender,2
BUDU00203,1198800,57085.71428571428,53100.0,205900,21,45744.445408314714,0.23809523809523808,0.14285714285714285,0.09523809523809523,0.23809523809523808,0.0,0.09523809523809523,7,17,10,0.0,0.2520476190476191,0.8013291237692768,0.1405,0,0,493600,0,0,0,53100,0,183300,0,62900,0,73000,0,121200,211700,0,Gopay,P,21.0,2587778,0.772,D,Kelas D (Menengah Bawah),Pekalongan,Kota Kecil,310000,0.0,0.0,0.41174507841174507,0.0,0.0,0.0,0.044294294294294295,0.0,0.1529029029029029,0.0,0.05246913580246913,0.0,0.06089422756089423,0.0,0.1011011011011011,0.17659325992659325,0.0,0,Rational Spender,2
BUDU00204,10179400,149697.0588235294,123500.0,630000,68,110694.62224609398,0.25,0.14705882352941177,0.11764705882352941,0.22058823529411764,0.0,0.07352941176470588,9,34,12,0.014705882352941176,0.09973529411764706,0.7394575626003881,0.1426,1876400,0,1075000,410900,0,0,0,897700,4500800,0,126900,0,294500,0,589700,407500,0,Gopay,P,42.0,3317626,0.802,C,Kelas C (Menengah),Makassar,Kota Besar,1500000,0.1843330648171798,0.0,0.10560543843448533,0.040365836886260484,0.0,0.0,0.0,0.08818790891408138,0.4421478672613317,0.0,0.012466353616126687,0.0,0.028930978250191565,0.0,0.057930722832386976,0.04003182898795607,0.0,1,Emotional Spender,0
BUDU00205,8801800,160032.72727272726,119000.0,708300,55,133877.8562368415,0.2727272727272727,0.16363636363636364,0.12727272727272726,0.21818181818181817,0.0,0.09090909090909091,9,31,12,0.03636363636363636,0.39814,0.8365654858127068,0.1582,2619200,0,1114900,889300,0,0,0,649400,1657500,0,231200,0,293700,0,1001800,344800,0,Kartu Debit,L,40.0,4837060,0.716,C,Kelas C (Menengah),Surabaya,Kota Besar,3100000,0.29757549592128885,0.0,0.12666727260333113,0.10103615169624396,0.0,0.0,0.0,0.07378036310754618,0.18831375400486264,0.0,0.02626735440478084,0.0,0.03336817469154037,0.0,0.11381762821241109,0.03917380535799495,0.0,1,Emotional Spender,0
BUDU00206,172200,17220.0,13150.0,46500,10,14038.423463243063,0.1,0.1,0.2,0.1,0.0,0.1,4,8,7,0.0,0.26877,0.8152394577957645,0.08,0,0,0,0,0,0,0,0,58000,0,0,0,20600,0,69300,24300,0,Gopay,L,33.0,1433751,0.931,E,Kelas E (Miskin),Cirebon,Kota Kecil,320000,0.0,0.0,0.0,0.0,0.0,0.0,0.0,0.0,0.33681765389082463,0.0,0.0,0.0,0.11962833914053426,0.0,0.4024390243902439,0.14111498257839722,0.0,0,Rational Spender,2
BUDU00207,5411100,159150.0,119550.0,589800,34,115823.96321377307,0.4411764705882353,0.23529411764705882,0.20588235294117646,0.11764705882352941,0.0,0.058823529411764705,8,27,12,0.0,0.3411911764705882,0.7277660271050774,0.2338,1563100,0,86900,568300,0,0,0,143700,2091900,0,0,0,102800,0,268400,586000,0,Dana,P,24.0,3124462,0.615,C,Kelas C (Menengah),Surabaya,Kota Besar,3100000,0.288869176322744,0.0,0.01605958123117296,0.10502485631387333,0.0,0.0,0.0,0.02655652270333204,0.38659422298608415,0.0,0.0,0.0,0.01899798562214707,0.0,0.049601744562103825,0.10829591025854263,0.0,1,Emotional Spender,0
BUDU00208,1838000,54058.82352941176,42900.0,208800,34,43049.40866554108,0.4117647058823529,0.17647058823529413,0.11764705882352941,0.14705882352941177,0.0,0.11764705882352941,7,23,11,0.0,0.30064117647058825,0.7963437946835673,0.2147,0,0,242900,0,0,0,118000,0,277400,0,234500,0,261000,0,320800,383400,0,Tunai,P,20.0,1615617,0.762,D,Kelas D (Menengah Bawah),Jombang,Kota Kecil,190000,0.0,0.0,0.1321545157780196,0.0,0.0,0.0,0.06420021762785637,0.0,0.15092491838955385,0.0,0.12758433079434167,0.0,0.14200217627856365,0.0,0.17453754080522307,0.20859630032644177,0.0,0,Rational Spender,2
BUDU00209,1396300,77572.22222222222,39000.0,337500,18,103006.86330963044,0.3888888888888889,0.3333333333333333,0.05555555555555555,0.05555555555555555,0.0,0.2222222222222222,7,17,9,0.0,0.18574444444444443,1.327883362868544,0.2694,0,0,634800,245400,0,0,0,0,115000,0,18700,0,88700,0,81900,211800,0,Tunai,P,45.0,2649097,0.899,D,Kelas D (Menengah Bawah),Makassar,Kota Besar,1500000,0.0,0.0,0.4546300938193798,0.1757501969490797,0.0,0.0,0.0,0.0,0.08236052424264127,0.0,0.013392537420325146,0.0,0.06352503043758505,0.0,0.058655016830194084,0.15168660030079495,0.0,1,Emotional Spender,0
BUDU00210,7026100,195169.44444444444,156150.0,770000,36,148563.85797637797,0.08333333333333333,0.19444444444444445,0.16666666666666666,0.25,0.027777777777777776,0.1111111111111111,9,30,11,0.0,0.1806611111111111,0.7612044928409227,0.1097,1835700,0,622200,386500,0,0,0,442600,2066900,0,318500,0,128600,0,1169900,55200,0,Ovo,L,41.0,5186592,0.604,C,Kelas C (Menengah),Palembang,Kota Besar,1700000,0.26126869813979303,0.0,0.08855552867166706,0.05500918005721524,0.0,0.0,0.0,0.06299369493744751,0.29417457764620486,0.0,0.04533098020238824,0.0,0.018303183843099303,0.0,0.16650773544356043,0.007856421058624273,0.0,1,Emotional Spender,0
BUDU00211,44318200,547138.2716049383,338400.0,3300000,81,612666.7563953304,0.32098765432098764,0.20987654320987653,0.1111111111111111,0.19753086419753085,0.19753086419753085,0.12345679012345678,10,48,12,0.012345679012345678,0.14601111111111112,1.119765858451421,0.2333,4262400,5749400,4474000,3807800,0,3913700,0,0,6114400,1011900,0,0,0,1153200,0,2773200,11058200,Kartu Kredit,L,47.0,16801504,0.59,B,Kelas B (Menengah Atas),Tangerang,Metropolitan,2100000,0.09617719131192151,0.12972999805948798,0.10095175345569089,0.08591955449454175,0.0,0.08830909197575713,0.0,0.0,0.13796589211655708,0.022832606017392402,0.0,0.0,0.0,0.026020912401676963,0.0,0.06257474355907956,0.24951825660789473,1,Emotional Spender,0
BUDU00212,64603300,725879.7752808989,540700.0,4050000,89,736151.7337077038,0.3595505617977528,0.15730337078651685,0.12359550561797752,0.25842696629213485,0.33707865168539325,0.07865168539325842,10,44,12,0.011235955056179775,0.2094247191011236,1.0141510464633483,0.2522,4113500,16030200,8561900,2284500,0,1841300,0,0,16173300,3967200,0,0,0,9860300,0,1121000,650100,Kartu Kredit,L,41.0,14029080,0.521,B,Kelas B (Menengah Atas),Palembang,Kota Besar,1700000,0.06367321793159172,0.248132835319558,0.13253038157493502,0.035361970673324736,0.0,0.028501640009101704,0.0,0.0,0.2503478924451228,0.06140862773263905,0.0,0.0,0.0,0.1526284261020722,0.0,0.017352054771195898,0.010062953440458924,1,Emotional Spender,0
BUDU00213,8651300,151777.19298245615,121000.0,607500,57,125444.72177238617,0.2982456140350877,0.19298245614035087,0.19298245614035087,0.17543859649122806,0.0,0.08771929824561403,9,34,12,0.017543859649122806,0.10002105263157895,0.8265057437640598,0.1754,2366400,0,903800,1038600,0,0,0,706000,1936100,0,129100,0,53100,0,821700,696500,0,Gopay,L,34.0,3257965,0.796,C,Kelas C (Menengah),Bekasi,Metropolitan,2700000,0.2735311456081745,0.0,0.10446984846208085,0.12005132176667091,0.0,0.0,0.0,0.08160623258932184,0.22379295597193485,0.0,0.014922612786517634,0.0,0.006137805878885254,0.0,0.0949799452105464,0.0805081317258678,0.0,1,Emotional Spender,0
BUDU00214,6003000,153923.07692307694,117000.0,665000,39,141990.16359841428,0.2564102564102564,0.1794871794871795,0.07692307692307693,0.3076923076923077,0.0,0.10256410256410256,9,29,11,0.0,0.2341794871794872,0.9224748259767044,0.159,486400,0,544900,214200,0,0,0,574400,2535200,0,60900,0,434900,0,913900,238200,0,Gopay,P,33.0,6981750,0.732,C,Kelas C (Menengah),Bogor,Metropolitan,1100000,0.08102615358987172,0.0,0.09077128102615359,0.03568215892053973,0.0,0.0,0.0,0.09568549058803931,0.42232217224720975,0.0,0.010144927536231883,0.0,0.07244710977844411,0.0,0.15224054639346993,0.03968015992003998,0.0,1,Emotional Spender,0
BUDU00215,11746400,195773.33333333334,159300.0,630000,60,139527.3958478778,0.3333333333333333,0.11666666666666667,0.11666666666666667,0.21666666666666667,0.0,0.11666666666666667,8,33,12,0.0,0.16181666666666666,0.7126986779670936,0.1692,4221200,0,1639800,342400,0,0,0,781100,2523200,0,0,0,75100,0,733100,1430500,0,Ovo,P,41.0,3258747,0.8,C,Kelas C (Menengah),Bogor,Metropolitan,1100000,0.35936116597425594,0.0,0.13960021793911326,0.029149356398556155,0.0,0.0,0.0,0.06649696928420623,0.21480623850711708,0.0,0.0,0.0,0.006393448205407614,0.0,0.062410610910576855,0.12178199278076687,0.0,1,Emotional Spender,0
BUDU00216,39631200,639212.9032258064,490100.0,3003500,62,510728.6827384585,0.2903225806451613,0.0967741935483871,0.1935483870967742,0.1935483870967742,0.3225806451612903,0.06451612903225806,10,38,12,0.0,0.23189193548387096,0.7989962032384694,0.2048,3815500,6438900,6211800,4776600,0,2227800,0,0,8441800,2157700,0,0,0,1665700,0,2153000,1742400,Kartu Debit,P,34.0,14892164,0.619,B,Kelas B (Menengah Atas),Tangerang,Metropolitan,2100000,0.09627515694705181,0.16247047780536547,0.15674014412886816,0.12052625204384425,0.0,0.05621328650154424,0.0,0.0,0.21300894244938332,0.05444447808797109,0.0,0.0,0.0,0.04203001675447627,0.0,0.054325884656533235,0.04396536062496215,1,Emotional Spender,0
BUDU00217,284500,20321.428571428572,17450.0,47900,14,13053.98133028497,0.07142857142857142,0.14285714285714285,0.14285714285714285,0.07142857142857142,0.0,0.14285714285714285,6,13,9,0.0,0.26092857142857145,0.6423751796976787,0.0893,0,0,0,0,0,0,103300,0,54000,0,9900,0,27100,0,62200,28000,0,Tunai,L,27.0,990098,0.859,E,Kelas E (Miskin),Jombang,Kota Kecil,190000,0.0,0.0,0.0,0.0,0.0,0.0,0.3630931458699473,0.0,0.18980667838312829,0.0,0.03479789103690686,0.0,0.09525483304042179,0.0,0.2186291739894552,0.0984182776801406,0.0,0,Rational Spender,2
BUDU00218,357500,17875.0,16400.0,45600,20,9463.21826864413,0.5,0.2,0.3,0.0,0.0,0.05,3,13,12,0.05,0.41535,0.5294108122318395,0.2425,0,0,0,0,0,0,0,0,56400,0,0,0,90000,0,211100,0,0,Tunai,L,51.0,967199,0.875,E,Kelas E (Miskin),Jombang,Kota Kecil,190000,0.0,0.0,0.0,0.0,0.0,0.0,0.0,0.0,0.15776223776223777,0.0,0.0,0.0,0.2517482517482518,0.0,0.5904895104895105,0.0,0.0,0,Rational Spender,2
BUDU00219,8855200,155354.38596491228,105300.0,713000,57,132863.55927117684,0.24561403508771928,0.15789473684210525,0.08771929824561403,0.17543859649122806,0.0,0.10526315789473684,9,35,12,0.017543859649122806,0.22585789473684212,0.8552288913245415,0.1491,2146400,0,1727300,849800,0,0,0,290200,2008500,0,97900,0,96900,0,1012400,625800,0,Gopay,L,18.0,3030656,0.777,C,Kelas C (Menengah),Magelang,Kota Kecil,130000,0.2423886529948505,0.0,0.19506052940645044,0.09596621194326498,0.0,0.0,0.0,0.03277170476104436,0.22681588219351342,0.0,0.011055650916975336,0.0,0.010942722919866293,0.0,0.11432830427319542,0.07067034059083928,0.0,1,Emotional Spender,0
BUDU00220,2196200,57794.73684210526,44050.0,186200,38,38933.41472772853,0.2631578947368421,0.2631578947368421,0.07894736842105263,0.42105263157894735,0.0,0.07894736842105263,8,24,12,0.0,0.14717894736842108,0.6736498313694946,0.1829,0,0,263600,37400,0,0,119000,0,517200,0,272600,0,65800,0,612900,307700,0,Gopay,L,44.0,1926843,0.899,D,Kelas D (Menengah Bawah),Makassar,Kota Besar,1500000,0.0,0.0,0.12002549858847099,0.01702941444312904,0.0,0.0,0.05418450050086513,0.0,0.23549767780712139,0.0,0.12412348602130953,0.0,0.029960841453419543,0.0,0.2790729441763045,0.14010563700937984,0.0,0,Rational Spender,2
BUDU00221,9088200,159442.1052631579,117100.0,665000,57,117474.6248395925,0.22807017543859648,0.15789473684210525,0.22807017543859648,0.22807017543859648,0.0,0.08771929824561403,9,38,12,0.0,0.21190175438596492,0.7367854598112688,0.1404,1708800,0,1391700,684500,0,0,0,602400,3479500,0,240800,0,69500,0,608800,302200,0,Gopay,L,43.0,3660815,0.757,C,Kelas C (Menengah),Medan,Kota Besar,2400000,0.18802403116128608,0.0,0.1531326335247904,0.07531744459849035,0.0,0.0,0.0,0.06628375255826237,0.3828590920094188,0.0,0.026495895776941527,0.0,0.007647278889108954,0.0,0.06698796241279902,0.03325190906890253,0.0,1,Emotional Spender,0
BUDU00222,9826900,181979.62962962964,169050.0,529000,54,114847.19524857376,0.2962962962962963,0.2037037037037037,0.18518518518518517,0.18518518518518517,0.0,0.018518518518518517,9,36,11,0.0,0.2701703703703704,0.6310991811683219,0.1676,2488700,0,960600,1377500,0,0,0,282300,3187300,0,324300,0,310200,0,415700,480300,0,Gopay,L,43.0,5885573,0.613,C,Kelas C (Menengah),Tangerang Selatan,Metropolitan,1700000,0.25325382368803995,0.0,0.09775208865461132,0.14017645442611606,0.0,0.0,0.0,0.02872726902685486,0.3243444015915497,0.0,0.03300125166634442,0.0,0.031566414637372926,0.0,0.042302251981805046,0.04887604432730566,0.0,1,Emotional Spender,0
BUDU00223,31628100,596756.6037735849,368400.0,3150000,53,582088.4411091318,0.3584905660377358,0.16981132075471697,0.18867924528301888,0.22641509433962265,0.2830188679245283,0.09433962264150944,10,37,12,0.0,0.27800754716981135,0.9754201921324387,0.2472,3496600,5391300,4991600,1415100,0,3728700,0,0,7715500,1618100,0,0,0,2200800,0,836800,233600,Kartu Kredit,L,44.0,15614638,0.468,B,Kelas B (Menengah Atas),Denpasar,Kota Besar,900000,0.11055359000382571,0.17045918028588503,0.15782168388237042,0.04474185929600577,0.0,0.1178920011002874,0.0,0.0,0.2439444671036199,0.05116020247817605,0.0,0.0,0.0,0.06958369298187371,0.0,0.026457485590345293,0.007385837277610732,1,Emotional Spender,0
BUDU00224,1486900,57188.46153846154,45100.0,155300,26,40228.67958979591,0.34615384615384615,0.19230769230769232,0.15384615384615385,0.38461538461538464,0.0,0.15384615384615385,7,20,10,0.0,0.2346769230769231,0.70344049319705,0.2019,0,0,250700,46400,0,0,151400,0,444700,0,0,0,130500,0,183700,279500,0,Gopay,P,39.0,2042879,0.776,D,Kelas D (Menengah Bawah),Cirebon,Kota Kecil,320000,0.0,0.0,0.16860582419799583,0.031205864550406887,0.0,0.0,0.10182258389938799,0.0,0.29907861994754187,0.0,0.0,0.0,0.08776649404801937,0.0,0.12354563185150312,0.18797498150514494,0.0,0,Rational Spender,2
BUDU00225,6126000,149414.63414634147,125600.0,444200,41,104288.55536676977,0.1951219512195122,0.17073170731707318,0.12195121951219512,0.1951219512195122,0.0,0.0975609756097561,8,27,12,0.0,0.2800756097560976,0.6979808635386158,0.1341,1130600,0,739900,827000,0,0,0,517800,2014200,0,85800,0,0,0,240800,569900,0,Ovo,L,19.0,5135869,0.699,C,Kelas C (Menengah),Tasikmalaya,Kota Kecil,700000,0.18455762324518446,0.0,0.12078028077048646,0.13499836761345085,0.0,0.0,0.0,0.08452497551420177,0.3287952987267385,0.0,0.014005876591576885,0.0,0.0,0.0,0.03930786810316683,0.09302970943519426,0.0,1,Emotional Spender,0
BUDU00226,7152900,178822.5,132050.0,602500,40,137189.27312387223,0.25,0.2,0.175,0.15,0.0,0.05,8,30,12,0.0,0.17048000000000002,0.7671812726243746,0.155,1172200,0,1600200,1007700,0,0,0,676600,965300,0,0,0,572600,0,712200,446100,0,Gopay,L,33.0,4372669,0.787,C,Kelas C (Menengah),Bandung,Kota Besar,2500000,0.16387758811111577,0.0,0.2237134588768192,0.14087992282850312,0.0,0.0,0.0,0.09459100504690406,0.13495225712648018,0.0,0.0,0.0,0.0800514476645836,0.0,0.09956800738162144,0.06236631296397265,0.0,1,Emotional Spender,0
BUDU00227,12468300,175609.85915492958,124200.0,910000,71,163317.34765255524,0.22535211267605634,0.15492957746478872,0.09859154929577464,0.19718309859154928,0.028169014084507043,0.07042253521126761,9,40,12,0.0,0.17827042253521125,0.9300010172462503,0.1415,3361500,0,1120000,995900,0,0,0,135700,5366400,0,304400,0,391200,0,555700,237500,0,Gopay,L,33.0,3905116,0.695,C,Kelas C (Menengah),Medan,Kota Besar,2400000,0.269603715021294,0.0,0.08982780330919211,0.07987456188895038,0.0,0.0,0.0,0.010883600811658366,0.4304035032843291,0.0,0.024413913685105426,0.0,0.03137556844156782,0.0,0.04456902705260541,0.019048306505297433,0.0,1,Emotional Spender,0
BUDU00228,8797100,191241.30434782608,144750.0,614200,46,152569.62938800827,0.34782608695652173,0.2826086956521739,0.21739130434782608,0.13043478260869565,0.0,0.13043478260869565,9,30,12,0.0,0.2934434782608696,0.7977859694499756,0.2261,1396100,0,335500,1117300,0,0,0,618200,4019600,0,61700,0,160000,0,845800,242900,0,Dana,L,36.0,4498211,0.768,C,Kelas C (Menengah),Tegal,Kota Kecil,285000,0.1587000261449796,0.0,0.038137568062202316,0.12700776392220164,0.0,0.0,0.0,0.07027315819986132,0.4569233042707256,0.0,0.007013674961066715,0.0,0.0181878118925555,0.0,0.09614532061702152,0.02761137192938582,0.0,1,Emotional Spender,0
BUDU00229,2038700,52274.35897435898,43100.0,204300,39,39887.34608704553,0.28205128205128205,0.15384615384615385,0.1282051282051282,0.20512820512820512,0.0,0.07692307692307693,6,22,11,0.0,0.28723589743589745,0.7630384546008612,0.1564,0,0,418800,0,0,0,95000,0,521500,0,0,0,126100,0,627900,249400,0,Gopay,L,18.0,2078811,0.853,D,Kelas D (Menengah Bawah),Medan,Kota Besar,2400000,0.0,0.0,0.20542502575170452,0.0,0.0,0.0,0.046598322460391424,0.0,0.25580026487467505,0.0,0.0,0.0,0.06185314170795114,0.0,0.3079903860303134,0.12233285917496443,0.0,0,Rational Spender,2
BUDU00230,48976000,569488.3720930233,412900.0,3032700,86,528269.5104091347,0.313953488372093,0.19767441860465115,0.1744186046511628,0.29069767441860467,0.2441860465116279,0.12790697674418605,10,49,12,0.023255813953488372,0.1477453488372093,0.9276212409177063,0.2372,10388300,6488100,7406100,2866500,0,1378100,0,0,9970200,3047900,0,0,0,3784400,0,2006900,1639500,Kartu Kredit,P,24.0,9175676,0.691,B,Kelas B (Menengah Atas),Tangerang Selatan,Metropolitan,1700000,0.21211001306762495,0.1324750898399216,0.151218964390722,0.05852866710225416,0.0,0.02813827180659915,0.0,0.0,0.20357317869977132,0.06223252205161712,0.0,0.0,0.0,0.07727049983665468,0.0,0.04097721332897746,0.033475579875857565,1,Emotional Spender,0
BUDU00231,420400,20019.04761904762,13200.0,57100,21,17436.301759479247,0.38095238095238093,0.2857142857142857,0.19047619047619047,0.23809523809523808,0.0,0.047619047619047616,5,14,12,0.0,0.36446666666666666,0.8709855778997722,0.2262,0,0,0,0,0,0,142400,0,0,0,78200,0,35500,0,110000,54300,0,Tunai,L,23.0,816346,0.865,E,Kelas E (Miskin),Tegal,Kota Kecil,285000,0.0,0.0,0.0,0.0,0.0,0.0,0.33872502378686964,0.0,0.0,0.0,0.18601332064700285,0.0,0.08444338725023787,0.0,0.26165556612749763,0.12916270218839201,0.0,0,Rational Spender,2
BUDU00232,1831900,61063.333333333336,51450.0,160300,30,39830.01366439317,0.3,0.2,0.16666666666666666,0.2,0.0,0.06666666666666667,7,24,10,0.0,0.19977333333333333,0.652273819494402,0.175,0,0,118500,0,0,0,96800,0,736600,0,134100,0,95900,0,228500,421500,0,Gopay,L,49.0,2318071,0.816,D,Kelas D (Menengah Bawah),Desa Sejahtera,Desa,4100,0.0,0.0,0.06468693705988318,0.0,0.0,0.0,0.05284131229870626,0.0,0.4020961842895355,0.0,0.07320268573612097,0.0,0.05235001910584639,0.0,0.12473388285386756,0.23008897865604017,0.0,0,Rational Spender,2
BUDU00233,9396000,174000.0,130850.0,663200,54,154666.63847321365,0.3333333333333333,0.1111111111111111,0.16666666666666666,0.25925925925925924,0.0,0.1111111111111111,9,32,12,0.0,0.28838148148148146,0.8888887268575497,0.1667,1779200,0,800300,658800,0,0,0,997800,3008000,0,37300,0,719100,0,544300,851200,0,Gopay,L,22.0,3987629,0.643,C,Kelas C (Menengah),Medan,Kota Besar,2400000,0.18935717326521925,0.0,0.0851745423584504,0.07011494252873564,0.0,0.0,0.0,0.1061941251596424,0.3201362281822052,0.0,0.003969774372073223,0.0,0.07653256704980843,0.0,0.05792890591741166,0.09059174116645381,0.0,1,Emotional Spender,0
BUDU00234,9845800,196916.0,160800.0,630000,50,144474.01483749703,0.22,0.16,0.2,0.28,0.0,0.1,9,32,11,0.0,0.338386,0.733683473346488,0.14,1404500,0,1028500,751100,0,0,0,757900,3790700,0,505100,0,98300,0,605300,904400,0,Gopay,P,40.0,5179310,0.78,C,Kelas C (Menengah),Blitar,Kota Kecil,150000,0.14264965772207439,0.0,0.10446078530947206,0.07628633529017449,0.0,0.0,0.0,0.07697698511040241,0.38500680493205225,0.0,0.05130106238192935,0.0,0.009983952548294704,0.0,0.061477990615287734,0.09185642609031262,0.0,1,Emotional Spender,0
BUDU00235,6007900,158102.63157894736,124450.0,692300,38,145668.84229137417,0.18421052631578946,0.2631578947368421,0.2894736842105263,0.15789473684210525,0.0,0.07894736842105263,9,30,11,0.07894736842105263,0.22334736842105263,0.921356215494968,0.1553,1607500,0,848000,485100,0,0,0,166600,827200,0,1025100,0,78000,0,563200,407200,0,Gopay,P,26.0,6170085,0.705,C,Kelas C (Menengah),Denpasar,Kota Besar,900000,0.2675643735747932,0.0,0.14114748913929992,0.08074368747815376,0.0,0.0,0.0,0.027730155295527557,0.1376853809151284,0.0,0.17062534329799098,0.0,0.012982905840643153,0.0,0.09374323806987467,0.06777742638858836,0.0,1,Emotional Spender,0
BUDU00236,58568700,643612.0879120879,430100.0,3300000,91,607256.6050754939,0.2967032967032967,0.2087912087912088,0.18681318681318682,0.26373626373626374,0.2857142857142857,0.12087912087912088,10,43,12,0.01098901098901099,0.29296813186813186,0.9435133622885593,0.2418,10477700,8716300,10365200,6851300,0,2088000,0,0,9485800,419600,0,0,0,2846000,0,1278100,6040700,Kartu Kredit,L,38.0,11594989,0.481,B,Kelas B (Menengah Atas),Tangerang Selatan,Metropolitan,1700000,0.17889589490632368,0.1488218109672914,0.17697507371684876,0.11697886413732933,0.0,0.03565044127665459,0.0,0.0,0.1619602279032999,0.007164236187588251,0.0,0.0,0.0,0.04859250760218342,0.0,0.02182223610904801,0.10313870719343267,1,Emotional Spender,0
BUDU00237,6292800,153482.92682926828,97100.0,473000,41,121402.70364048534,0.4146341463414634,0.24390243902439024,0.14634146341463414,0.17073170731707318,0.0,0.0975609756097561,8,28,12,0.0,0.20223170731707316,0.7909850701213926,0.2329,2883700,0,0,241200,0,0,0,252300,747400,0,514600,0,610200,0,728600,314800,0,Gopay,L,22.0,4850702,0.667,C,Kelas C (Menengah),Tangerang,Metropolitan,2100000,0.4582538774472413,0.0,0.0,0.03832951945080092,0.0,0.0,0.0,0.040093440122044244,0.11877065853038393,0.0,0.08177599796592931,0.0,0.09696796338672768,0.0,0.11578311721332317,0.050025425883549454,0.0,1,Emotional Spender,0
BUDU00238,796900,44272.22222222222,28650.0,259800,18,55858.327153776285,0.16666666666666666,0.05555555555555555,0.2222222222222222,0.16666666666666666,0.0,0.05555555555555555,5,14,10,0.05555555555555555,0.26113888888888886,1.261701454094583,0.0833,0,0,105400,0,0,0,0,0,284200,0,0,0,86400,0,120600,200300,0,Gopay,L,30.0,2266913,0.828,D,Kelas D (Menengah Bawah),Cirebon,Kota Kecil,320000,0.0,0.0,0.13226251725436064,0.0,0.0,0.0,0.0,0.0,0.3566319488016062,0.0,0.0,0.0,0.10842012799598444,0.0,0.15133642866106162,0.2513489772869871,0.0,0,Rational Spender,2
BUDU00239,47625500,547419.540229885,377300.0,2850000,87,469564.0129824242,0.22988505747126436,0.09195402298850575,0.16091954022988506,0.1839080459770115,0.27586206896551724,0.09195402298850575,10,51,12,0.0,0.29845747126436784,0.8577772229051853,0.177,9680400,4891300,4927500,6038500,0,1992200,0,0,7293700,4401700,0,0,0,5113700,0,2539300,747200,Kartu Kredit,P,48.0,9606168,0.525,B,Kelas B (Menengah Atas),Semarang,Kota Besar,1800000,0.20326085815372016,0.1027033836915098,0.10346348069836538,0.12679131977617034,0.0,0.041830531962919026,0.0,0.0,0.15314694858846625,0.09242317665956262,0.0,0.0,0.0,0.10737315093804789,0.0,0.05331807540078319,0.015689074130455324,1,Emotional Spender,0
BUDU00240,246200,20516.666666666668,9250.0,69000,12,21388.26497843803,0.25,0.08333333333333333,0.25,0.16666666666666666,0.0,0.25,5,11,8,0.0,0.124475,1.042482452239059,0.15,0,0,0,0,0,0,0,0,128400,0,19300,0,69300,0,16600,12600,0,Tunai,P,53.0,954521,0.944,E,Kelas E (Miskin),Cirebon,Kota Kecil,320000,0.0,0.0,0.0,0.0,0.0,0.0,0.0,0.0,0.5215272136474411,0.0,0.07839155158407798,0.0,0.2814784727863526,0.0,0.06742485783915515,0.05117790414297319,0.0,0,Rational Spender,2
BUDU00241,12196400,176759.42028985507,132000.0,735000,69,149829.06075497443,0.36231884057971014,0.11594202898550725,0.17391304347826086,0.2463768115942029,0.014492753623188406,0.13043478260869565,9,41,12,0.014492753623188406,0.27588115942028985,0.8476439926612145,0.1841,3595600,0,825000,410200,0,0,0,906200,3376900,0,113300,0,399800,0,1459800,1109600,0,Gopay,P,40.0,4333629,0.82,C,Kelas C (Menengah),Palembang,Kota Besar,1700000,0.2948083040897314,0.0,0.0676429110229248,0.033632875274671216,0.0,0.0,0.0,0.07430061329572661,0.2768767833131088,0.0,0.00928962644714834,0.0,0.03278016463874586,0.0,0.11969105637729166,0.09097766554065134,0.0,1,Emotional Spender,0
BUDU00242,67757100,645305.7142857143,465500.0,3150000,105,602756.7484911708,0.34285714285714286,0.1619047619047619,0.13333333333333333,0.23809523809523808,0.2571428571428571,0.09523809523809523,10,53,12,0.0,0.05864761904761905,0.9340638632936317,0.2343,16634500,7337600,9474300,4199500,0,6237300,0,0,9276300,2728200,0,0,0,5651600,0,1373400,4844400,Kartu Kredit,L,42.0,17843879,0.655,B,Kelas B (Menengah Atas),Bogor,Metropolitan,1100000,0.2455019473973945,0.1082927102842359,0.13982741292056478,0.061978744662920936,0.0,0.09205382166592135,0.0,0.0,0.13690520993371913,0.0402644150945067,0.0,0.0,0.0,0.0834097090932168,0.0,0.020269462536029435,0.07149656641149045,1,Emotional Spender,0
BUDU00243,70122900,680804.8543689321,461100.0,3150000,103,630208.166569982,0.24271844660194175,0.18446601941747573,0.18446601941747573,0.30097087378640774,0.2815533980582524,0.0970873786407767,10,53,12,0.009708737864077669,0.3429961165048544,0.9256810707587413,0.2112,8601500,11544300,5586700,7817300,0,2354500,0,0,14480200,8120500,0,0,0,7001500,0,1815500,2800900,Kartu Kredit,P,33.0,16400943,0.537,B,Kelas B (Menengah Atas),Semarang,Kota Besar,1800000,0.12266320987865591,0.16462952901263353,0.07967012202860976,0.11147998727947646,0.0,0.033576763083101244,0.0,0.0,0.20649744947798793,0.11580382442825382,0.0,0.0,0.0,0.09984612729935584,0.0,0.025890258389199533,0.03994272912272596,1,Emotional Spender,0
BUDU00244,7175500,159455.55555555556,123100.0,665000,45,146093.8063455301,0.24444444444444444,0.17777777777777778,0.2,0.24444444444444444,0.0,0.08888888888888889,9,35,12,0.0,0.21937333333333334,0.9162039280257618,0.1522,1110700,0,1308600,101000,0,0,0,501200,1948900,0,309100,0,105300,0,573000,1217700,0,Ovo,P,18.0,3403764,0.775,C,Kelas C (Menengah),Bekasi,Metropolitan,2700000,0.1547906069263466,0.0,0.18237056651104452,0.014075674169047453,0.0,0.0,0.0,0.06984879102501568,0.271604766218382,0.0,0.04307713748170859,0.0,0.014674935544561354,0.0,0.07985506236499199,0.16970245975890183,0.0,1,Emotional Spender,0
BUDU00245,226200,22620.0,16400.0,70900,10,18588.27587486263,0.3,0.3,0.1,0.3,0.0,0.1,5,10,7,0.0,0.34267,0.8217628591893293,0.21,0,0,0,0,0,0,0,0,103900,0,36700,0,38000,0,19700,27900,0,Tunai,L,28.0,962669,0.853,E,Kelas E (Miskin),Desa Panyingkiran,Desa,3700,0.0,0.0,0.0,0.0,0.0,0.0,0.0,0.0,0.4593280282935455,0.0,0.16224580017683465,0.0,0.16799292661361626,0.0,0.08709106984969053,0.123342175066313,0.0,0,Rational Spender,2
BUDU00246,65736100,632077.8846153846,385500.0,2862500,104,581494.6215942624,0.27884615384615385,0.25961538461538464,0.20192307692307693,0.21153846153846154,0.3076923076923077,0.125,10,51,12,0.009615384615384616,0.20018653846153847,0.9199730535550982,0.2558,12348700,12621600,8227300,3861300,0,3468300,0,0,12832900,2096900,0,0,0,5625300,0,1927400,2726400,Kartu Kredit,P,22.0,9790164,0.576,B,Kelas B (Menengah Atas),Bandung,Kota Besar,2500000,0.18785264109066405,0.1920040890773867,0.12515649696285602,0.05873941411188069,0.0,0.0527609639148048,0.0,0.0,0.19521845682965677,0.031898758825059596,0.0,0.0,0.0,0.08557398446211442,0.0,0.029320266946168086,0.04147492777940888,1,Emotional Spender,0
BUDU00247,9008500,187677.08333333334,140300.0,945000,48,175020.55470725562,0.3125,0.10416666666666667,0.16666666666666666,0.20833333333333334,0.020833333333333332,0.08333333333333333,9,34,11,0.020833333333333332,0.35184791666666665,0.9325622052448542,0.1573,2685100,0,257100,721100,0,0,0,714500,2885600,0,498100,0,187800,0,596200,463000,0,Dana,P,24.0,5855810,0.626,C,Kelas C (Menengah),Yogyakarta,Kota Besar,420000,0.2980629405561414,0.0,0.028539712493755896,0.08004662263417883,0.0,0.0,0.0,0.07931398123994006,0.3203196980629406,0.0,0.0552922240106566,0.0,0.020846977854248765,0.0,0.0661819392795693,0.05139590386856857,0.0,1,Emotional Spender,0
BUDU00248,66848700,630648.1132075472,413000.0,3018600,106,633872.9410357871,0.2358490566037736,0.18867924528301888,0.18867924528301888,0.22641509433962265,0.22641509433962265,0.12264150943396226,10,52,12,0.009433962264150943,0.17606603773584906,1.0051135137974774,0.2028,17289600,9100300,4061600,3673900,0,5849600,0,0,9991500,1686000,0,0,0,10296300,0,3194300,1705600,Kartu Kredit,L,46.0,17709115,0.45,B,Kelas B (Menengah Atas),Jakarta,Metropolitan,10500000,0.2586377895157273,0.1361327894184928,0.060758100007928355,0.05495843599052786,0.0,0.08750506741342763,0.0,0.0,0.14946438748995866,0.025221133694447312,0.0,0.0,0.0,0.15402393763827868,0.0,0.04778402571777761,0.02551433311343377,1,Emotional Spender,0
BUDU00249,68555700,646751.8867924528,500150.0,2515900,106,484960.2868829044,0.2641509433962264,0.2169811320754717,0.1792452830188679,0.22641509433962265,0.33962264150943394,0.08490566037735849,9,47,12,0.0,0.3703330188679245,0.7498397713040327,0.2382,11340700,4800000,8000100,5210400,0,7486600,0,0,17104700,1661000,0,0,0,11967200,0,985000,0,Kartu Debit,P,47.0,14582464,0.529,B,Kelas B (Menengah Atas),Tangerang Selatan,Metropolitan,1700000,0.16542315226888502,0.07001605993374731,0.11669489189082746,0.0760024330580827,0.0,0.10920463214583179,0.0,0.0,0.24950077090599324,0.02422847407290714,0.0,0.0,0.0,0.17456170675815433,0.0,0.014367878965571061,0.0,1,Emotional Spender,0
BUDU00250,67571100,682536.3636363636,504200.0,4050000,99,643013.45376704,0.1919191919191919,0.23232323232323232,0.13131313131313133,0.2222222222222222,0.36363636363636365,0.09090909090909091,10,50,12,0.020202020202020204,0.20668989898989898,0.9420940597820217,0.2232,9909100,7690700,6548100,3210500,0,2760200,0,0,16197800,1159300,0,0,0,14344700,0,3131000,2619700,Kartu Kredit,L,46.0,14433519,0.544,B,Kelas B (Menengah Atas),Depok,Metropolitan,2200000,0.14664701329414498,0.11381640967810203,0.09690681371177914,0.047512916024750225,0.0,0.04084882442345914,0.0,0.0,0.2397149077046252,0.017156743045473582,0.0,0.0,0.0,0.21229046145467514,0.0,0.046336377534182516,0.03876953312880803,1,Emotional Spender,0
BUDU00251,5264300,125340.47619047618,95350.0,376900,42,88851.11432526259,0.16666666666666666,0.2619047619047619,0.21428571428571427,0.2857142857142857,0.0,0.09523809523809523,9,28,11,0.023809523809523808,0.2932547619047619,0.7088780657753223,0.1512,825500,0,554200,501400,0,0,0,217700,1403000,0,103700,0,271400,0,774200,613200,0,Kartu Debit,L,33.0,6720683,0.757,C,Kelas C (Menengah),Denpasar,Kota Besar,900000,0.15681097201907185,0.0,0.10527515529130178,0.09524533176300742,0.0,0.0,0.0,0.04135402617631974,0.2665121668597914,0.0,0.019698725376593278,0.0,0.05155481260566457,0.0,0.14706608665919496,0.11648272324905495,0.0,1,Emotional Spender,0
BUDU00252,1742700,64544.444444444445,40400.0,284400,27,58663.396616323735,0.25925925925925924,0.14814814814814814,0.2222222222222222,0.1111111111111111,0.0,0.14814814814814814,6,18,11,0.0,0.18288888888888888,0.9088837485744768,0.1574,0,0,193900,0,0,0,0,0,983600,0,34400,0,91300,0,282200,157300,0,Gopay,L,39.0,2915973,0.758,D,Kelas D (Menengah Bawah),Magelang,Kota Kecil,130000,0.0,0.0,0.11126413037241063,0.0,0.0,0.0,0.0,0.0,0.5644115453032651,0.0,0.019739484707637575,0.0,0.052389969587421814,0.0,0.1619326332702129,0.09026223675905204,0.0,0,Rational Spender,2
BUDU00253,12227900,185271.21212121213,144050.0,875000,66,157921.72624451207,0.36363636363636365,0.21212121212121213,0.21212121212121213,0.18181818181818182,0.015151515151515152,0.045454545454545456,9,39,12,0.015151515151515152,0.27959242424242425,0.8523813518378296,0.2008,2138400,0,1145300,1760300,0,0,0,1086300,3243200,0,375900,0,540400,0,1136100,802000,0,Gopay,L,30.0,3835530,0.641,C,Kelas C (Menengah),Semarang,Kota Besar,1800000,0.17487876086654291,0.0,0.09366285298375028,0.1439576705730338,0.0,0.0,0.0,0.08883782170282714,0.26522951610660866,0.0,0.030741173872864513,0.0,0.04419401532560783,0.0,0.09291047522469108,0.0655877133440738,0.0,1,Emotional Spender,0
BUDU00254,41639600,621486.567164179,375900.0,2850000,67,675243.0031489948,0.34328358208955223,0.16417910447761194,0.2537313432835821,0.208955223880597,0.22388059701492538,0.14925373134328357,10,40,12,0.0,0.2843955223880597,1.086496537214158,0.2366,8282800,2610400,4523100,2190100,0,3283400,0,0,7823800,241100,0,0,0,6180100,0,1102600,5402200,Kartu Kredit,P,40.0,13139663,0.459,B,Kelas B (Menengah Atas),Jakarta,Metropolitan,10500000,0.1989164161039011,0.0626903236342328,0.10862496277581918,0.05259656672974764,0.0,0.07885282279368677,0.0,0.0,0.187893255458746,0.005790161288773187,0.0,0.0,0.0,0.1484188128608344,0.0,0.02647960114890633,0.1297370772053526,1,Emotional Spender,0
BUDU00255,334000,27833.333333333332,22400.0,97200,12,25243.985182193162,0.16666666666666666,0.4166666666666667,0.08333333333333333,0.25,0.0,0.08333333333333333,4,9,7,0.0,0.26355,0.906969527503946,0.1958,0,0,0,0,0,0,97200,0,44900,0,0,0,0,0,180100,11800,0,Tunai,P,29.0,1251382,0.887,E,Kelas E (Miskin),Desa Panyingkiran,Desa,3700,0.0,0.0,0.0,0.0,0.0,0.0,0.29101796407185626,0.0,0.1344311377245509,0.0,0.0,0.0,0.0,0.0,0.5392215568862275,0.035329341317365266,0.0,0,Rational Spender,2
BUDU00256,8754900,165186.79245283018,107900.0,735000,53,170463.75775167425,0.24528301886792453,0.16981132075471697,0.20754716981132076,0.22641509433962265,0.03773584905660377,0.11320754716981132,9,33,12,0.03773584905660377,0.12283962264150944,1.0319454432190813,0.1613,979000,0,1676800,812300,0,0,0,1284800,2493000,0,80700,0,426700,0,410300,591300,0,Gopay,P,25.0,6341920,0.756,C,Kelas C (Menengah),Tegal,Kota Kecil,285000,0.11182309335343636,0.0,0.1915270305771625,0.09278232761082365,0.0,0.0,0.0,0.1467521045357457,0.2847548230133982,0.0,0.009217695233526368,0.0,0.04873842077008304,0.0,0.046865184068350295,0.06753932083747387,0.0,1,Emotional Spender,0
BUDU00257,12621700,182923.1884057971,133600.0,910000,69,170779.6595073584,0.2318840579710145,0.18840579710144928,0.10144927536231885,0.17391304347826086,0.028985507246376812,0.13043478260869565,9,39,12,0.0,0.29487681159420287,0.9336140540503838,0.163,4792600,0,1347800,892300,0,0,0,365900,2081000,0,551400,0,217500,0,1181500,1191700,0,Gopay,L,42.0,4066700,0.749,C,Kelas C (Menengah),Bandung,Kota Besar,2500000,0.3797111324148094,0.0,0.1067843475918458,0.07069570660053717,0.0,0.0,0.0,0.028989755738133532,0.16487477915019372,0.0,0.04368666661384758,0.0,0.017232227037562293,0.0,0.09360862641324069,0.09441675843982981,0.0,1,Emotional Spender,0
BUDU00258,9170000,155423.7288135593,115600.0,483500,59,117038.1183690744,0.2542372881355932,0.22033898305084745,0.1694915254237288,0.1694915254237288,0.0,0.0847457627118644,8,36,12,0.01694915254237288,0.274635593220339,0.7530260614804133,0.1678,2014600,0,1567000,1209200,0,0,0,247500,2900300,0,0,0,232700,0,633900,364800,0,Kartu Debit,L,21.0,6428518,0.626,C,Kelas C (Menengah),Surabaya,Kota Besar,3100000,0.2196946564885496,0.0,0.17088331515812433,0.1318647764449291,0.0,0.0,0.0,0.02699018538713195,0.3162813522355507,0.0,0.0,0.0,0.025376226826608506,0.0,0.06912758996728463,0.03978189749182116,0.0,1,Emotional Spender,0
BUDU00259,9271200,171688.88888888888,119650.0,790200,54,163159.74770279662,0.3148148148148148,0.14814814814814814,0.1111111111111111,0.18518518518518517,0.018518518518518517,0.12962962962962962,9,35,12,0.018518518518518517,0.24532407407407408,0.9503221132055202,0.1778,2210900,0,145000,570600,0,0,0,129200,3050700,0,1189400,0,489800,0,1101600,384000,0,Gopay,L,37.0,3893053,0.742,C,Kelas C (Menengah),Semarang,Kota Besar,1800000,0.2384696695141945,0.0,0.015639830874104754,0.06154543101216671,0.0,0.0,0.0,0.013935628613340236,0.329051255500906,0.0,0.128289757528691,0.0,0.05283027008370006,0.0,0.11881957028216412,0.04141858659073259,0.0,1,Emotional Spender,0
BUDU00260,27707700,513105.55555555556,423000.0,3000000,54,446226.8673425714,0.3333333333333333,0.2222222222222222,0.14814814814814814,0.25925925925925924,0.18518518518518517,0.09259259259259259,9,37,12,0.0,0.2603166666666667,0.8696590058539271,0.2343,4125500,4875900,2439300,693900,0,3958900,0,0,4600300,2178100,0,0,0,3000000,0,1835800,0,Kartu Debit,P,45.0,14879905,0.466,B,Kelas B (Menengah Atas),Makassar,Kota Besar,1500000,0.14889362884685484,0.17597635314371096,0.08803689949003346,0.025043579943481414,0.0,0.14288085983318716,0.0,0.0,0.16602965962530272,0.078609917098857,0.0,0.0,0.0,0.10827315150662091,0.0,0.06625595051195154,0.0,1,Emotional Spender,0
BUDU00261,400333100,2987560.447761194,2013050.0,13804600,134,2695210.8968779086,0.23880597014925373,0.19402985074626866,0.1865671641791045,0.21641791044776118,0.9104477611940298,0.09701492537313433,10,63,12,0.007462686567164179,0.21457985074626865,0.9021443897135655,0.3384,24135000,50430600,20014500,17748900,39936600,21115200,0,0,0,16857700,0,58737100,0,64127300,0,0,87230200,Kartu Kredit,P,27.0,107313496,0.445,A,Kelas A (Kaya),Jakarta,Metropolitan,10500000,0.06028729575446047,0.12597159715247128,0.04999461698270765,0.04433532975414723,0.09975842617060643,0.05274407736957049,0.0,0.0,0.0,0.04210918357737594,0.0,0.14672056844662607,0.0,0.1601848560611151,0.0,0.0,0.21789404873091933,2,Impulsive Spender,1
BUDU00262,564864900,3155669.8324022344,2138100.0,27184500,179,3736487.4004159076,0.26256983240223464,0.18435754189944134,0.19553072625698323,0.18994413407821228,0.8938547486033519,0.1005586592178771,10,69,12,0.027932960893854747,0.2706145251396648,1.1840552398891266,0.3411,28024200,50238600,58992100,14325000,54558300,18506800,0,0,0,25580600,0,113885300,0,109093700,0,0,91660300,Kartu Kredit,L,32.0,45458300,0.333,A,Kelas A (Kaya),Bekasi,Metropolitan,2700000,0.0496122170097664,0.08893914279325905,0.10443576862361248,0.025360046269470807,0.09658645810706241,0.03276323241185636,0.0,0.0,0.0,0.04528622684822512,0.0,0.201615111861261,0.0,0.19313237554679002,0.0,0.0,0.16226942052869633,2,Impulsive Spender,1
BUDU00263,33854600,604546.4285714285,446500.0,2888000,56,558338.6808492383,0.30357142857142855,0.25,0.23214285714285715,0.2857142857142857,0.21428571428571427,0.08928571428571429,8,40,12,0.017857142857142856,0.27993035714285713,0.9235662547351718,0.2375,4938200,2618900,6173400,5462000,0,2701900,0,0,3745900,0,0,0,0,8064000,0,150300,0,Kartu Kredit,P,39.0,17528182,0.673,B,Kelas B (Menengah Atas),Tangerang Selatan,Metropolitan,1700000,0.14586496369769544,0.07735728674980652,0.18235040437636243,0.16133701180932578,0.0,0.07980894767623897,0.0,0.0,0.11064670679907605,0.0,0.0,0.0,0.0,0.2381951049488105,0.0,0.004439573942684303,0.0,1,Emotional Spender,0
BUDU00264,9675700,189719.60784313726,113700.0,910000,51,182227.58410252584,0.27450980392156865,0.23529411764705882,0.17647058823529413,0.1568627450980392,0.0196078431372549,0.11764705882352941,9,34,12,0.0196078431372549,0.35933137254901965,0.9605100188336573,0.1882,1150900,0,1367600,2234100,0,0,0,355700,2777300,0,324100,0,330900,0,519700,615400,0,Gopay,P,35.0,4790693,0.678,C,Kelas C (Menengah),Cirebon,Kota Kecil,320000,0.11894746633318519,0.0,0.1413437787446903,0.23089802288206537,0.0,0.0,0.0,0.03676219808385957,0.2870386638692808,0.0,0.03349628450654733,0.0,0.034199076035842366,0.0,0.05371187614332813,0.06360263340120095,0.0,1,Emotional Spender,0
BUDU00265,12021300,179422.38805970148,131000.0,702700,67,151820.85318189143,0.2835820895522388,0.19402985074626866,0.16417910447761194,0.1791044776119403,0.0,0.1044776119402985,9,46,12,0.014925373134328358,0.27263134328358213,0.8461644882988302,0.1731,1626200,0,1998600,988200,0,0,0,1606200,3660800,0,21600,0,697700,0,838500,583500,0,Ovo,L,39.0,4838659,0.79,C,Kelas C (Menengah),Makassar,Kota Besar,1500000,0.13527655078901615,0.0,0.16625489755683662,0.08220408774425395,0.0,0.0,0.0,0.13361283721394523,0.30452613278098045,0.0,0.0017968106610765891,0.0,0.0580386480663489,0.0,0.06975119163484815,0.048538843552693965,0.0,1,Emotional Spender,0
BUDU00266,64522300,701329.3478260869,482100.0,3911100,92,675105.9564438338,0.2608695652173913,0.2391304347826087,0.15217391304347827,0.2826086956521739,0.3695652173913043,0.14130434782608695,10,50,12,0.021739130434782608,0.12759021739130436,0.9626090203361118,0.2582,10225600,9118600,4975900,7420200,0,2360200,0,0,12086200,3028600,0,0,0,6732900,0,1518200,7055900,Kartu Debit,P,49.0,13854024,0.688,B,Kelas B (Menengah Atas),Semarang,Kota Besar,1800000,0.15848164123101624,0.14132478228457448,0.07711907356061393,0.1150021000491303,0.0,0.03657960116114894,0.0,0.0,0.18731818301579453,0.04693881030279454,0.0,0.0,0.0,0.10434996892547228,0.0,0.02352984936990777,0.10935599009954698,1,Emotional Spender,0
BUDU00267,8697700,147418.64406779662,108500.0,503500,59,103459.95972885001,0.2542372881355932,0.15254237288135594,0.2033898305084746,0.22033898305084745,0.0,0.1016949152542373,8,38,12,0.03389830508474576,0.13147288135593221,0.7018105503756338,0.15,1650600,0,1692500,864900,0,0,0,923400,1505300,0,0,0,325400,0,1204500,531100,0,Gopay,P,30.0,6677549,0.642,C,Kelas C (Menengah),Pekalongan,Kota Kecil,310000,0.1897743081504306,0.0,0.19459167366085287,0.0994400818607218,0.0,0.0,0.0,0.10616599790749279,0.1730687423111857,0.0,0.0,0.0,0.03741218942938938,0.0,0.13848488680915644,0.06106211987077043,0.0,1,Emotional Spender,0
BUDU00268,9527000,161474.57627118644,137200.0,735000,59,130496.6172017898,0.3050847457627119,0.2542372881355932,0.11864406779661017,0.22033898305084745,0.01694915254237288,0.0847457627118644,9,41,12,0.01694915254237288,0.2864305084745763,0.8081558113682795,0.1992,2159100,0,1227600,1039300,0,0,0,326900,2199600,0,889300,0,305400,0,902300,477500,0,Gopay,L,28.0,6811587,0.668,C,Kelas C (Menengah),Bogor,Metropolitan,1100000,0.2266295790910045,0.0,0.12885483363073372,0.10908995486512019,0.0,0.0,0.0,0.034313005143277,0.2308806549805815,0.0,0.09334522934816836,0.0,0.03205626115251391,0.0,0.09470977222630418,0.05012070956229663,0.0,1,Emotional Spender,0
BUDU00269,7057700,156837.77777777778,125900.0,595300,45,115192.07929069226,0.2,0.3111111111111111,0.24444444444444444,0.15555555555555556,0.0,0.06666666666666667,9,32,11,0.022222222222222223,0.22226444444444446,0.7344664080481108,0.1733,2050300,0,1028200,1314300,0,0,0,342400,1244500,0,214200,0,354700,0,154300,354800,0,Gopay,P,38.0,6420827,0.804,C,Kelas C (Menengah),Makassar,Kota Besar,1500000,0.2905054054436998,0.0,0.14568485483939528,0.18622214035734022,0.0,0.0,0.0,0.04851438854017598,0.17633223288040012,0.0,0.030349830681383454,0.0,0.05025716593224422,0.0,0.021862646471230002,0.05027133485413095,0.0,1,Emotional Spender,0
BUDU00270,46218700,711056.9230769231,544700.0,4050000,65,701584.3253774877,0.24615384615384617,0.23076923076923078,0.2153846153846154,0.2153846153846154,0.3230769230769231,0.07692307692307693,10,48,12,0.0,0.1711553846153846,0.9866781443341482,0.2315,4515600,10501500,4600900,3440700,0,2161000,0,0,4090700,2204600,0,0,0,5032300,0,1156000,8515400,Kartu Kredit,L,26.0,13690887,0.57,B,Kelas B (Menengah Atas),Tangerang Selatan,Metropolitan,1700000,0.09770071421307826,0.227213227546426,0.09954628754162276,0.07444389392172432,0.0,0.04675596674073481,0.0,0.0,0.088507465592931,0.04769930785591114,0.0,0.0,0.0,0.10888017187848209,0.0,0.025011521310638336,0.18424144339845128,1,Emotional Spender,0
BUDU00271,405900,19328.571428571428,14700.0,50000,21,14213.554898657227,0.19047619047619047,0.047619047619047616,0.047619047619047616,0.23809523809523808,0.0,0.047619047619047616,6,15,11,0.0,0.29663333333333336,0.7353649984523325,0.0881,0,0,0,0,0,0,77800,0,114200,0,39900,0,6600,0,61400,106000,0,Tunai,P,54.0,831437,0.854,E,Kelas E (Miskin),Tasikmalaya,Kota Kecil,700000,0.0,0.0,0.0,0.0,0.0,0.0,0.19167282581916728,0.0,0.281350086228135,0.0,0.09830007390983,0.0,0.016260162601626018,0.0,0.15126878541512687,0.2611480660261148,0.0,0,Rational Spender,2
BUDU00272,464969000,2961585.9872611463,1921700.0,19722200,157,3165958.1340563023,0.24203821656050956,0.21019108280254778,0.1464968152866242,0.24203821656050956,0.8598726114649682,0.11464968152866242,10,66,12,0.01910828025477707,0.30703375796178345,1.0690076694292296,0.3369,18062300,63369500,38375300,23801000,45381900,41125400,0,0,0,21168300,0,17217900,0,112677900,0,0,83789500,Kartu Kredit,P,52.0,52630179,0.521,A,Kelas A (Kaya),Depok,Metropolitan,2200000,0.03884624566368941,0.1362875804623534,0.08253302908365934,0.05118835879381206,0.09760199067034576,0.08844761693790339,0.0,0.0,0.0,0.04552626089051098,0.0,0.03703021061619162,0.0,0.2423342201308044,0.0,0.0,0.18020448675072961,2,Impulsive Spender,1
BUDU00273,58012300,580123.0,478750.0,2740700,100,464031.0924045736,0.28,0.16,0.21,0.17,0.26,0.12,10,56,12,0.0,0.227634,0.7998839770265506,0.216,8773100,4611500,4896600,7422500,0,4292800,0,0,15347000,1856800,0,0,0,5668800,0,2518000,2625200,Kartu Kredit,L,28.0,7506089,0.506,B,Kelas B (Menengah Atas),Bandung,Kota Besar,2500000,0.15122827400396122,0.07949176295371843,0.08440623798746127,0.12794700434218262,0.0,0.0739981004028456,0.0,0.0,0.2645473459938668,0.032007005410921475,0.0,0.0,0.0,0.09771720824721654,0.0,0.04340458833730088,0.04525247232052513,1,Emotional Spender,0
BUDU00274,9921100,145898.5294117647,120100.0,665000,68,128712.07308950907,0.3088235294117647,0.22058823529411764,0.23529411764705882,0.11764705882352941,0.0,0.11764705882352941,9,42,12,0.029411764705882353,0.18415294117647057,0.8822026761232743,0.1919,1255200,0,1452100,1063100,0,0,0,997200,3002400,0,1039600,0,85500,0,504600,521400,0,Kartu Debit,L,26.0,6358638,0.796,C,Kelas C (Menengah),Kediri,Kota Kecil,320000,0.12651822882543268,0.0,0.1463648184173126,0.10715545655219683,0.0,0.0,0.0,0.10051304794831219,0.30262773281188576,0.0,0.10478676759633508,0.0,0.008617995988348066,0.0,0.05086129562246122,0.052554656237715575,0.0,1,Emotional Spender,0
BUDU00275,51042200,646103.7974683545,431600.0,4050000,79,769273.9729759581,0.27848101265822783,0.24050632911392406,0.17721518987341772,0.25316455696202533,0.21518987341772153,0.0759493670886076,10,48,12,0.012658227848101266,0.2867329113924051,1.190635275617052,0.2241,4887700,8320600,4095000,2827300,0,3990600,0,0,7417100,751800,0,0,0,6425000,0,2071100,10256000,Kartu Kredit,P,37.0,9657991,0.502,B,Kelas B (Menengah Atas),Yogyakarta,Kota Besar,420000,0.09575801983456826,0.16301413340334076,0.08022773313062524,0.05539142121617015,0.0,0.0781823667475148,0.0,0.0,0.14531309387134567,0.014728988954237866,0.0,0.0,0.0,0.12587623574218978,0.0,0.040576229081034906,0.20093177801897252,1,Emotional Spender,0
BUDU00276,2251600,75053.33333333333,45100.0,337500,30,74801.0728916847,0.36666666666666664,0.1,0.1,0.23333333333333334,0.0,0.1,8,21,11,0.0,0.2550266666666667,0.9966389175477621,0.1733,0,0,24900,159900,0,0,389400,0,957000,0,192800,0,136600,0,344700,46300,0,Gopay,L,32.0,1642579,0.881,D,Kelas D (Menengah Bawah),Denpasar,Kota Besar,900000,0.0,0.0,0.011058802629241428,0.0710161662817552,0.0,0.0,0.1729436844910286,0.0,0.4250310890033754,0.0,0.08562799786818262,0.0,0.06066796944395097,0.0,0.15309113519275183,0.020563155089713982,0.0,0,Rational Spender,2
BUDU00277,60162500,626692.7083333334,433500.0,3150000,96,593868.2025047913,0.2604166666666667,0.23958333333333334,0.14583333333333334,0.22916666666666666,0.3020833333333333,0.08333333333333333,10,52,12,0.03125,0.26754062500000003,0.9476226460080609,0.2359,5935900,11979600,8037000,5502900,0,2469200,0,0,8887600,603700,0,0,0,11903400,0,3503300,1339900,Kartu Kredit,L,29.0,12527966,0.598,B,Kelas B (Menengah Atas),Palembang,Kota Besar,1700000,0.09866445044670684,0.19912071473093704,0.1335881986287139,0.09146727612715562,0.0,0.041042177436110536,0.0,0.0,0.14772657386245586,0.01003448992312487,0.0,0.0,0.0,0.19785414502389362,0.0,0.05823062538956991,0.02227134843133181,1,Emotional Spender,0
BUDU00278,10223500,179359.64912280702,149100.0,700000,57,141443.9677798359,0.3684210526315789,0.22807017543859648,0.10526315789473684,0.15789473684210525,0.0,0.07017543859649122,9,34,11,0.0,0.055940350877192985,0.7886052881548047,0.2079,2384500,0,1147800,594300,0,0,0,601100,3536400,0,43800,0,70600,0,1307500,537500,0,Gopay,L,24.0,4216794,0.642,C,Kelas C (Menengah),Medan,Kota Besar,2400000,0.23323714970411308,0.0,0.11227074876510001,0.05813077713111948,0.0,0.0,0.0,0.058795911380642635,0.3459089352961315,0.0,0.004284247077810926,0.0,0.006905658531813958,0.0,0.12789162224287182,0.05257494987039663,0.0,1,Emotional Spender,0
BUDU00279,2040700,60020.58823529412,41700.0,242400,34,55217.42028267706,0.35294117647058826,0.23529411764705882,0.14705882352941177,0.20588235294117646,0.0,0.14705882352941177,7,26,12,0.0,0.37474705882352943,0.9199746604650464,0.2162,0,0,121100,0,0,0,392800,0,585200,0,242400,0,153200,0,363300,182700,0,Tunai,P,45.0,2133943,0.781,D,Kelas D (Menengah Bawah),Tegal,Kota Kecil,285000,0.0,0.0,0.0593423825158034,0.0,0.0,0.0,0.19248297152937718,0.0,0.28676434556769737,0.0,0.11878277061792522,0.0,0.07507227911990984,0.0,0.1780271475474102,0.08952810310187681,0.0,0,Rational Spender,2
BUDU00280,2483100,67110.81081081081,43300.0,225000,37,53344.393560376375,0.32432432432432434,0.10810810810810811,0.16216216216216217,0.2702702702702703,0.0,0.10810810810810811,8,28,11,0.0,0.3022567567567568,0.794870348247725,0.1622,0,0,118400,154300,0,0,188400,0,812200,0,142500,0,226400,0,410400,430500,0,Gopay,P,25.0,2643724,0.843,D,Kelas D (Menengah Bawah),Blitar,Kota Kecil,150000,0.0,0.0,0.04768233256816077,0.062140066851918974,0.0,0.0,0.07587290080947202,0.0,0.32709113607990015,0.0,0.05738794249124079,0.0,0.09117635214046957,0.0,0.16527727437477346,0.17337199468406428,0.0,0,Rational Spender,2
BUDU00281,538000,24454.545454545456,17650.0,91700,22,20342.091648615995,0.3181818181818182,0.18181818181818182,0.045454545454545456,0.2727272727272727,0.0,0.09090909090909091,6,16,9,0.0,0.18192727272727272,0.8318327439954496,0.1795,0,0,0,0,0,0,79200,0,147000,0,39200,0,14600,0,199600,58400,0,Tunai,L,53.0,829695,0.867,E,Kelas E (Miskin),Desa Cikaret,Desa,2800,0.0,0.0,0.0,0.0,0.0,0.0,0.14721189591078068,0.0,0.2732342007434944,0.0,0.07286245353159851,0.0,0.027137546468401486,0.0,0.37100371747211897,0.10855018587360594,0.0,0,Rational Spender,2
BUDU00282,237000,16928.571428571428,12250.0,52900,14,13941.329181274621,0.14285714285714285,0.07142857142857142,0.0,0.07142857142857142,0.0,0.14285714285714285,5,12,8,0.0,0.21901428571428574,0.8235384326491337,0.0929,0,0,0,0,0,0,0,0,39400,0,5900,0,85800,0,44400,61500,0,Tunai,L,31.0,1453047,0.954,E,Kelas E (Miskin),Blitar,Kota Kecil,150000,0.0,0.0,0.0,0.0,0.0,0.0,0.0,0.0,0.16624472573839663,0.0,0.024894514767932488,0.0,0.3620253164556962,0.0,0.18734177215189873,0.25949367088607594,0.0,0,Rational Spender,2
BUDU00283,7181500,159588.88888888888,132000.0,664900,45,127064.06977695478,0.28888888888888886,0.17777777777777778,0.17777777777777778,0.35555555555555557,0.0,0.044444444444444446,9,34,11,0.022222222222222223,0.38428,0.796196218055137,0.1611,1497000,0,829800,1893500,0,0,0,114500,1009900,0,248500,0,215400,0,442100,930800,0,Kartu Debit,P,39.0,3780962,0.626,C,Kelas C (Menengah),Palembang,Kota Besar,1700000,0.2084522732019773,0.0,0.11554689131796979,0.2636635800320267,0.0,0.0,0.0,0.01594374434310381,0.14062521757293045,0.0,0.03460279885817726,0.0,0.029993733899603147,0.0,0.061560955232193834,0.12961080554201768,0.0,1,Emotional Spender,0
BUDU00284,4878900,143497.0588235294,102250.0,679000,34,130916.17833049933,0.35294117647058826,0.20588235294117646,0.14705882352941177,0.20588235294117646,0.0,0.14705882352941177,8,22,12,0.0,0.26932058823529414,0.9123265619785151,0.2074,619300,0,351800,768200,0,0,0,75800,2218100,0,0,0,144700,0,514800,186200,0,Gopay,P,28.0,3652141,0.772,C,Kelas C (Menengah),Yogyakarta,Kota Besar,420000,0.1269343499559327,0.0,0.07210641743015844,0.15745352435999918,0.0,0.0,0.0,0.015536288917583881,0.45463116686138266,0.0,0.0,0.0,0.029658324622353398,0.0,0.10551558752997602,0.038164340322613705,0.0,1,Emotional Spender,0
BUDU00285,282500,16617.647058823528,11300.0,33000,17,9230.197404045433,0.23529411764705882,0.29411764705882354,0.058823529411764705,0.23529411764705882,0.0,0.058823529411764705,5,11,9,0.0,0.18305882352941177,0.5554455075000793,0.1794,0,0,0,0,0,0,0,0,9500,0,27500,0,29000,0,173600,42900,0,Tunai,P,34.0,964481,0.92,E,Kelas E (Miskin),Purwokerto,Kota Kecil,290000,0.0,0.0,0.0,0.0,0.0,0.0,0.0,0.0,0.033628318584070796,0.0,0.09734513274336283,0.0,0.10265486725663717,0.0,0.6145132743362832,0.151858407079646,0.0,0,Rational Spender,2
BUDU00286,5712400,184270.96774193548,146400.0,743700,31,149284.2885092029,0.3225806451612903,0.25806451612903225,0.22580645161290322,0.2903225806451613,0.03225806451612903,0.0967741935483871,8,22,12,0.0,0.1389741935483871,0.8101346095835883,0.2113,928200,0,832700,446500,0,0,0,0,2589000,0,143800,0,135200,0,245800,391200,0,Tunai,P,22.0,6200013,0.778,C,Kelas C (Menengah),Semarang,Kota Besar,1800000,0.16248862124501084,0.0,0.14577060429941882,0.0781632938869827,0.0,0.0,0.0,0.0,0.453224564106155,0.0,0.025173307191373152,0.0,0.02366781037742455,0.0,0.04302919963587984,0.06848259925775506,0.0,1,Emotional Spender,0
BUDU00287,1429300,49286.206896551725,43000.0,138400,29,32638.022569410958,0.3793103448275862,0.20689655172413793,0.10344827586206896,0.3103448275862069,0.0,0.06896551724137931,8,23,11,0.0,0.32915172413793103,0.6622141289532762,0.2052,0,0,157000,45300,0,0,508500,0,193800,0,72000,0,106500,0,192600,153600,0,Gopay,L,34.0,1606337,0.904,D,Kelas D (Menengah Bawah),Kediri,Kota Kecil,320000,0.0,0.0,0.10984397957041908,0.03169383614356678,0.0,0.0,0.35576855803540197,0.0,0.13559084866717974,0.0,0.050374309102357795,0.0,0.0745119988805709,0.0,0.1347512768488071,0.10746519275169664,0.0,0,Rational Spender,2
BUDU00288,2054300,66267.74193548386,33300.0,312500,31,75304.24240858667,0.2903225806451613,0.1935483870967742,0.12903225806451613,0.2903225806451613,0.0,0.16129032258064516,6,20,12,0.0,0.3245,1.136363488617138,0.1839,0,0,28300,0,0,0,323800,0,1128700,0,60700,0,0,0,376400,136400,0,Gopay,L,18.0,2086023,0.875,D,Kelas D (Menengah Bawah),Desa Cikaret,Desa,2800,0.0,0.0,0.01377598208635545,0.0,0.0,0.0,0.15762060069123301,0.0,0.5494328968505087,0.0,0.02954777783186487,0.0,0.0,0.0,0.18322542958672053,0.06639731295331742,0.0,0,Rational Spender,2
BUDU00289,6255600,148942.85714285713,121550.0,630000,42,116206.17535930536,0.30952380952380953,0.16666666666666666,0.21428571428571427,0.23809523809523808,0.0,0.09523809523809523,8,27,12,0.0,0.3500642857142857,0.7802064334501607,0.1726,1069600,0,732700,684400,0,0,0,658700,1875600,0,0,0,286600,0,414900,533100,0,Gopay,L,20.0,4333850,0.808,C,Kelas C (Menengah),Medan,Kota Besar,2400000,0.1709827994117271,0.0,0.11712705415947311,0.10940597224886502,0.0,0.0,0.0,0.10529765330264083,0.29982735469019756,0.0,0.0,0.0,0.04581494980497474,0.0,0.06632457318242854,0.08521964319969308,0.0,1,Emotional Spender,0
BUDU00290,59273300,714136.1445783132,474500.0,3104600,83,723988.7993639589,0.2891566265060241,0.20481927710843373,0.13253012048192772,0.3253012048192771,0.26506024096385544,0.10843373493975904,10,55,11,0.012048192771084338,0.21605180722891568,1.0137966056758876,0.2319,6328900,9371800,2703300,3187200,0,3914500,0,0,10811300,1203400,0,0,0,13436800,0,2270500,6045600,Kartu Kredit,P,43.0,17208494,0.558,B,Kelas B (Menengah Atas),Tangerang,Metropolitan,2100000,0.10677488852485015,0.15811166241798583,0.045607381401069284,0.053771259572185114,0.0,0.06604153978266775,0.0,0.0,0.1823974706992862,0.020302564561109303,0.0,0.0,0.0,0.22669228809598926,0.0,0.0383056114641837,0.10199533348067343,1,Emotional Spender,0
BUDU00291,259100,25910.0,15100.0,65400,10,21361.983366095323,0.1,0.1,0.1,0.2,0.0,0.1,4,9,8,0.0,0.09363,0.8244686748782448,0.08,0,0,0,0,0,0,0,0,112200,0,0,0,28800,0,52700,65400,0,Tunai,L,21.0,1183449,0.905,E,Kelas E (Miskin),Bandung,Kota Besar,2500000,0.0,0.0,0.0,0.0,0.0,0.0,0.0,0.0,0.43303743728290234,0.0,0.0,0.0,0.11115399459668082,0.0,0.2033963720571208,0.252412196063296,0.0,0,Rational Spender,2
BUDU00292,4497900,145093.5483870968,116700.0,572600,31,120221.88634765822,0.22580645161290322,0.1935483870967742,0.3548387096774194,0.1935483870967742,0.0,0.0967741935483871,9,24,11,0.0,0.23693548387096774,0.8285818886096633,0.1516,505400,0,846200,209800,0,0,0,525900,1093500,0,55000,0,40500,0,812900,408700,0,Ovo,L,31.0,5960645,0.733,C,Kelas C (Menengah),Yogyakarta,Kota Besar,420000,0.11236354743324663,0.0,0.18813223948953955,0.04664398941728362,0.0,0.0,0.0,0.11692122990729006,0.24311345294470754,0.0,0.012227928588897041,0.0,0.009004201960915094,0.0,0.18072878454389826,0.09086462571422219,0.0,1,Emotional Spender,0
BUDU00293,2148600,58070.27027027027,39200.0,225000,37,49077.53992331854,0.2972972972972973,0.24324324324324326,0.16216216216216217,0.21621621621621623,0.0,0.16216216216216217,7,26,12,0.0,0.13465945945945945,0.8451405460126528,0.2014,0,0,174900,0,0,0,243000,0,614800,0,54100,0,28000,0,705400,328400,0,Gopay,P,31.0,2543696,0.753,D,Kelas D (Menengah Bawah),Purwokerto,Kota Kecil,290000,0.0,0.0,0.0814018430605976,0.0,0.0,0.0,0.11309690030717677,0.0,0.2861398119705855,0.0,0.025179186446988737,0.0,0.013031741599180862,0.0,0.32830680443079213,0.1528437121846784,0.0,0,Rational Spender,2
BUDU00294,1125200,43276.92307692308,27050.0,160800,26,37530.6520880446,0.34615384615384615,0.3076923076923077,0.11538461538461539,0.2692307692307692,0.0,0.15384615384615385,5,17,12,0.0,0.1630576923076923,0.8672208978751862,0.2365,0,0,0,0,0,0,18900,0,647000,0,0,0,117900,0,218600,122800,0,Tunai,P,39.0,2375335,0.768,D,Kelas D (Menengah Bawah),Cirebon,Kota Kecil,320000,0.0,0.0,0.0,0.0,0.0,0.0,0.01679701386420192,0.0,0.5750088873089229,0.0,0.0,0.0,0.10478137220049769,0.0,0.19427657305367935,0.10913615357269818,0.0,0,Rational Spender,2
BUDU00295,3940500,112585.71428571429,98800.0,329700,35,69434.7139102504,0.17142857142857143,0.11428571428571428,0.08571428571428572,0.34285714285714286,0.0,0.02857142857142857,9,26,12,0.0,0.20338857142857142,0.6167275693081498,0.0986,572500,0,595000,177500,0,0,0,475500,1172600,0,130400,0,300600,0,252200,264200,0,Gopay,L,38.0,5500819,0.728,C,Kelas C (Menengah),Makassar,Kota Besar,1500000,0.14528613120162415,0.0,0.15099606648902422,0.04504504504504504,0.0,0.0,0.0,0.12066996574038828,0.2975764496891257,0.0,0.03309224717675422,0.0,0.07628473543966502,0.0,0.0640020301992133,0.06704732901916001,0.0,1,Emotional Spender,0
BUDU00296,9746300,187428.84615384616,135800.0,591500,52,142812.9646673365,0.4423076923076923,0.21153846153846154,0.2692307692307692,0.15384615384615385,0.0,0.11538461538461539,9,35,11,0.0,0.2492653846153846,0.7619582982979692,0.2356,2294500,0,485500,766500,0,0,0,1589800,3159400,0,57800,0,476100,0,509000,407700,0,Gopay,P,37.0,5468996,0.602,C,Kelas C (Menengah),Palembang,Kota Besar,1700000,0.23542267321958077,0.0,0.049813775484029835,0.07864522947169696,0.0,0.0,0.0,0.16311831156438852,0.32416404173891633,0.0,0.005930455660096652,0.0,0.04884930691647087,0.0,0.05222494690292726,0.04183125904189282,0.0,1,Emotional Spender,0
BUDU00297,1471900,40886.11111111111,28600.0,117600,36,29187.12194276077,0.3333333333333333,0.1111111111111111,0.2222222222222222,0.16666666666666666,0.0,0.1111111111111111,7,26,11,0.027777777777777776,0.3101333333333333,0.7138639784899706,0.1667,0,0,135100,0,0,0,245000,0,331400,0,46400,0,156800,0,405400,151800,0,Tunai,P,31.0,1888067,0.789,D,Kelas D (Menengah Bawah),Jombang,Kota Kecil,190000,0.0,0.0,0.09178612677491678,0.0,0.0,0.0,0.1664515252394864,0.0,0.22515116516067668,0.0,0.03152388069841701,0.0,0.10652897615327128,0.0,0.27542631972280723,0.10313200625042462,0.0,0,Rational Spender,2
BUDU00298,7760400,198984.61538461538,138800.0,602500,39,142818.00074231674,0.28205128205128205,0.20512820512820512,0.10256410256410256,0.2564102564102564,0.0,0.1282051282051282,8,30,11,0.0,0.2342769230769231,0.7177338834274462,0.1795,1459800,0,2404000,557000,0,0,0,521400,2289200,0,148600,0,0,0,155500,224900,0,Gopay,L,20.0,3797081,0.647,C,Kelas C (Menengah),Tangerang,Metropolitan,2100000,0.18810886036802227,0.0,0.3097778465027576,0.07177465079119633,0.0,0.0,0.0,0.06718725838874284,0.2949847945982166,0.0,0.01914849750012886,0.0,0.0,0.0,0.020037626926447092,0.028980464924488428,0.0,1,Emotional Spender,0
BUDU00299,331300,18405.555555555555,14400.0,52900,18,14388.49508634149,0.5,0.2777777777777778,0.16666666666666666,0.3888888888888889,0.0,0.1111111111111111,5,15,10,0.0,0.14910555555555555,0.7817473937644034,0.275,0,0,0,0,0,0,21800,0,68300,0,0,0,57300,0,148600,35300,0,Gopay,P,33.0,950741,0.965,E,Kelas E (Miskin),Cirebon,Kota Kecil,320000,0.0,0.0,0.0,0.0,0.0,0.0,0.06580138846966496,0.0,0.2061575611228494,0.0,0.0,0.0,0.17295502565650467,0.0,0.4485360700271657,0.10654995472381527,0.0,0,Rational Spender,2
BUDU00300,5634600,170745.45454545456,124600.0,910000,33,174038.8966777777,0.24242424242424243,0.21212121212121213,0.12121212121212122,0.21212121212121213,0.030303030303030304,0.12121212121212122,8,25,12,0.0,0.2261818181818182,1.0192886079520576,0.1727,1345300,0,721100,190400,0,0,0,493100,1743900,0,91100,0,0,0,560200,489500,0,Kartu Debit,L,31.0,4013428,0.645,C,Kelas C (Menengah),Depok,Metropolitan,2200000,0.23875696588932666,0.0,0.1279771412345153,0.033791218542576225,0.0,0.0,0.0,0.0875128669293295,0.30949845596848047,0.0,0.01616796223334398,0.0,0.0,0.0,0.09942143186739076,0.0868739573350371,0.0,1,Emotional Spender,0
BUDU00301,4828900,150903.125,104400.0,665000,32,144787.97286616574,0.4375,0.1875,0.1875,0.15625,0.0,0.0625,7,25,12,0.0625,0.283925,0.9594763055182969,0.2187,1563500,0,292500,413200,0,0,0,0,1727100,0,0,0,42800,0,557300,232500,0,Gopay,L,42.0,5665852,0.74,C,Kelas C (Menengah),Makassar,Kota Besar,1500000,0.32377974279856697,0.0,0.06057280125908592,0.08556814181283522,0.0,0.0,0.0,0.0,0.3576590942036489,0.0,0.0,0.0,0.008863302201329495,0.0,0.1154093064673114,0.04814761125722214,0.0,1,Emotional Spender,0
BUDU00302,8723200,167753.84615384616,125150.0,629000,52,128582.33870969331,0.3076923076923077,0.21153846153846154,0.1346153846153846,0.25,0.0,0.1346153846153846,9,36,11,0.0,0.24222115384615384,0.766494132073557,0.1913,363400,0,1165100,1380200,0,0,0,379900,2816500,0,157000,0,772900,0,956500,731700,0,Gopay,L,39.0,4677558,0.666,C,Kelas C (Menengah),Yogyakarta,Kota Besar,420000,0.041659024211298606,0.0,0.13356337123991197,0.15822175348495965,0.0,0.0,0.0,0.043550531914893616,0.3228746331621423,0.0,0.01799798239178283,0.0,0.08860280630961115,0.0,0.10965012839325018,0.08387976889214967,0.0,1,Emotional Spender,0
BUDU00303,387300,22782.352941176472,22400.0,54800,17,15655.000610592355,0.29411764705882354,0.29411764705882354,0.058823529411764705,0.4117647058823529,0.0,0.11764705882352941,6,14,11,0.0,0.1905411764705882,0.6871546872710302,0.2088,0,0,0,0,0,0,45000,0,42900,0,54300,0,54800,0,113600,76700,0,Tunai,L,21.0,1335108,0.865,E,Kelas E (Miskin),Desa Makmur,Desa,3200,0.0,0.0,0.0,0.0,0.0,0.0,0.11618900077459333,0.0,0.11076684740511232,0.0,0.1402013942680093,0.0,0.14149238316550478,0.0,0.2933126775109734,0.19803769687580686,0.0,0,Rational Spender,2
BUDU00304,391400,21744.444444444445,15250.0,45100,18,14537.263365014436,0.2222222222222222,0.2777777777777778,0.16666666666666666,0.2777777777777778,0.0,0.0,6,13,10,0.0,0.26461666666666667,0.6685506912883491,0.1611,0,0,0,0,0,0,45100,0,41900,0,41500,0,25600,0,167600,69700,0,Tunai,L,50.0,1369887,0.97,E,Kelas E (Miskin),Purwokerto,Kota Kecil,290000,0.0,0.0,0.0,0.0,0.0,0.0,0.11522738886050077,0.0,0.10705160960654063,0.0,0.1060296371997956,0.0,0.06540623403168115,0.0,0.4282064384261625,0.17807869187531936,0.0,0,Rational Spender,2
BUDU00305,10169400,169490.0,125650.0,535000,60,128113.50594991793,0.21666666666666667,0.13333333333333333,0.23333333333333334,0.18333333333333332,0.0,0.1,9,42,12,0.016666666666666666,0.065025,0.7558764879929077,0.1308,3183300,0,1422500,139300,0,0,0,424700,2752400,0,1039200,0,245500,0,693400,269100,0,Gopay,P,27.0,6314222,0.773,C,Kelas C (Menengah),Denpasar,Kota Besar,900000,0.3130273172458552,0.0,0.139880425590497,0.013697956614942868,0.0,0.0,0.0,0.04176254252954943,0.27065510256258973,0.0,0.1021889197002773,0.0,0.024141050602788757,0.0,0.06818494699785631,0.0264617381556434,0.0,1,Emotional Spender,0
BUDU00306,2223500,54231.70731707317,32500.0,203500,41,54611.89174083054,0.3170731707317073,0.14634146341463414,0.17073170731707318,0.17073170731707318,0.0,0.0975609756097561,7,26,11,0.0,0.313490243902439,1.0070103716546221,0.1695,0,0,37400,0,0,0,508700,0,756100,0,186500,0,85600,0,307500,341700,0,Tunai,L,46.0,1653851,0.839,D,Kelas D (Menengah Bawah),Purwokerto,Kota Kecil,290000,0.0,0.0,0.016820328311221048,0.0,0.0,0.0,0.228783449516528,0.0,0.3400494715538565,0.0,0.08387677085675736,0.0,0.038497863728356195,0.0,0.1382954800989431,0.15367663593433775,0.0,0,Rational Spender,2
BUDU00307,8636700,169347.0588235294,115200.0,875000,51,151328.34282174794,0.2549019607843137,0.13725490196078433,0.2549019607843137,0.19607843137254902,0.0196078431372549,0.09803921568627451,9,33,12,0.0196078431372549,0.17077843137254903,0.8935988842855657,0.149,1175200,0,210900,731600,0,0,0,781800,3620400,0,469700,0,184900,0,920000,542200,0,Transfer Bank,P,38.0,4756842,0.759,C,Kelas C (Menengah),Makassar,Kota Besar,1500000,0.1360704898861834,0.0,0.02441904894230435,0.0847082797827874,0.0,0.0,0.0,0.090520684983848,0.41918788426134984,0.0,0.05438419766809082,0.0,0.02140863987402596,0.0,0.10652216703138931,0.06277860757002096,0.0,1,Emotional Spender,0
BUDU00308,1796000,71840.0,62600.0,196300,25,52100.023992316936,0.28,0.24,0.2,0.24,0.0,0.08,6,17,10,0.0,0.150984,0.7252230511179975,0.182,0,0,31800,0,0,0,0,0,589400,0,72900,0,214800,0,627000,260100,0,Gopay,L,18.0,2578109,0.809,D,Kelas D (Menengah Bawah),Surabaya,Kota Besar,3100000,0.0,0.0,0.017706013363028954,0.0,0.0,0.0,0.0,0.0,0.328173719376392,0.0,0.0405902004454343,0.0,0.11959910913140312,0.0,0.34910913140311806,0.1448218262806236,0.0,0,Rational Spender,2
BUDU00309,2159800,58372.97297297297,43000.0,237500,37,50848.56410432326,0.1891891891891892,0.13513513513513514,0.16216216216216217,0.2702702702702703,0.0,0.08108108108108109,8,26,12,0.0,0.256645945945946,0.8710977275025283,0.1189,0,0,276400,426600,0,0,29400,0,543900,0,122300,0,96000,0,372100,293100,0,Gopay,P,29.0,1658018,0.778,D,Kelas D (Menengah Bawah),Jombang,Kota Kecil,190000,0.0,0.0,0.12797481248263728,0.197518288730438,0.0,0.0,0.0136123715158811,0.0,0.25182887304380036,0.0,0.05662561348272988,0.0,0.044448560051856656,0.0,0.17228447078433187,0.13570700990832485,0.0,1,Emotional Spender,0
BUDU00310,1469100,61212.5,55900.0,224000,24,53554.32278659151,0.3333333333333333,0.08333333333333333,0.125,0.08333333333333333,0.0,0.125,7,18,10,0.041666666666666664,0.325525,0.8748919385189546,0.1604,0,0,177700,0,0,0,22600,0,830700,0,9400,0,78800,0,246200,103700,0,Gopay,L,48.0,2424450,0.868,D,Kelas D (Menengah Bawah),Tasikmalaya,Kota Kecil,700000,0.0,0.0,0.12095840991082976,0.0,0.0,0.0,0.015383568170989041,0.0,0.5654482336124158,0.0,0.006398475256960043,0.0,0.05363828194132462,0.0,0.16758559662378328,0.0705874344836975,0.0,0,Rational Spender,2
BUDU00311,50250200,679056.7567567568,492800.0,2850000,74,577697.3305941777,0.21621621621621623,0.20270270270270271,0.13513513513513514,0.21621621621621623,0.33783783783783783,0.0945945945945946,10,46,12,0.02702702702702703,0.1138581081081081,0.8507349714820865,0.2182,8630900,6355400,2686300,4522600,0,3633700,0,0,7847500,1521200,0,0,0,10717900,0,3606200,728500,Kartu Kredit,L,37.0,14480322,0.479,B,Kelas B (Menengah Atas),Denpasar,Kota Besar,900000,0.17175852036409806,0.12647511850699103,0.053458493697537524,0.09000163183430115,0.0,0.07231215000139303,0.0,0.0,0.15616853266255656,0.030272516328293222,0.0,0.0,0.0,0.21329069337037465,0.0,0.07176488849795623,0.014497454736498562,1,Emotional Spender,0
BUDU00312,6117900,185390.9090909091,133900.0,665000,33,148414.14471765395,0.24242424242424243,0.18181818181818182,0.15151515151515152,0.30303030303030304,0.0,0.09090909090909091,8,24,11,0.0,0.2120969696969697,0.8005470464836922,0.153,1718200,0,1241000,456100,0,0,0,0,1219300,0,236600,0,63400,0,874900,308400,0,Gopay,P,21.0,6059203,0.604,C,Kelas C (Menengah),Surabaya,Kota Besar,3100000,0.28084800339985944,0.0,0.20284738227169455,0.07455172526520538,0.0,0.0,0.0,0.0,0.199300413540594,0.0,0.03867340100361235,0.0,0.010363033066902042,0.0,0.14300658722764348,0.050409454224488795,0.0,1,Emotional Spender,0
BUDU00313,32720300,667761.224489796,448300.0,2567300,49,600776.4114794588,0.42857142857142855,0.20408163265306123,0.08163265306122448,0.1836734693877551,0.3469387755102041,0.12244897959183673,8,32,12,0.0,0.1874142857142857,0.8996874772692633,0.299,3889400,3316600,4212000,1010100,0,3077400,0,0,10941200,0,0,0,0,5345900,0,927700,0,Kartu Debit,P,46.0,9884705,0.638,B,Kelas B (Menengah Atas),Jakarta,Metropolitan,10500000,0.11886810328756155,0.10136215132501841,0.12872742609328153,0.030870743850148073,0.0,0.09405170490490612,0.0,0.0,0.3343856871727949,0.0,0.0,0.0,0.0,0.16338175383477535,0.0,0.028352429531514074,0.0,1,Emotional Spender,0
BUDU00314,74456400,702418.8679245283,547250.0,2909100,106,586220.4061553912,0.25471698113207547,0.20754716981132076,0.16037735849056603,0.18867924528301888,0.3867924528301887,0.09433962264150944,10,53,12,0.02830188679245283,0.17015188679245283,0.8345738318327434,0.2429,13628400,13233500,5782600,5343500,0,2887100,0,0,18052400,2012900,0,0,0,9884700,0,1715300,1916000,Kartu Debit,P,29.0,13910506,0.567,B,Kelas B (Menengah Atas),Depok,Metropolitan,2200000,0.18303866423839993,0.17773488914317642,0.07766424377219419,0.0717668326698578,0.0,0.03877571303474248,0.0,0.0,0.2424559876652645,0.027034613545645507,0.0,0.0,0.0,0.1327582316630941,0.0,0.02303764350680398,0.0257331807608211,1,Emotional Spender,0
BUDU00315,10799000,166138.46153846153,141500.0,706300,65,129679.47468217996,0.3230769230769231,0.16923076923076924,0.13846153846153847,0.23076923076923078,0.0,0.09230769230769231,9,44,12,0.015384615384615385,0.3500876923076923,0.7805505930495137,0.1777,1848700,0,683100,964400,0,0,0,952600,3514200,0,506900,0,529900,0,1034300,764900,0,Kartu Debit,P,25.0,3831825,0.813,C,Kelas C (Menengah),Pekalongan,Kota Kecil,310000,0.1711917770163904,0.0,0.0632558570237985,0.08930456523752199,0.0,0.0,0.0,0.08821187146958051,0.3254190202796555,0.0,0.04693953143809612,0.0,0.04906935827391425,0.0,0.09577738679507362,0.07083063246596907,0.0,1,Emotional Spender,0
BUDU00316,8600100,145764.40677966102,125400.0,665300,59,107616.72694417213,0.288135593220339,0.1864406779661017,0.0847457627118644,0.2711864406779661,0.0,0.06779661016949153,9,39,12,0.01694915254237288,0.22755423728813562,0.7382922163354095,0.1669,2044400,0,1053800,733500,0,0,0,671400,1720300,0,791800,0,42800,0,858500,683600,0,Kartu Debit,P,31.0,6956871,0.682,C,Kelas C (Menengah),Purwokerto,Kota Kecil,290000,0.2377181660678364,0.0,0.12253345891326844,0.08528970593365194,0.0,0.0,0.0,0.07806885966442251,0.20003255776095627,0.0,0.09206869687561772,0.0,0.004976686317600958,0.0,0.09982442064627156,0.07948744782037419,0.0,1,Emotional Spender,0
BUDU00317,8812400,187497.87234042553,138900.0,910000,47,158546.75553610938,0.2765957446808511,0.2127659574468085,0.1702127659574468,0.2765957446808511,0.02127659574468085,0.10638297872340426,9,34,12,0.0,0.3228851063829787,0.8455922915661047,0.1809,2525300,0,1201200,1598000,0,0,0,324500,1577700,0,58600,0,138600,0,748000,640500,0,Gopay,L,27.0,6717153,0.601,C,Kelas C (Menengah),Surabaya,Kota Besar,3100000,0.2865621170169307,0.0,0.1363079297353729,0.18133539103989832,0.0,0.0,0.0,0.036823112886387364,0.17903181880078073,0.0,0.006649720847896146,0.0,0.015727838046389178,0.0,0.08488039580590985,0.07268167582043485,0.0,1,Emotional Spender,0
BUDU00318,217200,18100.0,12200.0,43200,12,12628.251156542907,0.3333333333333333,0.08333333333333333,0.16666666666666666,0.25,0.0,0.16666666666666666,4,9,8,0.0,0.18448333333333333,0.697693434063144,0.1667,0,0,0,0,0,0,0,0,106100,0,0,0,48900,0,18900,43300,0,Tunai,L,46.0,1208599,0.852,E,Kelas E (Miskin),Kediri,Kota Kecil,320000,0.0,0.0,0.0,0.0,0.0,0.0,0.0,0.0,0.48848987108655617,0.0,0.0,0.0,0.22513812154696133,0.0,0.08701657458563536,0.19935543278084714,0.0,0,Rational Spender,2
BUDU00319,4735600,131544.44444444444,121000.0,427600,36,93379.86459141561,0.2222222222222222,0.16666666666666666,0.3055555555555556,0.1388888888888889,0.0,0.08333333333333333,9,27,11,0.0,0.3799361111111111,0.7098731154005749,0.1403,583300,0,336900,585100,0,0,0,389200,1158800,0,427600,0,63800,0,970600,220300,0,Ovo,P,23.0,6561638,0.695,C,Kelas C (Menengah),Bandung,Kota Besar,2500000,0.12317340991637807,0.0,0.0711419883436101,0.12355350958695836,0.0,0.0,0.0,0.08218599543880395,0.2446997212602416,0.0,0.09029478841118338,0.0,0.013472421657234564,0.0,0.20495818903623617,0.04651997634935383,0.0,1,Emotional Spender,0
BUDU00320,44208900,701728.5714285715,502800.0,3346500,63,650022.4533165515,0.23809523809523808,0.19047619047619047,0.1746031746031746,0.20634920634920634,0.3333333333333333,0.15873015873015872,10,38,12,0.031746031746031744,0.23526349206349206,0.9263160711744184,0.231,9424900,6952500,4424600,3548100,0,2141000,0,0,9035500,2968900,0,0,0,2274600,0,588800,2850000,Kartu Kredit,P,26.0,13160975,0.496,B,Kelas B (Menengah Atas),Tangerang Selatan,Metropolitan,1700000,0.21319010425502558,0.15726471366625272,0.10008391975371475,0.08025759519010878,0.0,0.04842916245371407,0.0,0.0,0.20438192309693298,0.06715616086353653,0.0,0.0,0.0,0.05145117838263336,0.0,0.013318585171764057,0.06446665716631719,1,Emotional Spender,0
BUDU00321,2413900,77867.74193548386,43800.0,325000,31,80075.84898955397,0.41935483870967744,0.22580645161290322,0.2903225806451613,0.06451612903225806,0.0,0.12903225806451613,8,23,10,0.0,0.30951290322580643,1.0283571476350193,0.2339,0,0,237500,243300,0,0,79200,0,945800,0,150800,0,89200,0,480300,187800,0,Gopay,L,34.0,1781880,0.827,D,Kelas D (Menengah Bawah),Desa Makmur,Desa,3200,0.0,0.0,0.09838849993785989,0.10079125067318448,0.0,0.0,0.03280997555822528,0.0,0.39181407680517005,0.0,0.06247151911843904,0.0,0.03695264923981938,0.0,0.19897261692696466,0.07779941174033721,0.0,1,Emotional Spender,0
BUDU00322,52195900,573581.3186813187,367900.0,2429300,91,534609.4121281625,0.2967032967032967,0.23076923076923078,0.13186813186813187,0.24175824175824176,0.24175824175824176,0.10989010989010989,10,43,12,0.0,0.20632417582417584,0.932055132753009,0.2379,15989100,4528800,4106900,3449200,0,3234500,0,0,10750600,1584300,0,0,0,2176500,0,1858900,4517100,Kartu Kredit,L,29.0,19207890,0.566,B,Kelas B (Menengah Atas),Jakarta,Metropolitan,10500000,0.306328657998042,0.08676543559934784,0.07868242524796008,0.06608181868690836,0.0,0.06196846878777835,0.0,0.0,0.20596636900599471,0.03035295875729703,0.0,0.0,0.0,0.04169867748233099,0.0,0.03561390837211352,0.08654128006222711,1,Emotional Spender,0
BUDU00323,2041000,61848.48484848485,54700.0,157200,33,39759.433795736775,0.21212121212121213,0.24242424242424243,0.18181818181818182,0.15151515151515152,0.0,0.09090909090909091,7,23,12,0.0,0.17275151515151516,0.6428521877801634,0.1606,0,0,425100,0,0,0,187600,0,583100,0,259200,0,14800,0,340900,230300,0,Gopay,P,39.0,2722409,0.882,D,Kelas D (Menengah Bawah),Denpasar,Kota Besar,900000,0.0,0.0,0.20828025477707007,0.0,0.0,0.0,0.0919157275845174,0.0,0.2856932876041156,0.0,0.12699657030867223,0.0,0.007251347378735914,0.0,0.16702596766291034,0.11283684468397844,0.0,0,Rational Spender,2
BUDU00324,1142200,47591.666666666664,42300.0,110800,24,31249.332746499553,0.375,0.125,0.25,0.2916666666666667,0.0,0.041666666666666664,7,23,10,0.0,0.23820416666666666,0.6566135404622564,0.175,0,0,0,146200,0,0,331400,0,133200,0,67100,0,194400,0,131400,138500,0,Tunai,L,26.0,1550514,0.896,D,Kelas D (Menengah Bawah),Medan,Kota Besar,2400000,0.0,0.0,0.0,0.12799859919453685,0.0,0.0,0.29014183155314305,0.0,0.11661705480651374,0.0,0.05874627911048853,0.0,0.1701978637716687,0.0,0.11504114866047978,0.12125722290316933,0.0,0,Rational Spender,2
BUDU00325,13076700,186810.0,138100.0,735000,70,159033.44206691932,0.3,0.14285714285714285,0.15714285714285714,0.17142857142857143,0.02857142857142857,0.08571428571428572,9,40,12,0.0,0.3102471428571429,0.851311182843099,0.1664,3381000,0,1185700,2144800,0,0,0,971400,2740900,0,1088800,0,153000,0,854700,556400,0,Gopay,L,29.0,5667087,0.615,C,Kelas C (Menengah),Blitar,Kota Kecil,150000,0.2585514694074193,0.0,0.09067272324057293,0.16401691558267759,0.0,0.0,0.0,0.07428479662300122,0.20960181085442045,0.0,0.0832625968325342,0.0,0.011700199591640092,0.0,0.0653605267383973,0.04254896112933691,0.0,1,Emotional Spender,0
BUDU00326,471183800,3162307.3825503355,1880900.0,23506100,149,3637576.302275674,0.19463087248322147,0.12080536912751678,0.15436241610738255,0.174496644295302,0.8926174496644296,0.12751677852348994,10,63,12,0.0,0.3251208053691275,1.1502918161428204,0.302,8339900,90519300,30800500,18913900,42137900,19425200,0,0,0,11064500,0,33043200,0,117428900,0,0,99510500,Kartu Kredit,L,53.0,131543025,0.345,A,Kelas A (Kaya),Medan,Kota Besar,2400000,0.01769988696555357,0.19211038240279057,0.065368333970735,0.04014123575555866,0.089429857308337,0.041226374930547274,0.0,0.0,0.0,0.023482343832703926,0.0,0.07012804769603709,0.0,0.2492210046270691,0.0,0.0,0.2111925325106678,2,Impulsive Spender,1
BUDU00327,249300,14664.70588235294,12100.0,31600,17,8982.54843964608,0.23529411764705882,0.23529411764705882,0.11764705882352941,0.11764705882352941,0.0,0.058823529411764705,4,15,7,0.058823529411764705,0.18032352941176472,0.6125283733412891,0.1618,0,0,0,0,0,0,0,0,41500,0,0,0,64000,0,66900,76900,0,Tunai,L,29.0,1258039,0.942,E,Kelas E (Miskin),Desa Panyingkiran,Desa,3700,0.0,0.0,0.0,0.0,0.0,0.0,0.0,0.0,0.16646610509426393,0.0,0.0,0.0,0.2567188126754914,0.0,0.2683513838748496,0.3084636983553951,0.0,0,Rational Spender,2
BUDU00328,343200,19066.666666666668,14650.0,49700,18,11701.985754060517,0.1111111111111111,0.2222222222222222,0.05555555555555555,0.3333333333333333,0.0,0.1111111111111111,5,16,8,0.0,0.3159388888888889,0.6137405115766005,0.1222,0,0,0,0,0,0,54600,0,40100,0,0,0,69400,0,131300,47800,0,Tunai,P,38.0,1237229,0.933,E,Kelas E (Miskin),Surabaya,Kota Besar,3100000,0.0,0.0,0.0,0.0,0.0,0.0,0.1590909090909091,0.0,0.11684149184149184,0.0,0.0,0.0,0.20221445221445222,0.0,0.38257575757575757,0.13927738927738928,0.0,0,Rational Spender,2
BUDU00329,6868100,146129.78723404257,117000.0,596900,47,109805.91358688018,0.3617021276595745,0.06382978723404255,0.1702127659574468,0.14893617021276595,0.0,0.06382978723404255,9,32,12,0.0,0.2529787234042553,0.7514273144804776,0.1553,492700,0,848400,564100,0,0,0,356000,1948500,0,358300,0,462800,0,1561200,276100,0,Gopay,P,24.0,5387407,0.739,C,Kelas C (Menengah),Tangerang Selatan,Metropolitan,1700000,0.07173745286178128,0.0,0.1235276131681251,0.0821333410987027,0.0,0.0,0.0,0.051833840509019964,0.283702916381532,0.0,0.05216872206287037,0.0,0.06738399266172596,0.0,0.22731177472663472,0.0402003465296079,0.0,1,Emotional Spender,0
BUDU00330,346598400,3851093.3333333335,2838800.0,25537900,90,4222505.647784622,0.26666666666666666,0.2,0.15555555555555556,0.2222222222222222,0.9333333333333333,0.13333333333333333,10,47,12,0.03333333333333333,0.29261666666666664,1.096443342786972,0.36,4435300,62347500,23453000,5072600,54882000,5079200,0,0,0,8174300,0,21925800,0,77461600,0,0,83767100,Kartu Kredit,P,53.0,112963020,0.359,A,Kelas A (Kaya),Depok,Metropolitan,2200000,0.012796654571977251,0.17988398099933525,0.06766620965359332,0.014635382044464141,0.15834464325282518,0.014654424255853461,0.0,0.0,0.0,0.02358435584238127,0.0,0.06325995734544648,0.0,0.22349093359923186,0.0,0.0,0.2416834584348918,2,Impulsive Spender,1
BUDU00331,1300400,50015.38461538462,37250.0,160300,26,44974.00753597742,0.34615384615384615,0.15384615384615385,0.23076923076923078,0.15384615384615385,0.0,0.15384615384615385,7,21,10,0.0,0.2805692307692308,0.8992034727279398,0.1904,0,0,278300,0,0,0,58300,0,725400,0,32200,0,51400,0,126100,28700,0,Gopay,P,34.0,2536325,0.877,D,Kelas D (Menengah Bawah),Bandung,Kota Besar,2500000,0.0,0.0,0.21401107351584128,0.0,0.0,0.0,0.04483235927406952,0.0,0.5578283605044602,0.0,0.024761611811750232,0.0,0.03952629960012304,0.0,0.096970163026761,0.02207013226699477,0.0,0,Rational Spender,2
BUDU00332,11149500,179830.64516129033,136950.0,821100,62,165633.15141829933,0.22580645161290322,0.1935483870967742,0.1935483870967742,0.16129032258064516,0.04838709677419355,0.08064516129032258,9,38,12,0.0,0.36015806451612903,0.9210507545571154,0.1589,2594700,0,1069500,345800,0,0,0,198100,4459800,0,474500,0,432700,0,1020400,554000,0,Kartu Debit,L,30.0,5671042,0.605,C,Kelas C (Menengah),Palembang,Kota Besar,1700000,0.23271895600699583,0.0,0.09592358401722051,0.031014843714964796,0.0,0.0,0.0,0.017767612897439347,0.4,0.0,0.04255796224045921,0.0,0.03880891519799094,0.0,0.09151979909412979,0.04968832683079959,0.0,1,Emotional Spender,0
BUDU00333,5616400,187213.33333333334,140650.0,442100,30,135672.25145950794,0.4,0.2,0.16666666666666666,0.3,0.0,0.06666666666666667,9,26,12,0.0,0.13679,0.7246933166770952,0.21,1923400,0,927000,376900,0,0,0,396600,978000,0,89300,0,201800,0,600400,123000,0,Kartu Debit,P,42.0,5556128,0.661,C,Kelas C (Menengah),Bogor,Metropolitan,1100000,0.34246136315077275,0.0,0.16505234669895308,0.06710704365785913,0.0,0.0,0.0,0.07061462858770742,0.17413289651734207,0.0,0.015899864682002707,0.0,0.03593048928139021,0.0,0.10690121786197564,0.02190014956199701,0.0,1,Emotional Spender,0
BUDU00334,268100,24372.727272727272,16600.0,75500,11,24634.81645594669,0.2727272727272727,0.45454545454545453,0.0,0.36363636363636365,0.0,0.18181818181818182,5,10,7,0.0,0.10629090909090909,1.0107533793935606,0.2591,0,0,0,0,0,0,69500,0,100700,0,0,0,25800,0,35300,36800,0,Tunai,P,39.0,1291848,0.965,E,Kelas E (Miskin),Desa Makmur,Desa,3200,0.0,0.0,0.0,0.0,0.0,0.0,0.25923162998881016,0.0,0.3756061171204774,0.0,0.0,0.0,0.09623274897426333,0.0,0.13166728832525176,0.1372622155911973,0.0,0,Rational Spender,2
BUDU00335,5814800,181712.5,111250.0,583500,32,158960.77168749488,0.34375,0.125,0.21875,0.15625,0.0,0.125,7,22,11,0.0,0.217059375,0.8747927175482968,0.1766,1495500,0,1027700,480500,0,0,0,0,1814700,0,0,0,339200,0,324200,333000,0,Ovo,L,39.0,6538333,0.737,C,Kelas C (Menengah),Purwokerto,Kota Kecil,290000,0.2571885533466327,0.0,0.1767386668501066,0.08263396849418725,0.0,0.0,0.0,0.0,0.312082960720919,0.0,0.0,0.0,0.058333906583201485,0.0,0.055754282176515096,0.05726766182843778,0.0,1,Emotional Spender,0
BUDU00336,5797300,187009.67741935485,166700.0,512200,31,138423.05770075234,0.2903225806451613,0.1935483870967742,0.2903225806451613,0.2903225806451613,0.0,0.06451612903225806,8,20,12,0.0,0.2381741935483871,0.7401919494805034,0.1694,1386000,0,386600,486500,0,0,0,953500,2104500,0,0,0,192400,0,212800,75000,0,Gopay,P,27.0,3268066,0.667,C,Kelas C (Menengah),Jakarta,Metropolitan,10500000,0.23907681161920205,0.0,0.0666862159971021,0.083918375795629,0.0,0.0,0.0,0.16447311679574975,0.3630138167767754,0.0,0.0,0.0,0.03318786331568144,0.0,0.036706742794059305,0.012937056905800976,0.0,1,Emotional Spender,0
BUDU00337,2047300,53876.31578947369,39600.0,237500,38,47238.34581978367,0.42105263157894735,0.23684210526315788,0.07894736842105263,0.23684210526315788,0.0,0.13157894736842105,8,26,11,0.0,0.30646842105263156,0.8767924296154835,0.2382,0,0,516300,65800,0,0,435400,0,554800,0,35600,0,85600,0,249300,104500,0,Tunai,L,25.0,2203660,0.918,D,Kelas D (Menengah Bawah),Magelang,Kota Kecil,130000,0.0,0.0,0.252185805695306,0.03213989156449958,0.0,0.0,0.21267034630977386,0.0,0.27099106139793877,0.0,0.017388755922434426,0.0,0.041811165925853565,0.0,0.12177013627704782,0.051042836907146,0.0,0,Rational Spender,2
BUDU00338,434512300,2996636.5517241377,2275300.0,27500000,145,3039031.626462746,0.296551724137931,0.1793103448275862,0.15172413793103448,0.1724137931034483,0.903448275862069,0.0896551724137931,10,56,12,0.006896551724137931,0.2699013793103448,1.014147553100564,0.3517,24724800,47096200,28137400,25015000,16983500,11049200,0,0,0,18998200,0,8038900,0,111090300,0,0,143378800,Kartu Kredit,L,32.0,101975522,0.356,A,Kelas A (Kaya),Tangerang,Metropolitan,2100000,0.05690241680154969,0.10838864630529446,0.06475627962660666,0.057570292026255646,0.039086350374891575,0.0254289694445934,0.0,0.0,0.0,0.04372304305309654,0.0,0.018500972239450988,0.0,0.25566664050706966,0.0,0.0,0.3299763896211914,2,Impulsive Spender,1
BUDU00339,368100,23006.25,13650.0,70800,16,20399.394394605606,0.1875,0.25,0.1875,0.1875,0.0,0.1875,5,12,7,0.0,0.28070625,0.8866892429059758,0.1688,0,0,0,0,0,0,57300,0,122500,0,10700,0,0,0,115400,62200,0,Tunai,L,23.0,1039851,0.958,E,Kelas E (Miskin),Denpasar,Kota Besar,900000,0.0,0.0,0.0,0.0,0.0,0.0,0.1556642216788916,0.0,0.3327900027166531,0.0,0.02906818799239337,0.0,0.0,0.0,0.31350176582450423,0.16897582178755774,0.0,0,Rational Spender,2
BUDU00340,6304000,185411.76470588235,131100.0,910000,34,185191.19810994665,0.17647058823529413,0.14705882352941177,0.2647058823529412,0.08823529411764706,0.029411764705882353,0.17647058823529413,8,25,12,0.029411764705882353,0.16387058823529413,0.9988103958975549,0.1382,282400,0,83000,1588900,0,0,0,163200,2265800,0,1087600,0,0,0,595000,238100,0,Gopay,P,39.0,4214495,0.618,C,Kelas C (Menengah),Semarang,Kota Besar,1800000,0.04479695431472081,0.0,0.013166243654822335,0.2520463197969543,0.0,0.0,0.0,0.025888324873096447,0.3594225888324873,0.0,0.1725253807106599,0.0,0.0,0.0,0.09438451776649746,0.03776967005076142,0.0,1,Emotional Spender,0
BUDU00341,340467400,2861070.588235294,2161600.0,12649000,119,2292138.929159465,0.2857142857142857,0.2184873949579832,0.15126050420168066,0.21008403361344538,0.8739495798319328,0.10084033613445378,10,57,12,0.04201680672268908,0.2725806722689076,0.8011472833227978,0.3555,8333500,39779900,23329700,18127700,28949400,31679700,0,0,0,11310300,0,25622300,0,92033300,0,0,61301600,Kartu Kredit,L,39.0,79596085,0.509,A,Kelas A (Kaya),Bekasi,Metropolitan,2700000,0.02447664592850887,0.11683908650284873,0.06852256633087338,0.053243570456378495,0.08502840506903157,0.0930476750490649,0.0,0.0,0.0,0.03321992061501336,0.0,0.07525625067187049,0.0,0.2703145734363995,0.0,0.0,0.1800513059400107,2,Impulsive Spender,1
BUDU00342,481500,30093.75,16250.0,130000,16,34626.49214594706,0.375,0.0625,0.0625,0.3125,0.0,0.25,5,13,8,0.0,0.23098125,1.1506207151301202,0.1875,0,0,0,0,0,0,0,0,152500,0,148200,0,69300,0,89900,21600,0,Tunai,L,46.0,1458293,0.914,E,Kelas E (Miskin),Desa Rawa Indah,Desa,6500,0.0,0.0,0.0,0.0,0.0,0.0,0.0,0.0,0.31671858774662515,0.0,0.30778816199376946,0.0,0.14392523364485982,0.0,0.18670820353063344,0.044859813084112146,0.0,0,Rational Spender,2
BUDU00343,6412300,173305.4054054054,131300.0,713200,37,133751.82438204545,0.35135135135135137,0.16216216216216217,0.1891891891891892,0.16216216216216217,0.0,0.10810810810810811,9,28,12,0.0,0.19872702702702702,0.7717694902196843,0.1878,1314400,0,206500,454800,0,0,0,454900,3061000,0,194700,0,66900,0,396300,262800,0,Gopay,P,28.0,4312932,0.796,C,Kelas C (Menengah),Bandung,Kota Besar,2500000,0.20498105204060946,0.0,0.032203733449776215,0.07092618873103254,0.0,0.0,0.0,0.07094178375933752,0.47736381641532677,0.0,0.030363520109789,0.0,0.010433073936029194,0.0,0.06180309717262137,0.04098373438547791,0.0,1,Emotional Spender,0
BUDU00344,1469700,52489.28571428572,35200.0,130400,28,36850.914248528235,0.39285714285714285,0.14285714285714285,0.2857142857142857,0.07142857142857142,0.0,0.10714285714285714,6,20,11,0.0,0.31584285714285715,0.7020654548266929,0.1964,0,0,254400,71800,0,0,0,0,460800,0,0,0,140900,0,325900,215900,0,Gopay,P,38.0,1844740,0.772,D,Kelas D (Menengah Bawah),Jombang,Kota Kecil,190000,0.0,0.0,0.1730965503163911,0.0488535075185412,0.0,0.0,0.0,0.0,0.31353337415799143,0.0,0.0,0.0,0.09586990542287542,0.0,0.22174593454446487,0.146900728039736,0.0,0,Rational Spender,2
BUDU00345,1185900,43922.22222222222,44000.0,91700,27,25473.067728233666,0.18518518518518517,0.18518518518518517,0.1111111111111111,0.37037037037037035,0.0,0.037037037037037035,6,20,11,0.0,0.2913,0.5799585366913812,0.1259,0,0,72600,0,0,0,0,0,314500,0,57400,0,133800,0,423400,184200,0,Gopay,P,31.0,2854786,0.774,D,Kelas D (Menengah Bawah),Pekalongan,Kota Kecil,310000,0.0,0.0,0.06121932709334683,0.0,0.0,0.0,0.0,0.0,0.2651994265958344,0.0,0.048402057509064844,0.0,0.11282570199848216,0.0,0.3570284172358546,0.15532506956741715,0.0,0,Rational Spender,2
BUDU00346,1953900,61059.375,49450.0,197100,32,40672.0468275837,0.34375,0.15625,0.21875,0.125,0.0,0.03125,8,27,12,0.0625,0.35365625,0.6661065041622797,0.1719,0,0,222300,337600,0,0,153800,0,377200,0,96300,0,180900,0,448300,137500,0,Gopay,P,41.0,2359834,0.787,D,Kelas D (Menengah Bawah),Magelang,Kota Kecil,130000,0.0,0.0,0.11377245508982035,0.1727826398485081,0.0,0.0,0.07871436613951584,0.0,0.193049797840217,0.0,0.04928604329801935,0.0,0.09258406264394288,0.0,0.22943855877987615,0.07037207636010032,0.0,1,Emotional Spender,0
BUDU00347,10431900,186283.92857142858,151050.0,677200,56,145664.64695792395,0.35714285714285715,0.125,0.14285714285714285,0.21428571428571427,0.0,0.125,9,35,12,0.017857142857142856,0.26448035714285717,0.781949618923086,0.1812,1887000,0,1730600,288500,0,0,0,582900,3961800,0,373200,0,152600,0,880700,574600,0,Gopay,P,34.0,5401125,0.701,C,Kelas C (Menengah),Magelang,Kota Kecil,130000,0.1808874701636327,0.0,0.16589499515907935,0.0276555565141537,0.0,0.0,0.0,0.055876685934489405,0.3797774135104823,0.0,0.03577488281137664,0.0,0.014628207709046291,0.0,0.0844237387244893,0.05508104947325032,0.0,1,Emotional Spender,0
BUDU00348,1021800,53778.94736842105,37700.0,130300,19,39315.470222679636,0.10526315789473684,0.10526315789473684,0.21052631578947367,0.2631578947368421,0.0,0.05263157894736842,7,15,10,0.0,0.2517736842105263,0.7310568939429566,0.0763,0,0,159000,0,0,0,94800,0,110500,0,24300,0,101400,0,419900,111900,0,Ovo,L,48.0,2916998,0.869,D,Kelas D (Menengah Bawah),Kediri,Kota Kecil,320000,0.0,0.0,0.15560775102759836,0.0,0.0,0.0,0.09277745155607751,0.0,0.10814249363867684,0.0,0.02378156194950088,0.0,0.09923664122137404,0.0,0.410941475826972,0.10951262477980035,0.0,0,Rational Spender,2
BUDU00349,6903900,153420.0,120900.0,656300,45,132360.11758559576,0.08888888888888889,0.2,0.13333333333333333,0.2222222222222222,0.0,0.1111111111111111,9,34,11,0.0,0.22030222222222223,0.8627305278685683,0.1078,1366600,0,1508300,490800,0,0,0,373700,1629500,0,49400,0,229600,0,820400,435600,0,Dana,L,44.0,6077795,0.768,C,Kelas C (Menengah),Palembang,Kota Besar,1700000,0.19794608844276423,0.0,0.2184707194484277,0.07109025333507148,0.0,0.0,0.0,0.0541288257361781,0.23602601428178277,0.0,0.007155375946928548,0.0,0.03325656512985414,0.0,0.11883138515911297,0.06309477251988006,0.0,1,Emotional Spender,0
BUDU00350,10592600,189153.57142857142,151550.0,910000,56,163710.05185364175,0.2857142857142857,0.14285714285714285,0.17857142857142858,0.21428571428571427,0.03571428571428571,0.05357142857142857,8,35,12,0.0,0.30675714285714284,0.8654875010671543,0.158,1549000,0,1190500,1459900,0,0,0,1081100,3189700,0,0,0,199100,0,1231700,691600,0,Gopay,L,30.0,6094210,0.804,C,Kelas C (Menengah),Magelang,Kota Kecil,130000,0.14623416347261295,0.0,0.11238978154560732,0.1378226308932651,0.0,0.0,0.0,0.10206181673998829,0.3011253138983819,0.0,0.0,0.0,0.01879614070199951,0.0,0.11627928931518229,0.06529086343296263,0.0,1,Emotional Spender,0
BUDU00351,1895000,63166.666666666664,43250.0,237500,30,52334.73385636055,0.4,0.16666666666666666,0.16666666666666666,0.13333333333333333,0.0,0.13333333333333333,8,22,11,0.0,0.31377,0.8285182140848637,0.21,0,0,580700,66000,0,0,199700,0,384400,0,51200,0,82200,0,275400,255400,0,Gopay,L,25.0,1574421,0.907,D,Kelas D (Menengah Bawah),Palembang,Kota Besar,1700000,0.0,0.0,0.30643799472295513,0.034828496042216356,0.0,0.0,0.1053825857519789,0.0,0.2028496042216359,0.0,0.027018469656992086,0.0,0.04337730870712401,0.0,0.1453298153034301,0.13477572559366754,0.0,0,Rational Spender,2
BUDU00352,1907100,50186.84210526316,32700.0,244100,38,51865.56515856776,0.2894736842105263,0.15789473684210525,0.10526315789473684,0.15789473684210525,0.0,0.13157894736842105,6,25,12,0.0,0.1922684210526316,1.033449465694287,0.1684,0,0,0,0,0,0,149600,0,932900,0,21400,0,173800,0,339100,290300,0,Gopay,P,22.0,2659157,0.816,D,Kelas D (Menengah Bawah),Tegal,Kota Kecil,285000,0.0,0.0,0.0,0.0,0.0,0.0,0.07844371034555084,0.0,0.4891720413192806,0.0,0.011221225945152326,0.0,0.09113313407791936,0.0,0.1778092391589324,0.1522206491531645,0.0,0,Rational Spender,2
BUDU00353,2001100,60639.393939393936,44000.0,243500,33,51570.17027430889,0.3333333333333333,0.2727272727272727,0.15151515151515152,0.21212121212121213,0.0,0.030303030303030304,8,24,11,0.0,0.2489727272727273,0.8504400674889778,0.203,0,0,178100,233700,0,0,90200,0,659000,0,295000,0,73100,0,195800,276200,0,Tunai,P,27.0,2127873,0.909,D,Kelas D (Menengah Bawah),Tegal,Kota Kecil,285000,0.0,0.0,0.08900104942281745,0.11678576782769477,0.0,0.0,0.045075208635250615,0.0,0.3293188746189596,0.0,0.14741891959422318,0.0,0.036529908550297335,0.0,0.09784618459847085,0.13802408675228625,0.0,0,Rational Spender,2
BUDU00354,5327600,147988.88888888888,95000.0,875000,36,164131.6993458568,0.2777777777777778,0.3333333333333333,0.2222222222222222,0.3888888888888889,0.027777777777777776,0.08333333333333333,9,30,12,0.0,0.32315555555555553,1.1090812329099116,0.2153,664500,0,485700,227000,0,0,0,1003800,1530900,0,75900,0,95400,0,473700,770700,0,Gopay,P,40.0,6788645,0.675,C,Kelas C (Menengah),Tangerang,Metropolitan,2100000,0.12472783241985134,0.0,0.09116675426083039,0.04260830392672123,0.0,0.0,0.0,0.18841504617463772,0.2873526541031609,0.0,0.014246565057436744,0.0,0.017906749755987685,0.0,0.08891433290787597,0.144661761393498,0.0,1,Emotional Spender,0
BUDU00355,155300,15530.0,11850.0,32400,10,8976.766307158348,0.5,0.0,0.2,0.3,0.0,0.0,3,9,7,0.0,0.12734,0.578027450557524,0.175,0,0,0,0,0,0,0,0,62600,0,0,0,0,0,81600,11100,0,Tunai,P,41.0,1493076,0.96,E,Kelas E (Miskin),Desa Sejahtera,Desa,4100,0.0,0.0,0.0,0.0,0.0,0.0,0.0,0.0,0.40309079201545395,0.0,0.0,0.0,0.0,0.0,0.5254346426271732,0.07147456535737283,0.0,0,Rational Spender,2
BUDU00356,1451300,43978.78787878788,35900.0,142700,33,32955.65920270521,0.30303030303030304,0.09090909090909091,0.15151515151515152,0.15151515151515152,0.0,0.09090909090909091,7,23,12,0.0,0.1429090909090909,0.7493535131876744,0.147,0,0,71100,0,0,0,73900,0,632800,0,111300,0,154100,0,310000,98100,0,Tunai,P,48.0,2179220,0.851,D,Kelas D (Menengah Bawah),Desa Sejahtera,Desa,4100,0.0,0.0,0.048990560187418174,0.0,0.0,0.0,0.05091986494866671,0.0,0.4360228760421691,0.0,0.0766898642596293,0.0,0.10618066561014262,0.0,0.21360159856680216,0.06759457038517191,0.0,0,Rational Spender,2
BUDU00357,197177800,3129806.3492063493,1831500.0,21365100,63,3897903.9467001976,0.19047619047619047,0.20634920634920634,0.14285714285714285,0.20634920634920634,0.9047619047619048,0.1111111111111111,10,42,12,0.015873015873015872,0.03848095238095238,1.2454137770180642,0.3262,7648300,58095500,6384400,13661000,26010500,7266800,0,0,0,6154500,0,16419300,0,12657300,0,0,42880200,Kartu Kredit,L,33.0,81224832,0.303,A,Kelas A (Kaya),Bekasi,Metropolitan,2700000,0.038788849454654634,0.294635095837361,0.03237889863869056,0.06928264743799759,0.13191393757309394,0.036854047463761135,0.0,0.0,0.0,0.03121294587930284,0.0,0.08327154476822442,0.0,0.06419231779642535,0.0,0.0,0.21746971515048855,2,Impulsive Spender,1
BUDU00358,54703000,659072.2891566266,478500.0,3150000,83,570706.284783195,0.3132530120481928,0.12048192771084337,0.2289156626506024,0.2289156626506024,0.37349397590361444,0.08433734939759036,10,45,12,0.024096385542168676,0.2634855421686747,0.8659236538582012,0.2331,7567200,6513400,3612000,4266400,0,7099800,0,0,8037500,1191300,0,0,0,11554300,0,1460100,3401000,Kartu Kredit,P,22.0,9761814,0.539,B,Kelas B (Menengah Atas),Bekasi,Metropolitan,2700000,0.13833244977423542,0.11906842403524487,0.06602928541396268,0.0779920662486518,0.0,0.12978812862183062,0.0,0.0,0.14692978447251523,0.021777599034787855,0.0,0.0,0.0,0.21121876313913313,0.0,0.02669140632140833,0.06217209293823008,1,Emotional Spender,0
BUDU00359,64000200,615386.5384615385,441900.0,3072700,104,507927.69611158414,0.28846153846153844,0.20192307692307693,0.21153846153846154,0.21153846153846154,0.2980769230769231,0.10576923076923077,10,51,12,0.009615384615384616,0.28989134615384615,0.8253799268690527,0.237,10016900,8251500,4343900,8464100,0,5611200,0,0,13128300,5603100,0,0,0,2749200,0,2410600,3421400,Kartu Debit,L,27.0,9400221,0.493,B,Kelas B (Menengah Atas),Bandung,Kota Besar,2500000,0.15651357339508315,0.12892928459598563,0.06787322539617063,0.1322511492151587,0.0,0.0876747260164812,0.0,0.0,0.20512904647172978,0.08754816391198778,0.0,0.0,0.0,0.042956115762138244,0.0,0.0376655072952897,0.05345920793997519,1,Emotional Spender,0
BUDU00360,8466800,156792.59259259258,103900.0,586300,54,133297.54750373366,0.12962962962962962,0.12962962962962962,0.1111111111111111,0.25925925925925924,0.0,0.09259259259259259,8,36,12,0.0,0.14607222222222221,0.850152072235274,0.0981,654800,0,555700,1312500,0,0,0,653700,2714700,0,0,0,548300,0,1237900,789200,0,Gopay,L,26.0,5384327,0.678,C,Kelas C (Menengah),Makassar,Kota Besar,1500000,0.0773373647659092,0.0,0.0656328246799263,0.15501724382293192,0.0,0.0,0.0,0.07720744555203855,0.32062880899513396,0.0,0.0,0.0,0.06475882269570558,0.0,0.14620635895497708,0.09321113053337743,0.0,1,Emotional Spender,0
BUDU00361,1521300,56344.444444444445,43500.0,145300,27,36524.463175471996,0.2962962962962963,0.3333333333333333,0.1111111111111111,0.07407407407407407,0.0,0.1111111111111111,7,17,12,0.0,0.2988888888888889,0.6482353945558035,0.2204,0,0,137900,145300,0,0,41500,0,147500,0,0,0,309500,0,511100,228500,0,Gopay,P,47.0,2731471,0.845,D,Kelas D (Menengah Bawah),Kediri,Kota Kecil,320000,0.0,0.0,0.0906461578912772,0.09551041872083087,0.0,0.0,0.027279300598172615,0.0,0.09695655031880629,0.0,0.0,0.0,0.20344442253335962,0.0,0.33596266351147047,0.15020048642608297,0.0,0,Rational Spender,2
BUDU00362,441200,24511.11111111111,14900.0,95500,18,26908.25127963734,0.3333333333333333,0.2222222222222222,0.2777777777777778,0.0,0.0,0.2222222222222222,6,17,9,0.05555555555555555,0.09163333333333333,1.0977981029770447,0.2167,0,0,0,0,0,0,27700,0,146100,0,18300,0,166400,0,42300,40400,0,Tunai,P,39.0,1124787,0.966,E,Kelas E (Miskin),Desa Rawa Indah,Desa,6500,0.0,0.0,0.0,0.0,0.0,0.0,0.0627833182230281,0.0,0.3311423390752493,0.0,0.0414777878513146,0.0,0.3771532184950136,0.0,0.09587488667271078,0.09156844968268359,0.0,0,Rational Spender,2
BUDU00363,8846100,180532.6530612245,133300.0,436200,49,123092.71638984694,0.30612244897959184,0.1836734693877551,0.2653061224489796,0.24489795918367346,0.0,0.061224489795918366,8,32,12,0.02040816326530612,0.14673061224489795,0.6818307619292683,0.1714,2131100,0,1624500,0,0,0,0,751500,2830700,0,79200,0,242900,0,313600,872600,0,Kartu Debit,L,32.0,3413060,0.78,C,Kelas C (Menengah),Blitar,Kota Kecil,150000,0.24090842292083517,0.0,0.1836402482449893,0.0,0.0,0.0,0.0,0.0849526910163801,0.3199941217033495,0.0,0.00895309797537898,0.0,0.027458428007822656,0.0,0.03545065056917738,0.0986423395620669,0.0,1,Emotional Spender,0
BUDU00364,49031000,605320.987654321,440300.0,3150000,81,556455.0010369323,0.30864197530864196,0.18518518518518517,0.09876543209876543,0.18518518518518517,0.2345679012345679,0.09876543209876543,10,46,12,0.012345679012345678,0.1980469135802469,0.9192726047600808,0.2253,8196400,8154600,7052000,4321400,0,4637400,0,0,9477400,3431900,0,0,0,1560600,0,890600,1308700,Kartu Kredit,L,31.0,7654543,0.697,B,Kelas B (Menengah Atas),Semarang,Kota Besar,1800000,0.16716771022414392,0.1663151883502274,0.14382737451816197,0.08813607717566438,0.0,0.09458097938039199,0.0,0.0,0.19329403846546062,0.06999449327976179,0.0,0.0,0.0,0.03182884297689217,0.0,0.01816401868205829,0.026691276947237462,1,Emotional Spender,0
BUDU00365,1759200,43980.0,35900.0,189100,40,36438.15413715515,0.425,0.225,0.075,0.125,0.0,0.075,7,28,11,0.025,0.038765,0.8285164651467747,0.2275,0,0,106800,55300,0,0,70700,0,647200,0,0,0,142300,0,446500,290400,0,Gopay,P,41.0,1614659,0.806,D,Kelas D (Menengah Bawah),Yogyakarta,Kota Besar,420000,0.0,0.0,0.06070941336971351,0.03143474306502956,0.0,0.0,0.0401887221464302,0.0,0.3678944974988631,0.0,0.0,0.0,0.08088904047294225,0.0,0.25380854934060937,0.165075034106412,0.0,0,Rational Spender,2
BUDU00366,1422200,52674.07407407407,36900.0,305800,27,59182.39468335023,0.4074074074074074,0.1111111111111111,0.18518518518518517,0.07407407407407407,0.0,0.037037037037037035,6,18,12,0.0,0.2573888888888889,1.123558329665628,0.1815,0,0,95500,0,0,0,195900,0,590900,0,0,0,84100,0,320400,135400,0,Tunai,P,44.0,1831858,0.797,D,Kelas D (Menengah Bawah),Pekalongan,Kota Kecil,310000,0.0,0.0,0.06714948671072986,0.0,0.0,0.0,0.13774433975530867,0.0,0.4154830544227254,0.0,0.0,0.0,0.05913373646463226,0.0,0.2252847700745324,0.09520461257207144,0.0,0,Rational Spender,2
BUDU00367,494000,21478.260869565216,13200.0,95000,23,23170.474090212687,0.34782608695652173,0.21739130434782608,0.2608695652173913,0.17391304347826086,0.0,0.13043478260869565,5,16,8,0.0,0.06718695652173913,1.0787872552123317,0.2065,0,0,0,0,0,0,65800,0,197000,0,0,0,52500,0,121000,57700,0,Tunai,P,40.0,1455976,0.976,E,Kelas E (Miskin),Desa Panyingkiran,Desa,3700,0.0,0.0,0.0,0.0,0.0,0.0,0.1331983805668016,0.0,0.39878542510121456,0.0,0.0,0.0,0.1062753036437247,0.0,0.24493927125506074,0.11680161943319838,0.0,0,Rational Spender,2
BUDU00368,60954100,597589.2156862745,445850.0,3300000,102,585237.107387036,0.24509803921568626,0.17647058823529413,0.14705882352941177,0.13725490196078433,0.2549019607843137,0.08823529411764706,10,51,12,0.00980392156862745,0.21019313725490194,0.9793301017237179,0.2029,8779300,3571200,7134200,4473600,0,2006200,0,0,12499900,7451300,0,0,0,9815100,0,1060500,4162800,Kartu Kredit,P,25.0,14966345,0.508,B,Kelas B (Menengah Atas),Tangerang,Metropolitan,2100000,0.14403132849143863,0.05858834762550837,0.11704216779511141,0.07339293009001856,0.0,0.032913290492354086,0.0,0.0,0.20507070074039319,0.12224444294969493,0.0,0.0,0.0,0.1610244429825065,0.0,0.01739833743751446,0.06829401139545986,1,Emotional Spender,0
BUDU00369,4384300,115376.31578947368,96850.0,377200,38,83386.81091580605,0.42105263157894735,0.13157894736842105,0.3157894736842105,0.23684210526315788,0.0,0.13157894736842105,7,29,12,0.02631578947368421,0.2899447368421053,0.7227376809982506,0.2066,713100,0,473600,107500,0,0,0,0,1649300,0,0,0,374000,0,660300,406500,0,Ovo,P,34.0,4493831,0.717,C,Kelas C (Menengah),Tasikmalaya,Kota Kecil,700000,0.16264854138631024,0.0,0.10802180507720731,0.02451930752913806,0.0,0.0,0.0,0.0,0.37618319914239445,0.0,0.0,0.0,0.08530438154323382,0.0,0.1506055698743243,0.09271719544739183,0.0,1,Emotional Spender,0
BUDU00370,1089100,57321.05263157895,44800.0,155300,19,38974.94321779583,0.47368421052631576,0.15789473684210525,0.10526315789473684,0.2631578947368421,0.0,0.05263157894736842,6,19,9,0.10526315789473684,0.1875,0.679941163472703,0.2211,0,0,0,0,0,0,63300,0,220400,0,184600,0,28200,0,412700,179900,0,Ovo,L,23.0,2740953,0.871,D,Kelas D (Menengah Bawah),Desa Rawa Indah,Desa,6500,0.0,0.0,0.0,0.0,0.0,0.0,0.05812138462951061,0.0,0.20236892847305113,0.0,0.16949775043613993,0.0,0.02589293912404738,0.0,0.3789367367551189,0.16518226058213203,0.0,0,Rational Spender,2
BUDU00371,1064500,53225.0,47600.0,132100,20,33110.753142811634,0.3,0.25,0.0,0.2,0.0,0.1,7,15,10,0.0,0.046815,0.6220902422322524,0.195,0,0,191600,0,0,0,85400,0,172600,0,80200,0,110200,0,346000,78500,0,Tunai,L,28.0,2754747,0.857,D,Kelas D (Menengah Bawah),Desa Cikaret,Desa,2800,0.0,0.0,0.17999060591827148,0.0,0.0,0.0,0.08022545796148427,0.0,0.16214185063410053,0.0,0.07534053546265852,0.0,0.10352278064819163,0.0,0.3250352278064819,0.07374354156881165,0.0,0,Rational Spender,2
BUDU00372,142500,14250.0,13500.0,27600,10,8806.216238796573,0.6,0.0,0.2,0.0,0.0,0.0,3,6,7,0.0,0.19629,0.6179800869330928,0.21,0,0,0,0,0,0,0,0,0,0,0,0,17000,0,97300,28200,0,Tunai,L,33.0,1312047,0.96,E,Kelas E (Miskin),Kediri,Kota Kecil,320000,0.0,0.0,0.0,0.0,0.0,0.0,0.0,0.0,0.0,0.0,0.0,0.0,0.11929824561403508,0.0,0.6828070175438596,0.19789473684210526,0.0,0,Rational Spender,2
BUDU00373,170300,15481.818181818182,6300.0,49400,11,15978.411571981625,0.36363636363636365,0.2727272727272727,0.2727272727272727,0.2727272727272727,0.0,0.18181818181818182,4,9,8,0.0,0.36060000000000003,1.0320759089359828,0.2364,0,0,0,0,0,0,49400,0,29200,0,0,0,0,0,63500,28200,0,Dana,P,49.0,1138814,0.965,E,Kelas E (Miskin),Tegal,Kota Kecil,285000,0.0,0.0,0.0,0.0,0.0,0.0,0.2900763358778626,0.0,0.17146212566059893,0.0,0.0,0.0,0.0,0.0,0.37287140340575453,0.1655901350557839,0.0,0,Rational Spender,2
BUDU00374,58509700,657412.3595505618,485900.0,3750000,89,631026.1221037714,0.3258426966292135,0.23595505617977527,0.1797752808988764,0.14606741573033707,0.3146067415730337,0.0898876404494382,10,46,12,0.0,0.2761887640449438,0.9598634904509109,0.2612,8067300,11051700,6392400,7642000,0,3636700,0,0,13125600,1662500,0,0,0,3150000,0,897000,2884500,Kartu Kredit,P,31.0,10040660,0.687,B,Kelas B (Menengah Atas),Yogyakarta,Kota Besar,420000,0.1378797019981302,0.18888662905466957,0.10925367930445722,0.13061082179536043,0.0,0.06215550583920273,0.0,0.0,0.2243320338337062,0.02841409202234843,0.0,0.0,0.0,0.053837226989712814,0.0,0.01533079130468965,0.049299517857722734,1,Emotional Spender,0
BUDU00375,1569500,82605.26315789473,67800.0,225000,19,54203.11054711211,0.3157894736842105,0.10526315789473684,0.15789473684210525,0.10526315789473684,0.0,0.0,8,17,9,0.05263157894736842,0.4155631578947368,0.6561701818382479,0.1421,0,0,121000,86600,0,0,182900,0,460800,0,176100,0,141300,0,218100,182700,0,Dana,P,42.0,2996434,0.91,D,Kelas D (Menengah Bawah),Desa Panyingkiran,Desa,3700,0.0,0.0,0.07709461611978337,0.055176807900605286,0.0,0.0,0.11653392800254858,0.0,0.2935966868429436,0.0,0.11220133800573431,0.0,0.0900286715514495,0.0,0.1389614526919401,0.11640649888499523,0.0,0,Rational Spender,2
BUDU00376,332600,23757.14285714286,21650.0,42000,14,12311.827601989029,0.2857142857142857,0.2857142857142857,0.07142857142857142,0.14285714285714285,0.0,0.0,5,13,8,0.0,0.3034428571428571,0.5182368804204642,0.1857,0,0,0,0,0,0,0,0,67900,0,50200,0,10900,0,147300,56300,0,Tunai,P,36.0,1441859,0.948,E,Kelas E (Miskin),Cirebon,Kota Kecil,320000,0.0,0.0,0.0,0.0,0.0,0.0,0.0,0.0,0.20414912808177993,0.0,0.15093205051112446,0.0,0.032772098616957304,0.0,0.4428743235117258,0.1692723992784125,0.0,0,Rational Spender,2
BUDU00377,14955800,230089.23076923078,157500.0,875000,65,202250.31529879387,0.2,0.16923076923076924,0.23076923076923078,0.23076923076923078,0.03076923076923077,0.12307692307692308,9,39,12,0.0,0.2717061538461539,0.8790081770564999,0.1454,1908300,0,3289900,1489200,0,0,0,944600,4456500,0,1113600,0,473900,0,348800,931000,0,Gopay,P,39.0,3209565,0.783,C,Kelas C (Menengah),Cirebon,Kota Kecil,320000,0.127595982829404,0.0,0.21997485925192903,0.09957340964709344,0.0,0.0,0.0,0.06315944315917571,0.2979780419636529,0.0,0.0744594070527822,0.0,0.03168670348627289,0.0,0.023322055657336953,0.06225009695235293,0.0,1,Emotional Spender,0
BUDU00378,196162600,3113692.0634920634,1933700.0,19637400,63,3668034.8009615485,0.30158730158730157,0.20634920634920634,0.20634920634920634,0.19047619047619047,0.8412698412698413,0.09523809523809523,10,38,12,0.015873015873015872,0.2850111111111111,1.178033898717582,0.35,5518000,11259300,10908300,10848900,16312000,22096400,0,0,0,8263000,0,4920800,0,56955800,0,0,49080100,Kartu Kredit,L,26.0,140499125,0.469,A,Kelas A (Kaya),Jakarta,Metropolitan,10500000,0.028129725034231806,0.05739779142405331,0.05560845951266959,0.05530564949689696,0.08315550466806619,0.11264328674273281,0.0,0.0,0.0,0.042123218187360895,0.0,0.025085311879022812,0.0,0.2903499443828742,0.0,0.0,0.25020110867209144,2,Impulsive Spender,1
BUDU00379,464800,22133.333333333332,14400.0,81900,21,20037.523133694278,0.3333333333333333,0.047619047619047616,0.14285714285714285,0.23809523809523808,0.0,0.047619047619047616,5,13,10,0.0,0.2780857142857143,0.9053097801367898,0.1381,0,0,0,0,0,0,0,0,59500,0,45700,0,94900,0,129600,135100,0,Tunai,P,19.0,1211846,0.942,E,Kelas E (Miskin),Desa Panyingkiran,Desa,3700,0.0,0.0,0.0,0.0,0.0,0.0,0.0,0.0,0.1280120481927711,0.0,0.09832185886402754,0.0,0.20417383820998278,0.0,0.27882960413080893,0.29066265060240964,0.0,0,Rational Spender,2
BUDU00380,1143700,47654.166666666664,26400.0,203200,24,53061.063913411956,0.25,0.16666666666666666,0.16666666666666666,0.25,0.0,0.08333333333333333,7,20,10,0.0,0.18348333333333333,1.1134611645727788,0.15,0,0,56900,0,0,0,89500,0,378900,0,313900,0,77600,0,179300,47600,0,Gopay,L,23.0,1832672,0.766,D,Kelas D (Menengah Bawah),Magelang,Kota Kecil,130000,0.0,0.0,0.049750808778525835,0.0,0.0,0.0,0.07825478709451779,0.0,0.33129317128617647,0.0,0.27446008568680597,0.0,0.06784996065401766,0.0,0.15677188073795575,0.04161930576200053,0.0,0,Rational Spender,2
BUDU00381,173200,15745.454545454546,10600.0,38900,11,12495.228180098484,0.09090909090909091,0.2727272727272727,0.09090909090909091,0.18181818181818182,0.0,0.09090909090909091,4,8,6,0.0,0.30564545454545455,0.793576847465839,0.1273,0,0,0,0,0,0,10600,0,26300,0,0,0,0,0,82500,53800,0,Ovo,P,28.0,1032398,0.893,E,Kelas E (Miskin),Magelang,Kota Kecil,130000,0.0,0.0,0.0,0.0,0.0,0.0,0.061200923787528866,0.0,0.15184757505773672,0.0,0.0,0.0,0.0,0.0,0.47632794457274824,0.31062355658198615,0.0,0,Rational Spender,2
BUDU00382,10667400,180803.38983050847,160700.0,665000,59,134375.85472523893,0.2542372881355932,0.06779661016949153,0.15254237288135594,0.11864406779661017,0.0,0.0847457627118644,9,34,12,0.0,0.1884271186440678,0.7432153503936383,0.122,1679700,0,555600,1436600,0,0,0,651000,3202600,0,391700,0,456500,0,2016500,277200,0,Ovo,P,23.0,4185568,0.679,C,Kelas C (Menengah),Bogor,Metropolitan,1100000,0.15746104955284324,0.0,0.0520839192305529,0.1346719913005981,0.0,0.0,0.0,0.06102705439001069,0.3002231096612108,0.0,0.03671935054465005,0.0,0.04279393291711195,0.0,0.18903387892082418,0.025985713482198098,0.0,1,Emotional Spender,0
BUDU00383,292000,16222.222222222223,11000.0,48100,18,12611.03884117382,0.16666666666666666,0.16666666666666666,0.2222222222222222,0.2222222222222222,0.0,0.16666666666666666,5,12,10,0.0,0.1406888888888889,0.7773928052778383,0.1333,0,0,0,0,0,0,0,0,11600,0,16000,0,53900,0,164500,46000,0,Tunai,L,32.0,1288014,0.894,E,Kelas E (Miskin),Desa Panyingkiran,Desa,3700,0.0,0.0,0.0,0.0,0.0,0.0,0.0,0.0,0.03972602739726028,0.0,0.0547945205479452,0.0,0.18458904109589042,0.0,0.5633561643835616,0.15753424657534246,0.0,0,Rational Spender,2
BUDU00384,611600,27800.0,22100.0,90000,22,20628.0668715501,0.4090909090909091,0.13636363636363635,0.13636363636363635,0.2727272727272727,0.0,0.09090909090909091,6,16,10,0.0,0.1927409090909091,0.7420167939406511,0.1977,0,0,0,0,0,0,108200,0,117800,0,55200,0,57800,0,124300,148300,0,Tunai,L,50.0,1353364,0.935,E,Kelas E (Miskin),Desa Cikaret,Desa,2800,0.0,0.0,0.0,0.0,0.0,0.0,0.17691301504251145,0.0,0.19260954872465663,0.0,0.09025506867233486,0.0,0.09450621321124918,0.0,0.20323741007194246,0.24247874427730542,0.0,0,Rational Spender,2
BUDU00385,2337200,66777.14285714286,47700.0,309100,35,60557.59089598966,0.34285714285714286,0.22857142857142856,0.2,0.14285714285714285,0.0,0.17142857142857143,7,23,12,0.0,0.2786571428571429,0.9068610651033879,0.2143,0,0,243200,0,0,0,93300,0,930200,0,387300,0,196200,0,341100,145900,0,Tunai,P,20.0,2988872,0.862,D,Kelas D (Menengah Bawah),Desa Cikaret,Desa,2800,0.0,0.0,0.10405613554680815,0.0,0.0,0.0,0.03991956186890296,0.0,0.39799760397056305,0.0,0.1657111073078898,0.0,0.08394660277254835,0.0,0.14594386445319185,0.06242512408009584,0.0,0,Rational Spender,2
BUDU00386,9809000,155698.4126984127,119000.0,875000,63,145378.05386586703,0.30158730158730157,0.1746031746031746,0.25396825396825395,0.2222222222222222,0.015873015873015872,0.12698412698412698,9,42,12,0.015873015873015872,0.28694761904761906,0.9337157094045899,0.1802,990900,0,1283100,1946000,0,0,0,300500,2318800,0,1133100,0,456400,0,402900,977300,0,Gopay,P,38.0,4737445,0.787,C,Kelas C (Menengah),Surabaya,Kota Besar,3100000,0.10101947191354878,0.0,0.13080844122744417,0.19838923437659292,0.0,0.0,0.0,0.03063513100214089,0.23639514731369152,0.0,0.11551636252421246,0.0,0.0465286981343664,0.0,0.04107452339688042,0.09963299011112244,0.0,1,Emotional Spender,0
BUDU00387,293500,22576.923076923078,20600.0,65200,13,15503.5562504303,0.3076923076923077,0.15384615384615385,0.3076923076923077,0.15384615384615385,0.0,0.07692307692307693,4,11,9,0.0,0.28618461538461537,0.6866992547038974,0.1654,0,0,0,0,0,0,0,0,65200,0,0,0,17700,0,181700,28900,0,Tunai,L,22.0,869682,0.914,E,Kelas E (Miskin),Cirebon,Kota Kecil,320000,0.0,0.0,0.0,0.0,0.0,0.0,0.0,0.0,0.2221465076660988,0.0,0.0,0.0,0.06030664395229983,0.0,0.6190800681431005,0.09846678023850085,0.0,0,Rational Spender,2
BUDU00388,6514100,176056.75675675675,125000.0,540000,37,132291.4533657924,0.2702702702702703,0.13513513513513514,0.13513513513513514,0.2972972972972973,0.0,0.08108108108108109,7,28,12,0.0,0.3245972972972973,0.7514136679716797,0.1473,486800,0,1555600,0,0,0,0,418400,2146000,0,0,0,545400,0,561300,800600,0,Kartu Debit,P,34.0,5046554,0.63,C,Kelas C (Menengah),Blitar,Kota Kecil,150000,0.07473020064168497,0.0,0.23880505365284538,0.0,0.0,0.0,0.0,0.06422990129104558,0.32943921646889057,0.0,0.0,0.0,0.08372607113799296,0.0,0.08616693019757142,0.12290262660996915,0.0,0,Rational Spender,2
BUDU00389,8689500,142450.81967213115,118400.0,423500,61,91300.0577271647,0.3442622950819672,0.14754098360655737,0.19672131147540983,0.14754098360655737,0.0,0.08196721311475409,9,38,12,0.01639344262295082,0.061552459016393446,0.6409233582320095,0.177,2504300,0,984700,560000,0,0,0,1112400,972000,0,317400,0,232100,0,1117800,888800,0,Dana,P,36.0,5301436,0.702,C,Kelas C (Menengah),Palembang,Kota Besar,1700000,0.28819840036826055,0.0,0.11332067437712182,0.06444559525864549,0.0,0.0,0.0,0.12801657172449507,0.11185914034179181,0.0,0.03652684274123943,0.0,0.02671039760630646,0.0,0.12863801139306058,0.10228436618907877,0.0,1,Emotional Spender,0
BUDU00390,1814800,49048.64864864865,37400.0,156100,37,36068.18097268947,0.2972972972972973,0.21621621621621623,0.21621621621621623,0.21621621621621623,0.0,0.08108108108108109,6,27,12,0.0,0.14892432432432434,0.7353552435472286,0.1811,0,0,203600,0,0,0,256400,0,439500,0,0,0,217000,0,427400,270900,0,Tunai,P,24.0,1589914,0.769,D,Kelas D (Menengah Bawah),Desa Panyingkiran,Desa,3700,0.0,0.0,0.11218867092792595,0.0,0.0,0.0,0.1412827859819264,0.0,0.24217544633017413,0.0,0.0,0.0,0.1195724046726912,0.0,0.23550804496363237,0.14927264712365,0.0,0,Rational Spender,2
BUDU00391,2176700,53090.243902439026,53000.0,177200,41,38044.17698464542,0.2682926829268293,0.1951219512195122,0.12195121951219512,0.24390243902439024,0.0,0.0975609756097561,7,30,12,0.024390243902439025,0.31996341463414635,0.716594503776571,0.1671,0,0,259600,0,0,0,40400,0,771500,0,174400,0,101200,0,482900,346700,0,Gopay,P,22.0,1541765,0.857,D,Kelas D (Menengah Bawah),Jombang,Kota Kecil,190000,0.0,0.0,0.11926310469977489,0.0,0.0,0.0,0.018560205816143704,0.0,0.35443561354343733,0.0,0.08012128451325401,0.0,0.04649239674736987,0.0,0.22184958882712363,0.15927780585289658,0.0,0,Rational Spender,2
BUDU00392,7853600,167097.87234042553,138800.0,473000,47,110328.26609587624,0.2553191489361702,0.10638297872340426,0.2553191489361702,0.23404255319148937,0.0,0.0851063829787234,9,28,12,0.02127659574468085,0.10489787234042554,0.6602613459440491,0.134,2237400,0,712200,876600,0,0,0,296400,1643300,0,377100,0,69500,0,652400,988700,0,Kartu Debit,P,35.0,6861210,0.71,C,Kelas C (Menengah),Tegal,Kota Kecil,285000,0.2848884587959662,0.0,0.09068452684119385,0.11161760211877356,0.0,0.0,0.0,0.03774065396760721,0.2092416216766833,0.0,0.04801619639401039,0.0,0.008849444840582662,0.0,0.08307018437404502,0.12589131099113782,0.0,1,Emotional Spender,0
BUDU00393,7452200,165604.44444444444,123500.0,690400,45,147406.81949741484,0.37777777777777777,0.17777777777777778,0.15555555555555556,0.3333333333333333,0.0,0.06666666666666667,9,31,12,0.044444444444444446,0.20213555555555554,0.890113909635231,0.1956,1596300,0,387600,585700,0,0,0,259700,3207800,0,690400,0,50500,0,254700,419500,0,Gopay,P,39.0,6452036,0.716,C,Kelas C (Menengah),Pekalongan,Kota Kecil,310000,0.2142052011486541,0.0,0.052011486540887254,0.07859424062692896,0.0,0.0,0.0,0.034848769490888595,0.4304500684361665,0.0,0.09264378304393334,0.0,0.0067765223692332465,0.0,0.03417782668205362,0.056292101661254396,0.0,1,Emotional Spender,0
BUDU00394,56077100,596564.8936170213,412800.0,3300000,94,577410.6294404777,0.3191489361702128,0.20212765957446807,0.18085106382978725,0.1595744680851064,0.19148936170212766,0.11702127659574468,10,49,12,0.02127659574468085,0.15216276595744682,0.9678924046964786,0.2282,9813200,4962300,5835200,5318700,0,8539100,0,0,10558300,471800,0,0,0,6929000,0,1247100,2402400,Kartu Kredit,P,41.0,19297020,0.681,B,Kelas B (Menengah Atas),Yogyakarta,Kota Besar,420000,0.1749947839670739,0.0884906673133953,0.10405673617216298,0.09484620281719276,0.0,0.15227427951873404,0.0,0.0,0.18828184767043946,0.00841341652831548,0.0,0.0,0.0,0.12356202442708343,0.0,0.022239024485930976,0.042841017099671704,1,Emotional Spender,0
BUDU00395,6522400,148236.36363636365,112400.0,524900,44,118675.24004788375,0.22727272727272727,0.1590909090909091,0.09090909090909091,0.29545454545454547,0.0,0.06818181818181818,9,34,11,0.0,0.2893977272727273,0.8005811606321116,0.1375,992000,0,182100,508600,0,0,0,291600,1524600,0,818700,0,215100,0,1627500,362200,0,Ovo,P,37.0,4294121,0.779,C,Kelas C (Menengah),Palembang,Kota Besar,1700000,0.1520912547528517,0.0,0.027919170857353123,0.07797743162026248,0.0,0.0,0.0,0.04470746964307617,0.23374831350423156,0.0,0.12552128051024164,0.0,0.03297865816263952,0.0,0.24952471482889735,0.05553170612044646,0.0,1,Emotional Spender,0
BUDU00396,55538900,534027.8846153846,362600.0,2112200,104,461831.511633008,0.3269230769230769,0.15384615384615385,0.17307692307692307,0.22115384615384615,0.25,0.09615384615384616,10,54,12,0.019230769230769232,0.14221634615384615,0.8648078591731712,0.225,5882000,5628300,6696600,6114500,0,4941300,0,0,15639800,3962500,0,0,0,3924400,0,700900,2048600,Kartu Kredit,P,24.0,12226353,0.453,B,Kelas B (Menengah Atas),Depok,Metropolitan,2200000,0.1059077511437929,0.10133978166654363,0.12057494836952118,0.11009400618305368,0.0,0.08897007322795374,0.0,0.0,0.2816008239270133,0.07134638964761636,0.0,0.0,0.0,0.07066038398311814,0.0,0.01261998347104462,0.036885858380342425,1,Emotional Spender,0
BUDU00397,2469500,64986.84210526316,56750.0,262500,38,49459.227931661204,0.2894736842105263,0.05263157894736842,0.15789473684210525,0.18421052631578946,0.0,0.02631578947368421,8,24,11,0.0,0.2688394736842105,0.7610652607423064,0.1211,0,0,251300,47000,0,0,227100,0,703400,0,307800,0,60600,0,489200,383100,0,Gopay,L,46.0,2735409,0.815,D,Kelas D (Menengah Bawah),Makassar,Kota Besar,1500000,0.0,0.0,0.10176149018019842,0.019032192751569144,0.0,0.0,0.09196193561449686,0.0,0.2848349868394412,0.0,0.12464061550921239,0.0,0.024539380441384897,0.0,0.19809678072484307,0.15513261793885402,0.0,0,Rational Spender,2
BUDU00398,334129800,3010178.378378378,2112400.0,16989800,111,2947507.0549504715,0.25225225225225223,0.16216216216216217,0.1891891891891892,0.16216216216216217,0.8918918918918919,0.0990990990990991,10,56,12,0.036036036036036036,0.12266216216216216,0.9791801961378552,0.3302,13876700,33605000,21709400,8668100,26623200,20255200,0,0,0,10248000,0,22234900,0,92533600,0,0,84375700,Kartu Kredit,L,41.0,37942013,0.512,A,Kelas A (Kaya),Tangerang Selatan,Metropolitan,1700000,0.04153086614842495,0.10057468684325672,0.06497295362460936,0.025942313436275365,0.07967921448490976,0.06062075277332342,0.0,0.0,0.0,0.030670715392640824,0.0,0.06654569571465939,0.0,0.2769390817580473,0.0,0.0,0.2525237198238529,2,Impulsive Spender,1
BUDU00399,58123500,624983.8709677419,466700.0,3734600,93,627215.9969278878,0.25806451612903225,0.25806451612903225,0.1935483870967742,0.23655913978494625,0.24731182795698925,0.07526881720430108,10,44,12,0.021505376344086023,0.3228827956989247,1.0035714937038127,0.2285,5020000,4827300,8489900,5298600,0,4868200,0,0,11620800,1715500,0,0,0,14169500,0,1474100,639600,Kartu Debit,L,35.0,18174233,0.617,B,Kelas B (Menengah Atas),Depok,Metropolitan,2200000,0.08636782024482352,0.08305246587008697,0.14606656515867075,0.09116106222096054,0.0,0.08375613994339638,0.0,0.0,0.1999329014942321,0.0295147401653376,0.0,0.0,0.0,0.24378263525080218,0.0,0.025361514705755848,0.011004154945934088,1,Emotional Spender,0
BUDU00400,12892600,211354.09836065574,141300.0,645300,61,176210.75598438978,0.22950819672131148,0.21311475409836064,0.19672131147540983,0.26229508196721313,0.0,0.13114754098360656,9,38,12,0.0,0.1501360655737705,0.8337229197406091,0.1639,4950600,0,1064900,1911200,0,0,0,661700,2368000,0,517100,0,248400,0,870300,300400,0,Gopay,P,41.0,4999835,0.769,C,Kelas C (Menengah),Makassar,Kota Besar,1500000,0.3839877138823821,0.0,0.08259776926298808,0.14824007570234088,0.0,0.0,0.0,0.051324015326621474,0.18367125327707368,0.0,0.040108279167894764,0.0,0.019266866264368708,0.0,0.06750383941175558,0.023300187704574718,0.0,1,Emotional Spender,0
BUDU00401,6639900,195291.17647058822,150550.0,685000,34,146783.6015274249,0.2647058823529412,0.3235294117647059,0.17647058823529413,0.17647058823529413,0.0,0.08823529411764706,8,23,11,0.029411764705882353,0.30718529411764706,0.7516140983949227,0.2029,2249600,0,421600,129900,0,0,0,500300,2285300,0,0,0,156800,0,326900,569500,0,Gopay,P,23.0,3502199,0.719,C,Kelas C (Menengah),Depok,Metropolitan,2200000,0.3388002831367942,0.0,0.06349493215259266,0.019563547643789817,0.0,0.0,0.0,0.07534752029398033,0.34417687013358633,0.0,0.0,0.0,0.02361481347610657,0.0,0.04923266916670432,0.08576936399644573,0.0,1,Emotional Spender,0
BUDU00402,10668900,156895.58823529413,146900.0,572700,68,110645.44885977083,0.35294117647058826,0.19117647058823528,0.08823529411764706,0.20588235294117646,0.0,0.07352941176470588,8,41,12,0.0,0.3443323529411765,0.7052170816545675,0.1919,2605000,0,1742000,1032700,0,0,0,0,2859700,0,229200,0,690800,0,692900,816600,0,Gopay,P,32.0,3934963,0.66,C,Kelas C (Menengah),Medan,Kota Besar,2400000,0.24416762740301248,0.0,0.16327831360308936,0.09679535847181996,0.0,0.0,0.0,0.0,0.2680407539671381,0.0,0.02148300199645699,0.0,0.06474894319001959,0.0,0.06494577697794525,0.07654022439051823,0.0,1,Emotional Spender,0
BUDU00403,1806000,60200.0,45800.0,250000,30,56146.60612459443,0.2,0.16666666666666666,0.13333333333333333,0.16666666666666666,0.0,0.06666666666666667,6,20,12,0.0,0.3432133333333333,0.9326678758238277,0.13,0,0,410400,0,0,0,129600,0,473400,0,0,0,90100,0,490300,212200,0,Tunai,L,46.0,2714886,0.904,D,Kelas D (Menengah Bawah),Pekalongan,Kota Kecil,310000,0.0,0.0,0.22724252491694352,0.0,0.0,0.0,0.07176079734219269,0.0,0.2621262458471761,0.0,0.0,0.0,0.04988925802879291,0.0,0.27148394241417495,0.11749723145071982,0.0,0,Rational Spender,2
BUDU00404,2012800,54400.0,33700.0,229900,37,53376.73754652967,0.35135135135135137,0.16216216216216217,0.13513513513513514,0.2972972972972973,0.0,0.08108108108108109,7,30,12,0.02702702702702703,0.10908108108108107,0.9811900284288543,0.1838,0,0,497700,0,0,0,124100,0,444700,0,360500,0,113300,0,338900,133600,0,Gopay,P,29.0,2867008,0.802,D,Kelas D (Menengah Bawah),Desa Sukamaju,Desa,5000,0.0,0.0,0.2472674880763116,0.0,0.0,0.0,0.06165540540540541,0.0,0.2209360095389507,0.0,0.1791037360890302,0.0,0.05628974562798092,0.0,0.16837241653418125,0.0663751987281399,0.0,0,Rational Spender,2
BUDU00405,8147800,189483.72093023255,131200.0,695300,43,167347.80851387465,0.20930232558139536,0.13953488372093023,0.13953488372093023,0.23255813953488372,0.0,0.046511627906976744,9,34,11,0.0,0.13045813953488372,0.8831777616162167,0.1221,1765000,0,916700,535900,0,0,0,523000,2638600,0,811700,0,126000,0,813000,17900,0,Gopay,L,26.0,4480098,0.813,C,Kelas C (Menengah),Makassar,Kota Besar,1500000,0.21662289206902477,0.0,0.11250889810746459,0.06577235572792656,0.0,0.0,0.0,0.06418910626181301,0.3238420187044356,0.0,0.09962198384840079,0.0,0.015464297110876556,0.0,0.09978153612017968,0.0021969120498784946,0.0,1,Emotional Spender,0
BUDU00406,66757900,654489.2156862745,395700.0,3150000,102,634905.992871021,0.30392156862745096,0.17647058823529413,0.11764705882352941,0.2549019607843137,0.3137254901960784,0.08823529411764706,10,52,12,0.00980392156862745,0.05920196078431372,0.9700786165059738,0.2353,8591500,9328900,2724600,5961100,0,5191900,0,0,15044300,1821200,0,0,0,5364500,0,2037800,10692100,Kartu Kredit,L,26.0,7794360,0.55,B,Kelas B (Menengah Atas),Depok,Metropolitan,2200000,0.1286963790053312,0.13974226271347662,0.04081314720804579,0.08929430074942442,0.0,0.07777206892367795,0.0,0.0,0.2253561001769079,0.027280666408020623,0.0,0.0,0.0,0.08035753071921076,0.0,0.03052522622790711,0.16016231786799764,1,Emotional Spender,0
BUDU00407,9952600,216360.86956521738,158450.0,875000,46,175339.72672533727,0.391304347826087,0.13043478260869565,0.13043478260869565,0.30434782608695654,0.043478260869565216,0.08695652173913043,9,33,12,0.0,0.2592043478260869,0.8104040581722881,0.1978,1656500,0,450700,2355500,0,0,0,778100,2400900,0,808000,0,146100,0,875000,481800,0,Ovo,P,34.0,5465712,0.807,C,Kelas C (Menengah),Surabaya,Kota Besar,3100000,0.16643892048308984,0.0,0.045284649237385205,0.23667182444788296,0.0,0.0,0.0,0.07818057592990776,0.2412334465365834,0.0,0.08118481602797259,0.0,0.014679581214958905,0.0,0.08791672527781685,0.048409460844402466,0.0,1,Emotional Spender,0
BUDU00408,117300,11730.0,11900.0,21800,10,5246.173208476187,0.3,0.3,0.0,0.3,0.0,0.0,4,8,8,0.0,0.25873,0.44724409279421884,0.195,0,0,0,0,0,0,38500,0,0,0,10300,0,12100,0,56400,0,0,Tunai,L,27.0,1167680,0.901,E,Kelas E (Miskin),Desa Sejahtera,Desa,4100,0.0,0.0,0.0,0.0,0.0,0.0,0.32821824381926684,0.0,0.0,0.0,0.08780903665814152,0.0,0.10315430520034101,0.0,0.48081841432225064,0.0,0.0,0,Rational Spender,2
BUDU00409,472200,21463.636363636364,14250.0,130000,22,27090.651092644057,0.13636363636363635,0.13636363636363635,0.22727272727272727,0.2727272727272727,0.0,0.09090909090909091,4,14,9,0.0,0.28549545454545455,1.2621650233760466,0.1023,0,0,0,0,0,0,0,0,160100,0,0,0,72300,0,162400,77400,0,Tunai,P,38.0,1216660,0.888,E,Kelas E (Miskin),Medan,Kota Besar,2400000,0.0,0.0,0.0,0.0,0.0,0.0,0.0,0.0,0.3390512494705633,0.0,0.0,0.0,0.1531130876747141,0.0,0.3439220669207963,0.1639135959339263,0.0,0,Rational Spender,2
BUDU00410,120800,12080.0,8050.0,35600,10,9599.629622484865,0.3,0.2,0.3,0.1,0.0,0.1,3,8,6,0.0,0.2973,0.7946713263646411,0.18,0,0,0,0,0,0,0,0,35600,0,0,0,39400,0,45800,0,0,Tunai,P,32.0,1007428,0.86,E,Kelas E (Miskin),Desa Sejahtera,Desa,4100,0.0,0.0,0.0,0.0,0.0,0.0,0.0,0.0,0.2947019867549669,0.0,0.0,0.0,0.326158940397351,0.0,0.3791390728476821,0.0,0.0,0,Rational Spender,2
BUDU00411,39556900,590401.4925373135,420000.0,2559900,67,467649.41689149005,0.13432835820895522,0.1791044776119403,0.19402985074626866,0.26865671641791045,0.2835820895522388,0.05970149253731343,10,43,12,0.0,0.24605970149253734,0.7920871183467317,0.1664,5868300,5757100,3830100,5456100,0,1929000,0,0,9283700,536400,0,0,0,4592400,0,914800,1389000,Kartu Kredit,P,24.0,13198905,0.499,B,Kelas B (Menengah Atas),Tangerang Selatan,Metropolitan,1700000,0.14835085661414318,0.145539716206275,0.09682507982172515,0.13793042427490526,0.0,0.048765196463828056,0.0,0.0,0.23469230399753266,0.013560213262414396,0.0,0.0,0.0,0.11609605403861273,0.0,0.023126180261850652,0.035113975058712894,1,Emotional Spender,0
BUDU00412,430000,18695.652173913044,13800.0,45400,23,13951.88088528404,0.17391304347826086,0.17391304347826086,0.17391304347826086,0.30434782608695654,0.0,0.0,5,15,12,0.0,0.21784347826086956,0.7462633961896113,0.113,0,0,0,0,0,0,0,0,89800,0,64800,0,34200,0,171200,70000,0,Tunai,P,24.0,1305446,0.979,E,Kelas E (Miskin),Desa Panyingkiran,Desa,3700,0.0,0.0,0.0,0.0,0.0,0.0,0.0,0.0,0.20883720930232558,0.0,0.15069767441860465,0.0,0.07953488372093023,0.0,0.39813953488372095,0.16279069767441862,0.0,0,Rational Spender,2
BUDU00413,11752100,167887.14285714287,125100.0,829500,70,141720.60789406512,0.38571428571428573,0.2571428571428571,0.2,0.22857142857142856,0.014285714285714285,0.07142857142857142,9,39,12,0.014285714285714285,0.059207142857142854,0.8441421152461737,0.2257,2336100,0,1943100,1577900,0,0,0,785800,2984200,0,78800,0,158600,0,1333200,554400,0,Gopay,L,43.0,3088264,0.725,C,Kelas C (Menengah),Bogor,Metropolitan,1100000,0.19878149437121875,0.0,0.16534066251989007,0.1342653653389607,0.0,0.0,0.0,0.06686464546761856,0.25392908501459316,0.0,0.006705184605304584,0.0,0.013495460385803388,0.0,0.11344355476893492,0.04717454752767591,0.0,1,Emotional Spender,0
BUDU00414,8667200,160503.7037037037,131600.0,742400,54,124369.87890352143,0.35185185185185186,0.2222222222222222,0.1111111111111111,0.3148148148148148,0.018518518518518517,0.018518518518518517,8,33,12,0.0,0.2930351851851852,0.774872330255464,0.1963,1880600,0,1549800,890300,0,0,0,0,2364900,0,118400,0,675000,0,766900,421300,0,Gopay,P,21.0,3757134,0.611,C,Kelas C (Menengah),Palembang,Kota Besar,1700000,0.2169789551412221,0.0,0.17881207310319364,0.10272060180911943,0.0,0.0,0.0,0.0,0.2728562857670297,0.0,0.01366069780321211,0.0,0.07787982278013661,0.0,0.08848301642975817,0.048608547166328224,0.0,1,Emotional Spender,0
BUDU00415,11066000,197607.14285714287,171550.0,592000,56,137875.41920436439,0.2857142857142857,0.07142857142857142,0.2857142857142857,0.23214285714285715,0.0,0.10714285714285714,9,35,12,0.017857142857142856,0.3471892857142857,0.6977248757856863,0.1375,2471500,0,1468100,1245500,0,0,0,76200,3679500,0,823500,0,64100,0,665400,572200,0,Kartu Debit,L,31.0,3272436,0.603,C,Kelas C (Menengah),Pekalongan,Kota Kecil,310000,0.22334176757636,0.0,0.13266763058015543,0.1125519609615037,0.0,0.0,0.0,0.0068859569853605635,0.33250497017892644,0.0,0.07441713356226279,0.0,0.0057925176215434665,0.0,0.06013012832098319,0.05170793421290439,0.0,1,Emotional Spender,0
BUDU00416,364183000,3194587.7192982454,2336500.0,17530000,114,2809430.8310964177,0.3157894736842105,0.17543859649122806,0.21052631578947367,0.17543859649122806,0.8947368421052632,0.09649122807017543,10,59,12,0.008771929824561403,0.2755745614035088,0.8794345555530918,0.3566,11766900,38651100,26102300,12894500,31832800,23132900,0,0,0,13045600,0,36473300,0,87691500,0,0,82592100,Kartu Kredit,P,25.0,82183612,0.479,A,Kelas A (Kaya),Tangerang Selatan,Metropolitan,1700000,0.03231040438460884,0.10613098359890495,0.07167358168832702,0.035406649953457464,0.0874088027173152,0.06351998857717137,0.0,0.0,0.0,0.03582155125307881,0.0,0.10015102297471326,0.0,0.24078965794669163,0.0,0.0,0.22678735690573146,2,Impulsive Spender,1
BUDU00417,45208300,695512.3076923077,417500.0,3750000,65,658407.4929108522,0.38461538461538464,0.2153846153846154,0.13846153846153847,0.27692307692307694,0.3230769230769231,0.12307692307692308,10,46,12,0.015384615384615385,0.06655846153846154,0.9466511025454483,0.2823,5123300,6046300,5187500,3895500,0,3268800,0,0,7090900,165300,0,0,0,6341100,0,1858400,6231200,Kartu Kredit,P,34.0,9123767,0.546,B,Kelas B (Menengah Atas),Semarang,Kota Besar,1800000,0.11332653517163883,0.1337431400871079,0.11474662838461079,0.08616780546934966,0.0,0.07230530676888978,0.0,0.0,0.15684951657107213,0.003656408225923116,0.0,0.0,0.0,0.14026406655415047,0.0,0.0411074957474623,0.13783309701979504,1,Emotional Spender,0
BUDU00418,6759700,153629.54545454544,115150.0,608000,44,129799.07832751476,0.3181818181818182,0.13636363636363635,0.1590909090909091,0.20454545454545456,0.0,0.11363636363636363,7,29,11,0.0,0.3053681818181818,0.8448835667870837,0.1693,938100,0,0,468100,0,0,0,425600,2699000,0,0,0,686600,0,1223100,319200,0,Ovo,L,40.0,3581306,0.714,C,Kelas C (Menengah),Makassar,Kota Besar,1500000,0.1387783481515452,0.0,0.0,0.06924863529446573,0.0,0.0,0.0,0.0629613740254745,0.3992780744707605,0.0,0.0,0.0,0.10157255499504415,0.0,0.180939982543604,0.04722103051910588,0.0,1,Emotional Spender,0
BUDU00419,59482200,675934.0909090909,440000.0,3300000,88,657112.3658501543,0.3181818181818182,0.23863636363636365,0.125,0.2840909090909091,0.32954545454545453,0.09090909090909091,10,48,12,0.011363636363636364,0.22615,0.9721544965521379,0.2625,4729600,14621700,4239800,3967100,0,3611800,0,0,10452400,3093600,0,0,0,5178400,0,3813400,5774400,Kartu Kredit,P,23.0,8274099,0.563,B,Kelas B (Menengah Atas),Bandung,Kota Besar,2500000,0.0795128626715219,0.2458163954931055,0.07127846649922162,0.0666939017050479,0.0,0.06072068618847319,0.0,0.0,0.17572315751603002,0.05200883625689702,0.0,0.0,0.0,0.08705797700824784,0.0,0.06410993540924848,0.09707778125220655,1,Emotional Spender,0
BUDU00420,406223400,2708156.0,2018600.0,18536700,150,2804898.9838246224,0.25333333333333335,0.16666666666666666,0.15333333333333332,0.18666666666666668,0.8466666666666667,0.09333333333333334,10,63,12,0.013333333333333334,0.146398,1.0357228253559332,0.322,10420400,54815800,33668300,27472400,17897000,26790400,0,0,0,22377800,0,45894300,0,95019100,0,0,71867900,Kartu Kredit,P,30.0,36502773,0.547,A,Kelas A (Kaya),Tangerang Selatan,Metropolitan,1700000,0.02565189499177054,0.1349400354583217,0.082881242193335,0.06762879735633151,0.044057038565479,0.06594991819772077,0.0,0.0,0.0,0.055087422339530415,0.0,0.11297798206602575,0.0,0.23390848483863805,0.0,0.0,0.17691718399284728,2,Impulsive Spender,1
BUDU00421,9375600,148819.04761904763,125000.0,580100,63,103347.47192804015,0.3333333333333333,0.20634920634920634,0.12698412698412698,0.2222222222222222,0.0,0.06349206349206349,9,36,12,0.031746031746031744,0.26118571428571424,0.6944505665201725,0.1881,1656200,0,612800,389000,0,0,0,676400,3515000,0,143400,0,468100,0,1004800,909900,0,Gopay,L,32.0,3307032,0.769,C,Kelas C (Menengah),Jombang,Kota Kecil,190000,0.17665002773155852,0.0,0.06536115021971928,0.04149067792994582,0.0,0.0,0.0,0.07214471607150476,0.3749093391356286,0.0,0.015295021118648406,0.0,0.049927471308502926,0.0,0.10717180767097573,0.09704978881351593,0.0,1,Emotional Spender,0
BUDU00422,10052200,159558.73015873015,125000.0,550800,63,115075.33526111608,0.4444444444444444,0.1746031746031746,0.14285714285714285,0.19047619047619047,0.0,0.06349206349206349,8,40,12,0.015873015873015872,0.16995714285714286,0.7212098964853777,0.2175,2647100,0,651900,911800,0,0,0,1561000,1968000,0,0,0,153000,0,711900,1447500,0,Gopay,L,22.0,3393696,0.686,C,Kelas C (Menengah),Tangerang Selatan,Metropolitan,1700000,0.2633353892680209,0.0,0.06485147529893953,0.09070651200732179,0.0,0.0,0.0,0.15528938938739778,0.19577803863830803,0.0,0.0,0.0,0.015220548735600168,0.0,0.07082031794035136,0.1439983287240604,0.0,1,Emotional Spender,0
BUDU00423,1010800,50540.0,43150.0,107200,20,30508.03863005014,0.2,0.1,0.1,0.2,0.0,0.05,6,19,10,0.05,0.16747,0.6036414449950562,0.1075,0,0,0,169000,0,0,106000,0,309400,0,0,0,161200,0,158800,106400,0,Tunai,L,24.0,2381545,0.809,D,Kelas D (Menengah Bawah),Desa Cikaret,Desa,2800,0.0,0.0,0.0,0.167194301543332,0.0,0.0,0.10486743173723784,0.0,0.3060941828254848,0.0,0.0,0.0,0.1594776414721013,0.0,0.15710328452710723,0.10526315789473684,0.0,0,Rational Spender,2
BUDU00424,56775400,727889.7435897436,450150.0,2850000,78,728807.8599854399,0.32051282051282054,0.21794871794871795,0.08974358974358974,0.16666666666666666,0.3076923076923077,0.14102564102564102,10,47,12,0.01282051282051282,0.30951153846153845,1.0012613399265229,0.2603,5978700,9710600,2511700,4290200,0,5805700,0,0,9272200,1665500,0,0,0,11920100,0,1904600,3716100,Kartu Kredit,L,48.0,16493163,0.495,B,Kelas B (Menengah Atas),Jakarta,Metropolitan,10500000,0.10530441000856004,0.17103534277169338,0.04423923037090007,0.07556441698341183,0.0,0.10225731566840568,0.0,0.0,0.16331368867502474,0.029334887997266423,0.0,0.0,0.0,0.20995184534146832,0.0,0.0335462189610289,0.06545264322224062,1,Emotional Spender,0
BUDU00425,1217700,64089.47368421053,50700.0,159200,19,47908.963377742,0.2631578947368421,0.2631578947368421,0.3157894736842105,0.2631578947368421,0.0,0.05263157894736842,7,18,10,0.0,0.13916842105263158,0.7475324826945045,0.1789,0,0,0,33500,0,0,128200,0,277900,0,50700,0,109900,0,378800,238700,0,Tunai,P,41.0,2058180,0.868,D,Kelas D (Menengah Bawah),Magelang,Kota Kecil,130000,0.0,0.0,0.0,0.027510881169417755,0.0,0.0,0.10528044674386138,0.0,0.22821713065615504,0.0,0.04163587090416359,0.0,0.09025211464235855,0.0,0.31107826229777447,0.1960252935862692,0.0,0,Rational Spender,2
BUDU00426,7993200,150815.09433962265,119700.0,433100,53,111679.72303426509,0.1509433962264151,0.18867924528301888,0.16981132075471697,0.18867924528301888,0.0,0.09433962264150944,9,35,11,0.03773584905660377,0.31788867924528297,0.7405075965590814,0.1236,1893000,0,842200,835900,0,0,0,260200,3212600,0,49200,0,234900,0,507300,157900,0,Ovo,L,34.0,5274209,0.635,C,Kelas C (Menengah),Purwokerto,Kota Kecil,290000,0.23682630235700344,0.0,0.1053645598758945,0.10457638993144172,0.0,0.0,0.0,0.03255266976930391,0.40191662913476456,0.0,0.0061552319471550815,0.0,0.029387479357453835,0.0,0.06346644647950758,0.019754291147475355,0.0,1,Emotional Spender,0
BUDU00427,9131900,190247.91666666666,152050.0,671400,48,145450.3614816472,0.2708333333333333,0.125,0.125,0.3541666666666667,0.0,0.10416666666666667,9,33,12,0.0,0.26376666666666665,0.7645306399674839,0.1479,1624500,0,1505500,1309900,0,0,0,665300,2418100,0,375700,0,14400,0,865300,353200,0,Kartu Debit,L,29.0,4417508,0.679,C,Kelas C (Menengah),Denpasar,Kota Besar,900000,0.17789288099957293,0.0,0.16486163887033367,0.143442219034374,0.0,0.0,0.0,0.07285449906372168,0.26479703019086936,0.0,0.04114149300802681,0.0,0.0015768898038743305,0.0,0.09475574633975405,0.038677602689473164,0.0,1,Emotional Spender,0
BUDU00428,2063800,52917.94871794872,39200.0,258300,39,51611.87578452561,0.20512820512820512,0.23076923076923078,0.1282051282051282,0.1794871794871795,0.0,0.05128205128205128,6,22,12,0.0,0.22453589743589744,0.9753189047371348,0.1487,0,0,436900,0,0,0,66200,0,902700,0,0,0,124500,0,271600,261900,0,Tunai,L,24.0,1972515,0.81,D,Kelas D (Menengah Bawah),Blitar,Kota Kecil,150000,0.0,0.0,0.2116968698517298,0.0,0.0,0.0,0.0320767516232193,0.0,0.43739703459637563,0.0,0.0,0.0,0.060325612946990986,0.0,0.13160189940885744,0.12690183157282683,0.0,0,Rational Spender,2
BUDU00429,351600,25114.285714285714,26100.0,50700,14,14790.998153391352,0.21428571428571427,0.07142857142857142,0.21428571428571427,0.07142857142857142,0.0,0.0,5,11,10,0.0,0.30127857142857145,0.5889475942761062,0.0964,0,0,0,0,0,0,29100,0,124700,0,0,0,22600,0,86200,89000,0,Gopay,P,45.0,1088682,0.884,E,Kelas E (Miskin),Desa Rawa Indah,Desa,6500,0.0,0.0,0.0,0.0,0.0,0.0,0.08276450511945392,0.0,0.35466439135381117,0.0,0.0,0.0,0.06427758816837315,0.0,0.24516496018202502,0.25312855517633676,0.0,0,Rational Spender,2
BUDU00430,204700,18609.090909090908,11300.0,37800,11,12167.535045805666,0.09090909090909091,0.2727272727272727,0.09090909090909091,0.18181818181818182,0.0,0.09090909090909091,5,10,7,0.0,0.19176363636363636,0.6538489765699186,0.1273,0,0,0,0,0,0,67100,0,45200,0,0,0,21700,0,47300,23400,0,Tunai,P,29.0,1090859,0.926,E,Kelas E (Miskin),Makassar,Kota Besar,1500000,0.0,0.0,0.0,0.0,0.0,0.0,0.3277967757694187,0.0,0.22081094284318514,0.0,0.0,0.0,0.10600879335613092,0.0,0.23106985832926233,0.11431362970200293,0.0,0,Rational Spender,2
BUDU00431,936200,44580.95238095238,38700.0,147700,21,34101.10876566361,0.2857142857142857,0.09523809523809523,0.3333333333333333,0.23809523809523808,0.0,0.14285714285714285,7,19,11,0.0,0.3054523809523809,0.764925533090083,0.15,0,0,83000,0,0,0,123500,0,326500,0,194900,0,88500,0,16900,102900,0,Tunai,L,38.0,2325797,0.754,D,Kelas D (Menengah Bawah),Purwokerto,Kota Kecil,290000,0.0,0.0,0.08865627002777185,0.0,0.0,0.0,0.13191625720999786,0.0,0.34875026703695794,0.0,0.20818201239051484,0.0,0.09453108310190131,0.0,0.01805169835505234,0.10991241187780389,0.0,0,Rational Spender,2
BUDU00432,427000,21350.0,17750.0,65600,20,15130.085052114233,0.2,0.2,0.05,0.2,0.0,0.0,4,11,11,0.0,0.129755,0.7086690890920015,0.13,0,0,0,0,0,0,0,0,42000,0,0,0,7700,0,199000,178300,0,Tunai,P,41.0,1365876,0.874,E,Kelas E (Miskin),Pekalongan,Kota Kecil,310000,0.0,0.0,0.0,0.0,0.0,0.0,0.0,0.0,0.09836065573770492,0.0,0.0,0.0,0.018032786885245903,0.0,0.46604215456674475,0.41756440281030444,0.0,0,Rational Spender,2
BUDU00433,1528600,47768.75,32100.0,194100,32,38697.540452808804,0.3125,0.15625,0.125,0.25,0.0,0.0625,6,23,12,0.0,0.28280937500000003,0.8101015926271632,0.1656,0,0,78500,0,0,0,0,0,467900,0,184400,0,132900,0,294900,370000,0,Tunai,P,31.0,2391074,0.765,D,Kelas D (Menengah Bawah),Pekalongan,Kota Kecil,310000,0.0,0.0,0.051354180295695405,0.0,0.0,0.0,0.0,0.0,0.30609708229752713,0.0,0.12063325919141699,0.0,0.08694230014392254,0.0,0.19292162763312834,0.24205155043830956,0.0,0,Rational Spender,2
BUDU00434,38014400,703970.3703703703,568000.0,2850000,54,611540.3880982285,0.2222222222222222,0.1111111111111111,0.24074074074074073,0.2037037037037037,0.3333333333333333,0.1111111111111111,10,35,12,0.05555555555555555,0.15547777777777777,0.8687018855303343,0.1944,8360500,4810100,3073200,2242100,0,4959900,0,0,6480100,673900,0,0,0,4025200,0,195300,3194100,Kartu Kredit,P,22.0,11684881,0.65,B,Kelas B (Menengah Atas),Tangerang,Metropolitan,2100000,0.2199298160696999,0.1265336293615051,0.08084304894987163,0.058980281156614335,0.0,0.13047424134012375,0.0,0.0,0.17046435035144578,0.01772749273959342,0.0,0.0,0.0,0.105886190496233,0.0,0.005137526831937371,0.08402342270297572,1,Emotional Spender,0
BUDU00435,1165600,58280.0,56550.0,147000,20,36288.89347270986,0.25,0.25,0.15,0.4,0.0,0.1,7,17,11,0.0,0.34134,0.6226646100327704,0.1775,0,0,98700,0,0,0,193600,0,512000,0,78300,0,17700,0,148000,117300,0,Gopay,L,39.0,2711576,0.872,D,Kelas D (Menengah Bawah),Makassar,Kota Besar,1500000,0.0,0.0,0.0846774193548387,0.0,0.0,0.0,0.16609471516815374,0.0,0.43925875085792726,0.0,0.06717570350034317,0.0,0.015185312285518188,0.0,0.1269732326698696,0.10063486616334935,0.0,0,Rational Spender,2
BUDU00436,592100,31163.157894736843,22500.0,121200,19,28627.78779294915,0.2631578947368421,0.0,0.15789473684210525,0.2631578947368421,0.0,0.15789473684210525,5,15,10,0.0,0.28157894736842104,0.9186420673299001,0.1158,0,0,0,0,0,0,51500,0,219600,0,0,0,26300,0,192100,102600,0,Tunai,P,23.0,800650,0.938,E,Kelas E (Miskin),Surabaya,Kota Besar,3100000,0.0,0.0,0.0,0.0,0.0,0.0,0.08697855092045263,0.0,0.3708832967404155,0.0,0.0,0.0,0.04441817260597872,0.0,0.32443843945279516,0.17328154028035805,0.0,0,Rational Spender,2
BUDU00437,29937900,575728.8461538461,490250.0,2341800,52,440509.1480817856,0.17307692307692307,0.19230769230769232,0.1346153846153846,0.25,0.23076923076923078,0.038461538461538464,8,36,12,0.0,0.2844865384615385,0.7651330153502033,0.1702,1958800,3104500,2876700,4801700,0,4876300,0,0,5082000,0,0,0,0,4054600,0,3183300,0,Kartu Debit,L,41.0,19112073,0.645,B,Kelas B (Menengah Atas),Bogor,Metropolitan,1100000,0.06542877088907371,0.10369798816884283,0.09608890403134489,0.16038867121608397,0.0,0.16288049595997048,0.0,0.0,0.16975138536771117,0.0,0.0,0.0,0.0,0.13543368105311326,0.0,0.10633010331385968,0.0,1,Emotional Spender,0
BUDU00438,2049300,55386.48648648649,44800.0,179200,37,42798.15781447038,0.16216216216216217,0.13513513513513514,0.1891891891891892,0.24324324324324326,0.0,0.10810810810810811,6,28,12,0.0,0.0376,0.7727184107428898,0.1135,0,0,0,0,0,0,207000,0,628700,0,128400,0,421100,0,537700,126400,0,Tunai,L,19.0,1773687,0.836,D,Kelas D (Menengah Bawah),Surabaya,Kota Besar,3100000,0.0,0.0,0.0,0.0,0.0,0.0,0.10101010101010101,0.0,0.3067876835992778,0.0,0.06265554091641048,0.0,0.20548479968769823,0.0,0.2623822768750305,0.06167959791148197,0.0,0,Rational Spender,2
BUDU00439,339700,17878.947368421053,10300.0,84900,19,19842.395099252863,0.15789473684210525,0.3157894736842105,0.2631578947368421,0.10526315789473684,0.0,0.05263157894736842,5,14,8,0.0,0.04946315789473685,1.1098189781742842,0.1579,0,0,0,0,0,0,84900,0,71400,0,0,0,33900,0,103000,46500,0,Tunai,L,26.0,1083727,0.898,E,Kelas E (Miskin),Desa Panyingkiran,Desa,3700,0.0,0.0,0.0,0.0,0.0,0.0,0.24992640565204594,0.0,0.21018545775684427,0.0,0.0,0.0,0.09979393582572858,0.0,0.30320871357079776,0.13688548719458346,0.0,0,Rational Spender,2
BUDU00440,1453900,72695.0,69450.0,188700,20,45213.77846583821,0.35,0.15,0.25,0.4,0.0,0.05,6,16,8,0.0,0.245535,0.6219654510741895,0.175,0,0,37200,0,0,0,0,0,621000,0,152800,0,59300,0,436600,147000,0,Gopay,P,39.0,2462352,0.769,D,Kelas D (Menengah Bawah),Desa Sukamaju,Desa,5000,0.0,0.0,0.0255863539445629,0.0,0.0,0.0,0.0,0.0,0.4271270376229452,0.0,0.10509663663250568,0.0,0.040786849164316664,0.0,0.3002957562418323,0.10110736639383726,0.0,0,Rational Spender,2
BUDU00441,881400,44070.0,34050.0,162700,20,36972.0249861831,0.15,0.25,0.15,0.2,0.0,0.05,7,15,11,0.0,0.101525,0.8389386200631519,0.135,0,0,113500,0,0,0,135900,0,158100,0,68500,0,88400,0,245900,71100,0,Ovo,P,27.0,2788047,0.767,D,Kelas D (Menengah Bawah),Surabaya,Kota Besar,3100000,0.0,0.0,0.12877240753346947,0.0,0.0,0.0,0.15418652144315861,0.0,0.17937372362151124,0.0,0.0777172679827547,0.0,0.10029498525073746,0.0,0.2789879736782392,0.08066712049012933,0.0,0,Rational Spender,2
BUDU00442,15084600,212459.15492957746,149500.0,945000,71,196413.95177202718,0.29577464788732394,0.22535211267605634,0.15492957746478872,0.2535211267605634,0.04225352112676056,0.1267605633802817,8,42,11,0.0,0.21191408450704224,0.9244786454936776,0.1986,3133100,0,4641900,1226700,0,0,0,696500,2993400,0,0,0,373100,0,900800,1119100,0,Gopay,L,35.0,5042281,0.601,C,Kelas C (Menengah),Cirebon,Kota Kecil,320000,0.2077018946475213,0.0,0.30772443419116186,0.0813213475995386,0.0,0.0,0.0,0.04617291807538815,0.19844079392227834,0.0,0.0,0.0,0.024733834506715457,0.0,0.059716532092332575,0.07418824496506371,0.0,1,Emotional Spender,0
BUDU00443,322635100,3072715.238095238,2279700.0,12140500,105,2429934.85156341,0.20952380952380953,0.18095238095238095,0.21904761904761905,0.17142857142857143,0.9238095238095239,0.12380952380952381,10,55,12,0.009523809523809525,0.20475238095238094,0.7908102974975694,0.331,13439000,44494600,15539500,9264000,22414800,18452900,0,0,0,6164600,0,24446400,0,123752200,0,0,44667100,Kartu Kredit,L,58.0,133262711,0.462,A,Kelas A (Kaya),Tangerang Selatan,Metropolitan,1700000,0.04165386841047363,0.13790997941637473,0.048164319381245255,0.028713552865140837,0.06947415206838933,0.05719433502430455,0.0,0.0,0.0,0.01910703454149905,0.0,0.07577104908920325,0.0,0.3835670700429061,0.0,0.0,0.13844463916046332,2,Impulsive Spender,1
BUDU00444,319700,22835.714285714286,18150.0,44800,14,14105.842059933191,0.21428571428571427,0.07142857142857142,0.07142857142857142,0.14285714285714285,0.0,0.07142857142857142,5,12,8,0.0,0.3146357142857143,0.6177096929592264,0.1071,0,0,0,0,0,0,0,0,33300,0,51200,0,35500,0,108800,90900,0,Tunai,P,41.0,1015001,0.9,E,Kelas E (Miskin),Bandung,Kota Besar,2500000,0.0,0.0,0.0,0.0,0.0,0.0,0.0,0.0,0.10416015014075695,0.0,0.16015014075695966,0.0,0.11104160150140757,0.0,0.3403190491085393,0.2843290584923366,0.0,0,Rational Spender,2
BUDU00445,69223500,713644.3298969072,476300.0,3895200,97,670566.4629576675,0.35051546391752575,0.2268041237113402,0.20618556701030927,0.20618556701030927,0.3402061855670103,0.13402061855670103,10,51,12,0.0,0.22037938144329897,0.9396367838507697,0.2789,9789000,7594100,1637000,7615500,0,2893500,0,0,11260000,8280300,0,0,0,15244800,0,1621800,3287500,Kartu Kredit,P,33.0,14511763,0.657,B,Kelas B (Menengah Atas),Bandung,Kota Besar,2500000,0.14141151487572862,0.10970407448337631,0.023648038599608515,0.11001321805456239,0.0,0.04179938893583826,0.0,0.0,0.1626615239044544,0.11961689310710957,0.0,0.0,0.0,0.220225790374656,0.0,0.02342845998829877,0.04749109767636713,1,Emotional Spender,0
BUDU00446,467211800,2685125.2873563217,1644800.0,14341700,174,2614684.492255028,0.3045977011494253,0.16091954022988506,0.13218390804597702,0.22988505747126436,0.8448275862068966,0.1206896551724138,10,68,12,0.011494252873563218,0.25131034482758624,0.9737662911175935,0.342,27490400,72074800,36735700,26327000,32776400,19811600,0,0,0,10651800,0,38735700,0,100709400,0,0,101899000,Kartu Kredit,L,49.0,67187769,0.342,A,Kelas A (Kaya),Yogyakarta,Kota Besar,420000,0.05883926733014877,0.15426579551287017,0.07862750897986738,0.056349176112418395,0.07015319390477723,0.042403894764644214,0.0,0.0,0.0,0.022798653629895478,0.0,0.08290822278033218,0.0,0.21555405920826487,0.0,0.0,0.2181002277767813,2,Impulsive Spender,1
BUDU00447,344900,14995.652173913044,11000.0,60300,23,12764.847976905867,0.17391304347826086,0.2608695652173913,0.08695652173913043,0.2608695652173913,0.0,0.13043478260869565,5,19,10,0.0,0.19332608695652176,0.8512366003735429,0.1587,0,0,0,0,0,0,0,0,103900,0,5400,0,26600,0,116900,92100,0,Tunai,P,41.0,989391,0.901,E,Kelas E (Miskin),Desa Rawa Indah,Desa,6500,0.0,0.0,0.0,0.0,0.0,0.0,0.0,0.0,0.30124673818498116,0.0,0.015656712090461003,0.0,0.07712380400115976,0.0,0.3389388228472021,0.267033922876196,0.0,0,Rational Spender,2
BUDU00448,55704000,598967.7419354839,470800.0,2275900,93,471369.0954713704,0.3333333333333333,0.23655913978494625,0.26881720430107525,0.21505376344086022,0.27956989247311825,0.07526881720430108,10,51,12,0.0,0.2986559139784946,0.7869690844254891,0.2548,7417500,5723300,4750600,3335900,0,4703000,0,0,13415700,2244800,0,0,0,9373000,0,1650300,3089900,Kartu Kredit,L,29.0,13858327,0.576,B,Kelas B (Menengah Atas),Surabaya,Kota Besar,3100000,0.13315919862128392,0.10274486571879937,0.08528292402699986,0.059886184116041935,0.0,0.08442840729570587,0.0,0.0,0.24083907798362775,0.040298721815309496,0.0,0.0,0.0,0.16826439752980038,0.0,0.02962623869021973,0.05546998420221169,1,Emotional Spender,0
BUDU00449,7998000,173869.5652173913,131450.0,550000,46,122079.78969977012,0.30434782608695654,0.17391304347826086,0.15217391304347827,0.1956521739130435,0.0,0.10869565217391304,9,31,12,0.021739130434782608,0.14211521739130434,0.7021343243547669,0.175,1717000,0,407400,591800,0,0,0,127700,2624200,0,808700,0,95700,0,1045500,580000,0,Gopay,L,30.0,4805066,0.773,C,Kelas C (Menengah),Tangerang Selatan,Metropolitan,1700000,0.21467866966741686,0.0,0.050937734433608405,0.07399349837459365,0.0,0.0,0.0,0.015966491622905726,0.3281070267566892,0.0,0.10111277819454864,0.0,0.011965491372843211,0.0,0.13072018004501126,0.0725181295323831,0.0,1,Emotional Spender,0
BUDU00450,34838000,657320.7547169811,429400.0,3035400,53,638904.8088356087,0.2830188679245283,0.2830188679245283,0.1509433962264151,0.24528301886792453,0.2830188679245283,0.05660377358490566,10,39,12,0.018867924528301886,0.23460754716981133,0.9719833190277072,0.2491,2860700,1656000,2313500,5869300,0,2096700,0,0,8069200,99300,0,0,0,9636300,0,1022100,1214900,Kartu Debit,P,29.0,7598819,0.661,B,Kelas B (Menengah Atas),Bekasi,Metropolitan,2700000,0.08211435788506803,0.047534301624662725,0.06640737126126643,0.16847408002755612,0.0,0.06018428153166083,0.0,0.0,0.23162064412423217,0.0028503358401745222,0.0,0.0,0.0,0.27660313450829555,0.0,0.0293386531947873,0.034872840002296346,1,Emotional Spender,0
BUDU00451,61857800,651134.7368421053,421000.0,3314200,95,566822.9101228088,0.3684210526315789,0.2,0.15789473684210525,0.25263157894736843,0.3157894736842105,0.09473684210526316,10,46,12,0.021052631578947368,0.1424778947368421,0.8705155447116909,0.2663,6135400,2755600,7990700,3613200,0,7635700,0,0,13772700,2817400,0,0,0,13283100,0,1891800,1962200,Kartu Kredit,L,27.0,12443036,0.52,B,Kelas B (Menengah Atas),Bandung,Kota Besar,2500000,0.09918555137751424,0.044547332753508855,0.12917853528576834,0.05841138870118239,0.0,0.12343956623093612,0.0,0.0,0.22265098338447212,0.04554639835235007,0.0,0.0,0.0,0.21473605592180775,0.0,0.030583046923750926,0.0317211410687092,1,Emotional Spender,0
BUDU00452,2108900,68029.03225806452,53500.0,228900,31,50203.55361624239,0.25806451612903225,0.22580645161290322,0.1935483870967742,0.22580645161290322,0.0,0.12903225806451613,7,23,10,0.0,0.12269354838709677,0.7379724795407625,0.1774,0,0,286800,59900,0,0,0,0,873100,0,53500,0,89800,0,541100,204700,0,Gopay,L,41.0,1847761,0.814,D,Kelas D (Menengah Bawah),Semarang,Kota Besar,1800000,0.0,0.0,0.1359950685191332,0.02840343306937266,0.0,0.0,0.0,0.0,0.41400730238512967,0.0,0.02536867561287875,0.0,0.04258144056143013,0.0,0.25657925932950826,0.0970648205225473,0.0,0,Rational Spender,2
BUDU00453,8911500,185656.25,157450.0,875000,48,168421.88277775623,0.25,0.3125,0.0625,0.3125,0.020833333333333332,0.10416666666666667,9,34,12,0.020833333333333332,0.31283958333333334,0.9071705519084664,0.201,1417600,0,887900,880900,0,0,0,490500,3350600,0,502700,0,94100,0,975600,311600,0,Gopay,L,44.0,3930913,0.777,C,Kelas C (Menengah),Blitar,Kota Kecil,150000,0.1590753520731639,0.0,0.09963530269876003,0.09884980081916625,0.0,0.0,0.0,0.055041238848678675,0.3759860853952758,0.0,0.05641025641025641,0.0,0.010559389552825002,0.0,0.10947651910452785,0.03496605509734613,0.0,1,Emotional Spender,0
BUDU00454,12587300,185107.35294117648,119300.0,735000,68,154349.97383459206,0.35294117647058826,0.20588235294117646,0.07352941176470588,0.25,0.014705882352941176,0.11764705882352941,9,39,12,0.0,0.26742647058823527,0.8338403168870417,0.2059,2930900,0,1227500,2426800,0,0,0,763000,3294700,0,745600,0,10500,0,740900,447400,0,Gopay,P,41.0,6464142,0.706,C,Kelas C (Menengah),Cirebon,Kota Kecil,320000,0.23284580489858825,0.0,0.09751892780818762,0.19279750224432562,0.0,0.0,0.0,0.0606166532933989,0.2617479523011289,0.0,0.059234307595751275,0.0,0.0008341741278908106,0.0,0.05886091536707634,0.035543762363652254,0.0,1,Emotional Spender,0
BUDU00455,6083400,178923.5294117647,143200.0,665000,34,140251.6160093223,0.23529411764705882,0.08823529411764706,0.17647058823529413,0.38235294117647056,0.0,0.08823529411764706,9,23,11,0.0,0.0707029411764706,0.7838634553567015,0.1221,1476300,0,531700,226500,0,0,0,1611200,1669500,0,91900,0,36500,0,276500,163300,0,Gopay,L,44.0,6430122,0.672,C,Kelas C (Menengah),Tegal,Kota Kecil,285000,0.242676792583095,0.0,0.08740178189828057,0.03723246868527468,0.0,0.0,0.0,0.2648518920340599,0.2744353486537134,0.0,0.015106683762369727,0.0,0.00599993424729592,0.0,0.045451556695269096,0.026843541440641747,0.0,1,Emotional Spender,0
BUDU00456,1607000,55413.793103448275,35800.0,237500,29,52501.30422963613,0.1724137931034483,0.20689655172413793,0.20689655172413793,0.2413793103448276,0.0,0.06896551724137931,7,20,11,0.0,0.10769310344827586,0.9474410844178269,0.1328,0,0,111600,13300,0,0,196400,0,429900,0,0,0,247000,0,368300,240500,0,Tunai,P,20.0,2987833,0.782,D,Kelas D (Menengah Bawah),Bandung,Kota Besar,2500000,0.0,0.0,0.06944617299315495,0.008276291225886745,0.0,0.0,0.12221530802738022,0.0,0.267517112632234,0.0,0.0,0.0,0.1537025513378967,0.0,0.22918481642812694,0.14965774735532048,0.0,0,Rational Spender,2
BUDU00457,205100,20510.0,21100.0,33800,10,8845.394281771729,0.6,0.1,0.1,0.3,0.0,0.0,4,9,8,0.0,0.23936000000000002,0.4312722711736582,0.24,0,0,0,0,0,0,0,0,25400,0,0,0,33800,0,89100,56800,0,Gopay,L,50.0,1433709,0.894,E,Kelas E (Miskin),Jombang,Kota Kecil,190000,0.0,0.0,0.0,0.0,0.0,0.0,0.0,0.0,0.12384202827888835,0.0,0.0,0.0,0.16479765967820575,0.0,0.43442223305704536,0.27693807898586054,0.0,0,Rational Spender,2
BUDU00458,1857900,64065.51724137931,41800.0,248900,29,60939.514953424274,0.3793103448275862,0.20689655172413793,0.13793103448275862,0.06896551724137931,0.0,0.06896551724137931,6,18,12,0.0,0.12516206896551724,0.9512061648362689,0.2052,0,0,70400,225100,0,0,0,0,1141400,0,41800,0,0,0,241600,137600,0,Ovo,L,23.0,2674742,0.879,D,Kelas D (Menengah Bawah),Desa Sejahtera,Desa,4100,0.0,0.0,0.037892243931320305,0.1211582970019915,0.0,0.0,0.0,0.0,0.6143495344205824,0.0,0.022498519834221433,0.0,0.0,0.0,0.1300392916733947,0.07406211313848969,0.0,0,Rational Spender,2
BUDU00459,36077500,707401.9607843137,457200.0,3150000,51,711798.1642264038,0.3333333333333333,0.11764705882352941,0.09803921568627451,0.3137254901960784,0.3137254901960784,0.13725490196078433,10,37,11,0.0196078431372549,0.2861588235294118,1.006214576274592,0.2353,5388300,10376200,2635200,1561200,0,2786900,0,0,5328200,2084800,0,0,0,2167300,0,422800,3326600,Kartu Debit,P,48.0,10210495,0.503,B,Kelas B (Menengah Atas),Tangerang,Metropolitan,2100000,0.14935347515764674,0.28760862033123136,0.07304275517982121,0.043273508419374954,0.0,0.07724759198946712,0.0,0.0,0.1476876169357633,0.05778670916776384,0.0,0.0,0.0,0.06007345298316125,0.0,0.011719215577576051,0.09220705425819417,1,Emotional Spender,0
BUDU00460,31620200,574912.7272727273,378300.0,3750000,55,588994.0555112669,0.23636363636363636,0.16363636363636364,0.09090909090909091,0.21818181818181817,0.2727272727272727,0.12727272727272726,10,33,12,0.03636363636363636,0.1866909090909091,1.0244929840140062,0.2055,6134600,4088900,4392800,1271500,0,1083200,0,0,6863700,289000,0,0,0,4886600,0,1592600,1017300,Kartu Debit,P,44.0,18546487,0.688,B,Kelas B (Menengah Atas),Denpasar,Kota Besar,900000,0.19400889304937982,0.1293129075717421,0.1389238524740514,0.040211636865041964,0.0,0.03425658281731298,0.0,0.0,0.21706693822303463,0.00913972713645075,0.0,0.0,0.0,0.154540451989551,0.0,0.05036653784606043,0.03217247202737491,1,Emotional Spender,0
BUDU00461,5454800,155851.42857142858,139300.0,766400,35,144231.62003696483,0.22857142857142856,0.17142857142857143,0.17142857142857143,0.2,0.02857142857142857,0.08571428571428572,8,27,11,0.02857142857142857,0.2876114285714286,0.9254430412286002,0.15,838500,0,249900,891600,0,0,0,163800,2087800,0,0,0,43100,0,752700,427400,0,Ovo,L,22.0,4241233,0.746,C,Kelas C (Menengah),Palembang,Kota Besar,1700000,0.15371782650142993,0.0,0.0458128620664369,0.16345237222262962,0.0,0.0,0.0,0.030028598665395614,0.382745471877979,0.0,0.0,0.0,0.007901297939429494,0.0,0.13798856053384176,0.07835301019285766,0.0,1,Emotional Spender,0
BUDU00462,9046100,158703.50877192983,123300.0,524500,57,126980.47229637922,0.22807017543859648,0.19298245614035087,0.17543859649122806,0.22807017543859648,0.0,0.10526315789473684,9,36,11,0.017543859649122806,0.3152245614035088,0.8001113099450167,0.1535,1235700,0,818100,1551700,0,0,0,168400,2983100,0,200400,0,428200,0,802900,857600,0,Kartu Debit,L,29.0,3159245,0.762,C,Kelas C (Menengah),Kediri,Kota Kecil,320000,0.1366003028929594,0.0,0.09043676280386023,0.1715324836117222,0.0,0.0,0.0,0.018615757066581178,0.3297664186776622,0.0,0.022153193088734372,0.0,0.04733531577143742,0.0,0.08875648069333746,0.09480328539370557,0.0,1,Emotional Spender,0
BUDU00463,2640000,73333.33333333333,55250.0,312500,36,65417.27600565465,0.2222222222222222,0.1388888888888889,0.08333333333333333,0.19444444444444445,0.0,0.08333333333333333,8,27,11,0.0,0.21226944444444446,0.8920537637134726,0.1319,0,0,39700,70300,0,0,523100,0,1089400,0,137700,0,238200,0,389900,151700,0,Gopay,L,34.0,2743725,0.808,D,Kelas D (Menengah Bawah),Pekalongan,Kota Kecil,310000,0.0,0.0,0.015037878787878788,0.02662878787878788,0.0,0.0,0.1981439393939394,0.0,0.41265151515151516,0.0,0.05215909090909091,0.0,0.09022727272727273,0.0,0.14768939393939393,0.057462121212121214,0.0,0,Rational Spender,2
BUDU00464,8515700,157698.14814814815,123100.0,550500,54,128659.07485939634,0.35185185185185186,0.18518518518518517,0.12962962962962962,0.2777777777777778,0.0,0.09259259259259259,9,41,12,0.018518518518518517,0.20975185185185183,0.8158565992704536,0.1926,1260900,0,1135000,565100,0,0,0,1287700,2733400,0,286900,0,92100,0,515300,639300,0,Gopay,P,32.0,5982870,0.674,C,Kelas C (Menengah),Denpasar,Kota Besar,900000,0.14806768674330942,0.0,0.133283229799077,0.06635978251934661,0.0,0.0,0.0,0.15121481498878542,0.3209835950068697,0.0,0.033690712448771094,0.0,0.010815317589863429,0.0,0.06051176063036509,0.07507310027361228,0.0,1,Emotional Spender,0
BUDU00465,11901900,170027.14285714287,120650.0,830100,70,147517.05764441704,0.34285714285714286,0.21428571428571427,0.2714285714285714,0.2,0.014285714285714285,0.08571428571428572,8,42,12,0.014285714285714285,0.13255571428571428,0.8676088721220303,0.2,1076000,0,1826300,0,0,0,0,1095400,4093600,0,676600,0,735600,0,1394500,1003900,0,Gopay,P,40.0,5755242,0.652,C,Kelas C (Menengah),Semarang,Kota Besar,1800000,0.09040573353834262,0.0,0.1534460884396609,0.0,0.0,0.0,0.0,0.09203572538838337,0.34394508439828936,0.0,0.056848066275132544,0.0,0.06180525798401936,0.0,0.11716616674648586,0.08434787722968602,0.0,1,Emotional Spender,0
BUDU00466,6558200,145737.77777777778,119600.0,521900,45,111781.96164630027,0.35555555555555557,0.13333333333333333,0.2,0.08888888888888889,0.0,0.08888888888888889,8,29,12,0.0,0.14678666666666668,0.7670074523624641,0.1778,1779500,0,150200,198500,0,0,0,0,2662100,0,705000,0,139800,0,630900,292200,0,Gopay,P,32.0,6037243,0.64,C,Kelas C (Menengah),Yogyakarta,Kota Besar,420000,0.27133969686804305,0.0,0.02290262572047208,0.030267451434844928,0.0,0.0,0.0,0.0,0.40591930712695556,0.0,0.10749900887438626,0.0,0.02131682473849532,0.0,0.09620017687780183,0.044554908359000944,0.0,1,Emotional Spender,0
BUDU00467,7829600,186419.04761904763,123200.0,735000,42,174943.8826234388,0.35714285714285715,0.21428571428571427,0.21428571428571427,0.2619047619047619,0.023809523809523808,0.14285714285714285,9,31,12,0.0,0.15424761904761905,0.9384442462174861,0.2155,1938300,0,973900,622500,0,0,0,708000,2208400,0,45000,0,37100,0,858100,438300,0,Gopay,L,29.0,3289107,0.653,C,Kelas C (Menengah),Medan,Kota Besar,2400000,0.24756053949116175,0.0,0.12438694186165321,0.07950597731684889,0.0,0.0,0.0,0.09042607540615101,0.2820578318177174,0.0,0.005747420047001124,0.0,0.004738428527638705,0.0,0.10959691427403699,0.05597987125779095,0.0,1,Emotional Spender,0
BUDU00468,2306800,60705.26315789474,42350.0,237500,38,51733.469470376614,0.23684210526315788,0.13157894736842105,0.10526315789473684,0.23684210526315788,0.0,0.05263157894736842,8,28,11,0.0,0.14202105263157894,0.8522073174416123,0.1303,0,0,234700,194000,0,0,339100,0,864500,0,153700,0,180000,0,192600,148200,0,Tunai,P,35.0,1847398,0.802,D,Kelas D (Menengah Bawah),Yogyakarta,Kota Besar,420000,0.0,0.0,0.10174267383388244,0.08409918501820704,0.0,0.0,0.1470001734003815,0.0,0.3747615744754638,0.0,0.06662909658401249,0.0,0.07803017166637767,0.0,0.0834922836830241,0.06424484133865095,0.0,0,Rational Spender,2
BUDU00469,176800,14733.333333333334,10200.0,52900,12,14084.829578039778,0.16666666666666666,0.16666666666666666,0.16666666666666666,0.16666666666666666,0.0,0.08333333333333333,5,11,6,0.0,0.22894166666666668,0.9559839080117496,0.1208,0,0,0,0,0,0,52900,0,50700,0,0,0,25600,0,44600,3000,0,Tunai,P,44.0,968153,0.875,E,Kelas E (Miskin),Desa Rawa Indah,Desa,6500,0.0,0.0,0.0,0.0,0.0,0.0,0.2992081447963801,0.0,0.2867647058823529,0.0,0.0,0.0,0.14479638009049775,0.0,0.252262443438914,0.016968325791855202,0.0,0,Rational Spender,2
BUDU00470,70563400,665692.4528301887,459900.0,3750000,106,658746.4224459628,0.27358490566037735,0.20754716981132076,0.1509433962264151,0.24528301886792453,0.32075471698113206,0.12264150943396226,10,56,12,0.0,0.23122452830188678,0.9895657065741171,0.2406,4617600,3618200,4040600,4945600,0,7906400,0,0,15556400,7608100,0,0,0,11868700,0,3964300,6437500,Kartu Kredit,L,43.0,11404705,0.464,B,Kelas B (Menengah Atas),Tangerang,Metropolitan,2100000,0.06543902362981376,0.05127587389496538,0.05726198000663233,0.07008732572410059,0.0,0.11204675511667522,0.0,0.0,0.22045989847427988,0.10781935110836496,0.0,0.0,0.0,0.16819909471482383,0.0,0.056180682903601585,0.09123001442674247,1,Emotional Spender,0
BUDU00471,1189600,66088.88888888889,50750.0,236700,18,56388.963134630285,0.3333333333333333,0.2222222222222222,0.16666666666666666,0.1111111111111111,0.0,0.1111111111111111,6,18,10,0.0,0.2013111111111111,0.8532290992126303,0.2,0,0,0,0,0,0,199200,0,315100,0,278200,0,80800,0,183600,132700,0,Gopay,L,41.0,2878812,0.81,D,Kelas D (Menengah Bawah),Tasikmalaya,Kota Kecil,700000,0.0,0.0,0.0,0.0,0.0,0.0,0.16745124411566914,0.0,0.26487895090786817,0.0,0.23386012104909212,0.0,0.06792199058507062,0.0,0.15433759246805648,0.11155010087424344,0.0,0,Rational Spender,2
BUDU00472,13243900,186533.8028169014,163700.0,910000,71,156767.78818518438,0.2112676056338028,0.07042253521126761,0.09859154929577464,0.22535211267605634,0.028169014084507043,0.056338028169014086,9,42,12,0.0,0.36109154929577464,0.840425626979069,0.1092,4199800,0,2045600,64700,0,0,0,575700,3194900,0,368600,0,714200,0,1485200,595200,0,Ovo,L,26.0,5900444,0.807,C,Kelas C (Menengah),Surabaya,Kota Besar,3100000,0.3171120289340753,0.0,0.15445601371197307,0.004885267934671811,0.0,0.0,0.0,0.04346906877883403,0.24123558770452813,0.0,0.027831681000309576,0.0,0.053926713430333964,0.0,0.11214219376467657,0.04494144474059756,0.0,1,Emotional Spender,0
BUDU00473,936400,49284.21052631579,35900.0,139600,19,37406.04917148941,0.47368421052631576,0.3157894736842105,0.15789473684210525,0.10526315789473684,0.0,0.10526315789473684,7,15,10,0.0,0.32538947368421056,0.758986474005018,0.2763,0,0,127500,0,0,0,289900,0,178900,0,17400,0,100100,0,99300,123300,0,Tunai,P,41.0,2168933,0.877,D,Kelas D (Menengah Bawah),Desa Panyingkiran,Desa,3700,0.0,0.0,0.1361597607859889,0.0,0.0,0.0,0.3095899188381034,0.0,0.1910508329773601,0.0,0.018581802648440837,0.0,0.10689876121315676,0.0,0.10604442545920546,0.13167449807774456,0.0,0,Rational Spender,2
BUDU00474,9914100,147971.64179104476,108400.0,501100,67,111309.7409306641,0.3582089552238806,0.23880597014925373,0.19402985074626866,0.19402985074626866,0.0,0.08955223880597014,9,41,12,0.0,0.21136716417910448,0.7522369798927281,0.2104,2542800,0,1372400,1193500,0,0,0,633300,2315100,0,192400,0,71600,0,1191600,401400,0,Gopay,L,23.0,3451372,0.648,C,Kelas C (Menengah),Bandung,Kota Besar,2500000,0.25648319060731684,0.0,0.13842910602071798,0.12038409941396597,0.0,0.0,0.0,0.06387871818924562,0.23351590159469846,0.0,0.019406703583784712,0.0,0.007222037300410526,0.0,0.12019245317275395,0.04048779011710594,0.0,1,Emotional Spender,0
BUDU00475,7320800,140784.61538461538,112600.0,533900,52,107916.48075014414,0.34615384615384615,0.17307692307692307,0.09615384615384616,0.21153846153846154,0.0,0.07692307692307693,8,33,12,0.0,0.28039807692307694,0.7665360341776166,0.1846,905800,0,657200,520500,0,0,0,468800,2106300,0,0,0,356800,0,1946200,359200,0,Gopay,L,39.0,4198674,0.698,C,Kelas C (Menengah),Jakarta,Metropolitan,10500000,0.12372964703311114,0.0,0.08977160966014643,0.07109878701781226,0.0,0.0,0.0,0.06403671729865588,0.28771445743634577,0.0,0.0,0.0,0.048737842858703966,0.0,0.26584526281280735,0.04906567588241722,0.0,1,Emotional Spender,0
BUDU00476,12065300,167573.61111111112,128600.0,823800,72,139498.81820192587,0.2222222222222222,0.18055555555555555,0.1388888888888889,0.20833333333333334,0.013888888888888888,0.06944444444444445,9,41,12,0.0,0.25395,0.8324629234696743,0.1451,3077700,0,975500,1346900,0,0,0,532900,2382800,0,1289700,0,107900,0,1489000,862900,0,Dana,L,18.0,4431844,0.634,C,Kelas C (Menengah),Bandung,Kota Besar,2500000,0.2550869021076973,0.0,0.08085169867305413,0.11163419061274896,0.0,0.0,0.0,0.04416798587685346,0.197491981135985,0.0,0.10689332217184819,0.0,0.00894300183169917,0.0,0.12341176763114055,0.07151914995897325,0.0,1,Emotional Spender,0
BUDU00477,190510400,2761020.2898550723,1970600.0,11829600,69,2469875.3938312056,0.2898550724637681,0.2318840579710145,0.13043478260869565,0.2028985507246377,0.855072463768116,0.08695652173913043,10,42,12,0.014492753623188406,0.20862608695652174,0.8945516999300468,0.3551,3721200,25649900,11373300,6184300,5788500,2892200,0,0,0,7736800,0,11017800,0,56035200,0,0,60111200,Kartu Kredit,L,54.0,74377844,0.519,A,Kelas A (Kaya),Tangerang,Metropolitan,2100000,0.01953279191057286,0.13463779405218823,0.05969910304109382,0.032461744870621236,0.030384168003426585,0.015181323434311198,0.0,0.0,0.0,0.040610906281231894,0.0,0.05783306318185254,0.0,0.294131973897488,0.0,0.0,0.3155271313272136,2,Impulsive Spender,1
BUDU00478,228400,13435.29411764706,11500.0,31600,17,9436.361929821696,0.35294117647058826,0.29411764705882354,0.17647058823529413,0.29411764705882354,0.0,0.11764705882352941,4,14,10,0.0,0.2849529411764706,0.7023561856697409,0.2294,0,0,0,0,0,0,0,0,88600,0,0,0,43300,0,91800,4700,0,Tunai,P,32.0,1131404,0.861,E,Kelas E (Miskin),Palembang,Kota Besar,1700000,0.0,0.0,0.0,0.0,0.0,0.0,0.0,0.0,0.38791593695271454,0.0,0.0,0.0,0.18957968476357268,0.0,0.4019264448336252,0.020577933450087564,0.0,0,Rational Spender,2
BUDU00479,11743200,165397.18309859154,137000.0,642300,71,128437.8437464497,0.2676056338028169,0.18309859154929578,0.09859154929577464,0.16901408450704225,0.0,0.08450704225352113,9,44,12,0.0,0.21460845070422535,0.7765419056132851,0.1613,2288500,0,1386500,1756400,0,0,0,490500,4186400,0,215300,0,23700,0,599900,796000,0,Ovo,L,37.0,6156091,0.609,C,Kelas C (Menengah),Purwokerto,Kota Kecil,290000,0.19487873833367395,0.0,0.11806832890523877,0.1495674092240616,0.0,0.0,0.0,0.041768853464132435,0.3564956740922406,0.0,0.018334014578649773,0.0,0.0020181892499489067,0.0,0.05108488316642823,0.06778390898562572,0.0,1,Emotional Spender,0
BUDU00480,57224500,724360.7594936709,452000.0,4000400,79,734660.6414228448,0.34177215189873417,0.189873417721519,0.16455696202531644,0.10126582278481013,0.3670886075949367,0.10126582278481013,10,52,12,0.0,0.27949367088607596,1.014219270983665,0.2652,8194800,9760300,7946300,4753100,0,5351400,0,0,5619600,3932800,0,0,0,6946300,0,1513800,3206100,Kartu Kredit,P,42.0,10981482,0.515,B,Kelas B (Menengah Atas),Surabaya,Kota Besar,3100000,0.14320439671818888,0.17056156017090582,0.13886185113019772,0.08306057720032503,0.0,0.09351588917334358,0.0,0.0,0.09820269290251553,0.0687258080018174,0.0,0.0,0.0,0.12138681858294961,0.0,0.026453704270024202,0.05602670184973219,1,Emotional Spender,0
BUDU00481,59348200,690095.3488372093,421250.0,3750000,86,756054.6859939473,0.27906976744186046,0.16279069767441862,0.1744186046511628,0.12790697674418605,0.29069767441860467,0.11627906976744186,10,50,12,0.023255813953488372,0.25618488372093023,1.0955800343646391,0.2221,7241700,14834300,4207200,3646400,0,1284900,0,0,10302000,1216100,0,0,0,5606700,0,1782300,9226600,Kartu Kredit,L,44.0,13269562,0.604,B,Kelas B (Menengah Atas),Surabaya,Kota Besar,3100000,0.12202054990715809,0.2499536632956012,0.07089010281693463,0.06144078506172049,0.0,0.02165019326618162,0.0,0.0,0.17358571953319563,0.02049093317067746,0.0,0.0,0.0,0.09447127292824382,0.0,0.03003123936362013,0.15546554065666693,1,Emotional Spender,0
BUDU00482,10009000,169644.06779661018,142600.0,462300,59,108435.96437241032,0.4067796610169492,0.2033898305084746,0.13559322033898305,0.2033898305084746,0.0,0.05084745762711865,9,38,12,0.03389830508474576,0.2685610169491526,0.6391969125759025,0.211,1807600,0,670100,2314200,0,0,0,231700,2979600,0,55700,0,309000,0,1256900,384200,0,Kartu Debit,L,37.0,3735138,0.708,C,Kelas C (Menengah),Medan,Kota Besar,2400000,0.18059746228394444,0.0,0.06694974522929363,0.2312119092816465,0.0,0.0,0.0,0.02314916575082426,0.2976920771305825,0.0,0.005564991507643121,0.0,0.030872215006494154,0.0,0.12557698071735438,0.038385453092217005,0.0,1,Emotional Spender,0
BUDU00483,1196900,41272.41379310345,35500.0,121200,29,31858.346030870154,0.20689655172413793,0.2413793103448276,0.1724137931034483,0.3103448275862069,0.0,0.10344827586206896,7,21,12,0.0,0.29134827586206896,0.771904114709027,0.1603,0,0,133900,0,0,0,264800,0,397800,0,19000,0,143800,0,190000,47600,0,Tunai,L,43.0,1778665,0.877,D,Kelas D (Menengah Bawah),Desa Cikaret,Desa,2800,0.0,0.0,0.11187233687024814,0.0,0.0,0.0,0.22123819867992314,0.0,0.3323585930319993,0.0,0.0158743420502966,0.0,0.12014370457013952,0.0,0.158743420502966,0.03976940429442727,0.0,0,Rational Spender,2
BUDU00484,9524500,170080.35714285713,136650.0,665000,56,140067.3051457021,0.30357142857142855,0.19642857142857142,0.125,0.26785714285714285,0.0,0.08928571428571429,8,33,12,0.0,0.21451250000000002,0.8235360478932561,0.1786,3353700,0,726100,551600,0,0,0,704500,2539200,0,481200,0,0,0,822600,345600,0,Ovo,L,42.0,5009487,0.67,C,Kelas C (Menengah),Palembang,Kota Besar,1700000,0.3521129718095438,0.0,0.07623497296446008,0.05791380124940942,0.0,0.0,0.0,0.07396713738253977,0.26659667174129875,0.0,0.05052233713055804,0.0,0.0,0.0,0.08636673841146517,0.03628536931072497,0.0,1,Emotional Spender,0
BUDU00485,47330500,570246.9879518072,402100.0,3150000,83,581025.4465980603,0.3373493975903614,0.21686746987951808,0.0963855421686747,0.24096385542168675,0.1927710843373494,0.07228915662650602,9,46,12,0.0,0.13395542168674698,1.0189013863711351,0.2325,7064200,6580500,9153100,4893900,0,5579900,0,0,8196000,842500,0,0,0,2829500,0,2190900,0,Kartu Kredit,L,42.0,13305233,0.52,B,Kelas B (Menengah Atas),Yogyakarta,Kota Besar,420000,0.14925259610610495,0.13903297028343245,0.193386928090766,0.10339844286453767,0.0,0.11789226819915277,0.0,0.0,0.17316529510569295,0.0178003612892321,0.0,0.0,0.0,0.05978174749897001,0.0,0.046289390562111114,0.0,1,Emotional Spender,0
BUDU00486,10505600,154494.11764705883,134900.0,428700,68,96068.02608840917,0.3235294117647059,0.3088235294117647,0.23529411764705882,0.17647058823529413,0.0,0.04411764705882353,9,44,12,0.0,0.25579852941176473,0.6218231965819966,0.2125,1825200,0,1381500,1464200,0,0,0,491900,2255200,0,499100,0,485800,0,1372600,730100,0,Gopay,L,30.0,6382669,0.727,C,Kelas C (Menengah),Jombang,Kota Kecil,190000,0.1737359122753579,0.0,0.13150129454766982,0.13937328662808407,0.0,0.0,0.0,0.04682264696923546,0.2146664636003655,0.0,0.047507995735607676,0.0,0.046242004264392324,0.0,0.1306541273225708,0.06949626865671642,0.0,1,Emotional Spender,0
BUDU00487,29998300,599966.0,558500.0,2057500,50,398190.0754254769,0.38,0.12,0.18,0.2,0.36,0.08,10,36,12,0.02,0.2767,0.66368773468076,0.253,7422200,5554600,1989600,2953100,0,1358100,0,0,5174600,861700,0,0,0,2255400,0,1545300,883700,Kartu Kredit,L,32.0,16347983,0.555,B,Kelas B (Menengah Atas),Jakarta,Metropolitan,10500000,0.24742068717227308,0.18516382595013717,0.06632375834630629,0.09844224506055343,0.0,0.04527256544537524,0.0,0.0,0.17249644146501636,0.02872496108112793,0.0,0.0,0.0,0.07518426044142501,0.0,0.051512919065413706,0.02945833597237177,1,Emotional Spender,0
BUDU00488,7989600,194868.29268292684,111500.0,827100,41,193920.14908078065,0.2926829268292683,0.12195121951219512,0.17073170731707318,0.12195121951219512,0.04878048780487805,0.14634146341463414,9,30,12,0.0,0.18983170731707316,0.9951344388094531,0.1707,574100,0,1076100,1223100,0,0,0,435700,2829200,0,412700,0,345300,0,876700,216700,0,Gopay,P,27.0,5468878,0.813,C,Kelas C (Menengah),Bogor,Metropolitan,1100000,0.07185591268649244,0.0,0.13468759387203363,0.15308651246620608,0.0,0.0,0.0,0.054533393411434865,0.3541103434464804,0.0,0.051654651046360266,0.0,0.043218684289576446,0.0,0.10973014919395213,0.027122759587463702,0.0,1,Emotional Spender,0
BUDU00489,10964800,156640.0,120700.0,760100,70,138713.6518782175,0.37142857142857144,0.17142857142857143,0.2714285714285714,0.24285714285714285,0.014285714285714285,0.05714285714285714,8,41,12,0.0,0.1858442857142857,0.8855570216944426,0.1929,3109200,0,1208100,1303700,0,0,0,1201700,2740700,0,0,0,334600,0,609300,457500,0,Gopay,L,31.0,6392725,0.662,C,Kelas C (Menengah),Palembang,Kota Besar,1700000,0.2835619436743032,0.0,0.11017984824164599,0.11889865752225302,0.0,0.0,0.0,0.10959616226470159,0.2499543995330512,0.0,0.0,0.0,0.030515832482124618,0.0,0.0555687290237852,0.041724427258135126,0.0,1,Emotional Spender,0
BUDU00490,414600,18845.454545454544,17350.0,48400,22,13324.6183639703,0.22727272727272727,0.22727272727272727,0.22727272727272727,0.09090909090909091,0.0,0.09090909090909091,5,15,11,0.0,0.18954545454545454,0.7070468017543333,0.1614,0,0,0,0,0,0,0,0,73900,0,114500,0,49900,0,151100,25200,0,Tunai,L,51.0,1227254,0.923,E,Kelas E (Miskin),Purwokerto,Kota Kecil,290000,0.0,0.0,0.0,0.0,0.0,0.0,0.0,0.0,0.17824409068982153,0.0,0.2761698022190063,0.0,0.12035697057404728,0.0,0.364447660395562,0.060781476121562955,0.0,0,Rational Spender,2
BUDU00491,52754100,703388.0,448600.0,3478800,75,704878.1092558543,0.24,0.2,0.17333333333333334,0.22666666666666666,0.28,0.13333333333333333,10,49,12,0.0,0.29486666666666667,1.0021184740937494,0.22,7971000,9205200,5481200,4430800,0,5316200,0,0,7643700,1203000,0,0,0,8630600,0,1965400,907000,Kartu Kredit,P,36.0,18188681,0.536,B,Kelas B (Menengah Atas),Bogor,Metropolitan,1100000,0.1510972606868471,0.1744925986795339,0.1039009290273173,0.08398968042294343,0.0,0.10077321004433779,0.0,0.0,0.14489300357697316,0.022803914766814332,0.0,0.0,0.0,0.16360055426971554,0.0,0.03725587205544214,0.01719297647007531,1,Emotional Spender,0
BUDU00492,6848700,122298.21428571429,86100.0,479200,56,102236.24422442797,0.21428571428571427,0.19642857142857142,0.125,0.23214285714285715,0.0,0.07142857142857142,9,38,12,0.0,0.21945892857142857,0.8359586018613702,0.1446,1008200,0,1366400,352600,0,0,0,852700,1833100,0,160600,0,108900,0,952300,213900,0,Ovo,P,41.0,5594731,0.786,C,Kelas C (Menengah),Bogor,Metropolitan,1100000,0.1472104194956707,0.0,0.1995123162059953,0.051484223283250835,0.0,0.0,0.0,0.12450538058317637,0.2676566355658738,0.0,0.023449705783579366,0.0,0.015900827894344913,0.0,0.13904828653613094,0.03123220465197775,0.0,1,Emotional Spender,0
BUDU00493,7507600,183112.19512195123,130600.0,858400,41,163008.57522707502,0.3170731707317073,0.12195121951219512,0.24390243902439024,0.17073170731707318,0.024390243902439025,0.04878048780487805,9,30,12,0.0,0.1367536585365854,0.8902114636248702,0.1598,2063000,0,324800,780100,0,0,0,858400,2298400,0,237200,0,206500,0,699600,39600,0,Gopay,L,22.0,6025804,0.819,C,Kelas C (Menengah),Medan,Kota Besar,2400000,0.274788214609196,0.0,0.043262827001971337,0.10390803985294901,0.0,0.0,0.0,0.11433747136235281,0.30614310831690555,0.0,0.03159465075390271,0.0,0.027505461132718845,0.0,0.09318557195375353,0.0052746550162502,0.0,1,Emotional Spender,0
BUDU00494,6543600,172200.0,158950.0,461500,38,107946.76615964151,0.10526315789473684,0.3684210526315789,0.15789473684210525,0.13157894736842105,0.0,0.07894736842105263,9,27,12,0.0,0.1321736842105263,0.6268685607412399,0.1592,1258000,0,765200,86000,0,0,0,199900,2544900,0,235800,0,126900,0,911500,415400,0,Gopay,L,23.0,3521412,0.67,C,Kelas C (Menengah),Magelang,Kota Kecil,130000,0.1922489149703527,0.0,0.11693868818387432,0.01314261262913381,0.0,0.0,0.0,0.030548933308881962,0.3889143590684027,0.0,0.036035209976159915,0.0,0.01939299468182652,0.0,0.1392964117611101,0.06348187542025796,0.0,1,Emotional Spender,0
BUDU00495,9191900,187589.79591836734,145200.0,639200,49,134981.38489698304,0.40816326530612246,0.08163265306122448,0.1836734693877551,0.22448979591836735,0.0,0.08163265306122448,9,33,12,0.02040816326530612,0.05561428571428571,0.7195561157053677,0.1796,1920100,0,1643900,902100,0,0,0,1083300,1593500,0,327400,0,722000,0,917200,82400,0,Transfer Bank,P,31.0,4612125,0.806,C,Kelas C (Menengah),Semarang,Kota Besar,1800000,0.2088904361448667,0.0,0.17884224153874606,0.0981407543598168,0.0,0.0,0.0,0.11785376255181192,0.17335915316746267,0.0,0.03561831612615455,0.0,0.07854741674735365,0.0,0.09978350504248305,0.008964414321304627,0.0,1,Emotional Spender,0
BUDU00496,7263700,161415.55555555556,108300.0,623500,45,147310.5130414162,0.24444444444444444,0.13333333333333333,0.2,0.17777777777777778,0.0,0.17777777777777778,8,35,12,0.022222222222222223,0.33726222222222224,0.9126165847796205,0.1522,2127400,0,1410400,0,0,0,0,691900,1430100,0,177100,0,236100,0,571700,619000,0,Kartu Debit,L,43.0,4102267,0.819,C,Kelas C (Menengah),Yogyakarta,Kota Besar,420000,0.29288103858914877,0.0,0.19417101477208584,0.0,0.0,0.0,0.0,0.0952544846290458,0.19688313118658535,0.0,0.02438151355369853,0.0,0.032504095708798544,0.0,0.07870644437407932,0.08521827718655782,0.0,1,Emotional Spender,0
BUDU00497,56176500,676825.3012048192,451300.0,3127100,83,579281.2950046688,0.3132530120481928,0.20481927710843373,0.27710843373493976,0.24096385542168675,0.37349397590361444,0.14457831325301204,10,44,12,0.024096385542168676,0.19184096385542168,0.8558800830487394,0.2675,9896900,5660700,5367600,6656000,0,2048000,0,0,8895300,2260600,0,0,0,5757600,0,2899000,6734800,Kartu Debit,P,32.0,10675950,0.535,B,Kelas B (Menengah Atas),Semarang,Kota Besar,1800000,0.17617509100780576,0.10076633467731169,0.09554885049798403,0.11848370760015309,0.0,0.03645652541543172,0.0,0.0,0.1583455715468212,0.04024102605181882,0.0,0.0,0.0,0.1024912552401805,0.0,0.051605208583660425,0.11988642937883279,1,Emotional Spender,0
BUDU00498,1303200,68589.47368421052,54100.0,229700,19,50602.18368956075,0.3157894736842105,0.10526315789473684,0.21052631578947367,0.15789473684210525,0.0,0.05263157894736842,6,17,11,0.0,0.11436842105263158,0.7377543662535715,0.15,0,0,113000,0,0,0,104700,0,373100,0,0,0,60200,0,487100,165100,0,Tunai,P,45.0,1770986,0.851,D,Kelas D (Menengah Bawah),Denpasar,Kota Besar,900000,0.0,0.0,0.08670963781461019,0.0,0.0,0.0,0.08034069981583794,0.0,0.2862952731737262,0.0,0.0,0.0,0.04619398403928791,0.0,0.37377225291589933,0.12668815224063842,0.0,0,Rational Spender,2
BUDU00499,10978900,154632.39436619717,117200.0,574200,71,116474.85292622227,0.2676056338028169,0.22535211267605634,0.22535211267605634,0.28169014084507044,0.0,0.08450704225352113,9,42,12,0.0,0.25841971830985916,0.7532370781919666,0.1739,1739000,0,1581700,840700,0,0,0,682400,3181500,0,330500,0,383300,0,1012200,1227600,0,Gopay,L,24.0,3233831,0.688,C,Kelas C (Menengah),Tasikmalaya,Kota Kecil,700000,0.1583947389993533,0.0,0.14406725628250552,0.07657415588082594,0.0,0.0,0.0,0.06215558935776808,0.28978312945741375,0.0,0.030103197952436038,0.0,0.03491242292032899,0.0,0.09219502864585705,0.11181448050351128,0.0,1,Emotional Spender,0
BUDU00500,60165600,562295.3271028037,410700.0,3000000,107,450826.75925986306,0.22429906542056074,0.18691588785046728,0.18691588785046728,0.22429906542056074,0.27102803738317754,0.056074766355140186,10,55,12,0.0,0.2929476635514019,0.8017615255362757,0.1972,8486700,2230800,13124600,4385000,0,7475700,0,0,12682800,2551900,0,0,0,5132500,0,1150800,2944800,Kartu Debit,P,38.0,15641609,0.514,B,Kelas B (Menengah Atas),Bandung,Kota Besar,2500000,0.141055686305796,0.0370776656428258,0.21814126344622176,0.07288217852061643,0.0,0.12425206430252503,0.0,0.0,0.21079819697634528,0.042414602364141636,0.0,0.0,0.0,0.08530622149533953,0.0,0.01912720890342654,0.048944912042761975,1,Emotional Spender,0
BUDU00501,12277700,208096.61016949153,194600.0,580000,59,140784.91171862584,0.22033898305084745,0.13559322033898305,0.1694915254237288,0.2033898305084746,0.0,0.05084745762711865,9,40,12,0.01694915254237288,0.23190677966101694,0.6765363049593103,0.1254,2646100,0,1363500,1981700,0,0,0,1351800,2928600,0,403600,0,356400,0,631200,614800,0,Gopay,P,27.0,6916127,0.679,C,Kelas C (Menengah),Surabaya,Kota Besar,3100000,0.2155208223038517,0.0,0.11105500215838471,0.1614064523485669,0.0,0.0,0.0,0.11010205494514445,0.23853001783721706,0.0,0.03287260643280093,0.0,0.02902823818793422,0.0,0.051410280427115825,0.05007452535898418,0.0,1,Emotional Spender,0
BUDU00502,43924700,549058.75,419800.0,2560600,80,490720.0219294789,0.275,0.175,0.175,0.2875,0.2625,0.075,10,48,12,0.0,0.27715999999999996,0.8937477490878324,0.2125,6092300,7778500,5511600,3630800,0,5251500,0,0,4204700,2011100,0,0,0,5653700,0,2588900,1201600,Kartu Kredit,P,35.0,12018662,0.699,B,Kelas B (Menengah Atas),Tangerang Selatan,Metropolitan,1700000,0.13869872759517993,0.17708715142049916,0.12547837549260438,0.08265964252459322,0.0,0.11955687802079468,0.0,0.0,0.09572518423574891,0.0457851732624241,0.0,0.0,0.0,0.12871345734859885,0.0,0.058939503286305886,0.02735590681325086,1,Emotional Spender,0
BUDU00503,260900,18635.714285714286,14450.0,37600,14,11347.82982592891,0.21428571428571427,0.21428571428571427,0.07142857142857142,0.42857142857142855,0.0,0.0,5,13,8,0.0,0.24202142857142858,0.6089291589229772,0.1393,0,0,0,0,0,0,44000,0,69300,0,0,0,15200,0,92400,40000,0,Tunai,P,25.0,1378525,0.888,E,Kelas E (Miskin),Kediri,Kota Kecil,320000,0.0,0.0,0.0,0.0,0.0,0.0,0.16864699118436183,0.0,0.2656190111153699,0.0,0.0,0.0,0.05825986968187045,0.0,0.35415868148715984,0.15331544653123802,0.0,0,Rational Spender,2
BUDU00504,57378800,591534.0206185566,400700.0,3150000,97,541192.7660052141,0.26804123711340205,0.1958762886597938,0.15463917525773196,0.23711340206185566,0.26804123711340205,0.13402061855670103,10,53,12,0.0,0.22319896907216497,0.9148971101261402,0.2263,7699800,6418000,2918400,5668600,0,3640600,0,0,10307600,3792300,0,0,0,8906600,0,2631400,5395500,Kartu Kredit,P,26.0,13671468,0.492,B,Kelas B (Menengah Atas),Depok,Metropolitan,2200000,0.13419241949988497,0.11185315830934073,0.050861990839822374,0.09879258541482219,0.0,0.06344852105655747,0.0,0.0,0.17964126123237154,0.06609235466757757,0.0,0.0,0.0,0.1552245777185999,0.0,0.04586014346762219,0.09403298779340105,1,Emotional Spender,0
BUDU00505,1442500,42426.470588235294,38250.0,141900,34,30583.72818330064,0.2647058823529412,0.08823529411764706,0.14705882352941177,0.2647058823529412,0.0,0.08823529411764706,6,23,11,0.0,0.24717941176470587,0.7208643038005004,0.1324,0,0,123500,0,0,0,135100,0,383200,0,0,0,161700,0,336600,302400,0,Gopay,P,28.0,1578722,0.839,D,Kelas D (Menengah Bawah),Pekalongan,Kota Kecil,310000,0.0,0.0,0.0856152512998267,0.0,0.0,0.0,0.09365684575389949,0.0,0.26564991334488736,0.0,0.0,0.0,0.11209705372616985,0.0,0.23334488734835354,0.20963604852686307,0.0,0,Rational Spender,2
BUDU00506,6044800,167911.11111111112,143550.0,691200,36,136481.75551076996,0.3888888888888889,0.3611111111111111,0.16666666666666666,0.2222222222222222,0.0,0.08333333333333333,7,25,11,0.0,0.3100333333333334,0.8128214661176082,0.2569,1344700,0,2123000,424000,0,0,0,0,1435400,0,0,0,480700,0,208900,28100,0,Kartu Debit,L,19.0,3087386,0.806,C,Kelas C (Menengah),Bandung,Kota Besar,2500000,0.22245566437268396,0.0,0.35121095817893067,0.07014293276866067,0.0,0.0,0.0,0.0,0.2374602964531498,0.0,0.0,0.0,0.07952289571201694,0.0,0.034558628904182105,0.00464862361037586,0.0,1,Emotional Spender,0
BUDU00507,455400,20700.0,17300.0,57200,22,15261.779213509308,0.36363636363636365,0.09090909090909091,0.22727272727272727,0.22727272727272727,0.0,0.13636363636363635,6,15,8,0.0,0.2018909090909091,0.7372840199762951,0.175,0,0,0,0,0,0,89600,0,121700,0,44900,0,20600,0,83100,95500,0,Tunai,P,46.0,1425313,0.916,E,Kelas E (Miskin),Desa Sukamaju,Desa,5000,0.0,0.0,0.0,0.0,0.0,0.0,0.19675010979358806,0.0,0.2672375933245498,0.0,0.09859464207290294,0.0,0.045234958278436536,0.0,0.18247694334650857,0.20970575318401405,0.0,0,Rational Spender,2
BUDU00508,70766800,729554.6391752578,475300.0,3900000,97,715468.7619870595,0.3402061855670103,0.17525773195876287,0.10309278350515463,0.28865979381443296,0.32989690721649484,0.1134020618556701,10,59,12,0.0,0.28775257731958764,0.980692498639825,0.2546,5999300,8057000,7785700,4370700,0,2800200,0,0,10837100,1593500,0,0,0,16199000,0,1138900,11985400,Kartu Debit,L,47.0,19506760,0.516,B,Kelas B (Menengah Atas),Tangerang,Metropolitan,2100000,0.08477562924987424,0.11385282364046417,0.11001910500404144,0.06176201269521866,0.0,0.03956940260121978,0.0,0.0,0.15313819474668913,0.022517621257425798,0.0,0.0,0.0,0.22890677549359303,0.0,0.016093704957692027,0.16936473035378172,1,Emotional Spender,0
BUDU00509,10977800,156825.7142857143,125150.0,471600,70,116408.23677928514,0.32857142857142857,0.07142857142857142,0.18571428571428572,0.3142857142857143,0.0,0.1,9,43,12,0.0,0.08133285714285714,0.7422777400344295,0.1514,2566300,0,1111400,1493700,0,0,0,1341000,3394600,0,229600,0,158400,0,159000,523800,0,Gopay,L,28.0,6995171,0.761,C,Kelas C (Menengah),Tegal,Kota Kecil,285000,0.2337717939842227,0.0,0.1012406857475997,0.13606551403742098,0.0,0.0,0.0,0.12215562316675473,0.30922407039661864,0.0,0.02091493741915502,0.0,0.014429120588824718,0.0,0.014483776348630873,0.04771447831077265,0.0,1,Emotional Spender,0
BUDU00510,10464600,174410.0,137100.0,665000,60,142419.81948819783,0.25,0.18333333333333332,0.13333333333333333,0.2,0.0,0.08333333333333333,8,34,12,0.05,0.08372666666666667,0.8165805830410976,0.155,1463800,0,795400,1365600,0,0,0,1860600,4121700,0,0,0,206200,0,350200,301100,0,Gopay,L,41.0,4888905,0.8,C,Kelas C (Menengah),Palembang,Kota Besar,1700000,0.13988112302429143,0.0,0.07600863864839555,0.13049710452382318,0.0,0.0,0.0,0.17779943810561322,0.39387076429103834,0.0,0.0,0.0,0.01970452764558607,0.0,0.033465206505743174,0.02877319725550905,0.0,1,Emotional Spender,0
BUDU00511,8944300,159719.64285714287,133400.0,546100,56,110346.35129222213,0.2857142857142857,0.21428571428571427,0.16071428571428573,0.05357142857142857,0.0,0.07142857142857142,9,34,12,0.0,0.2689714285714286,0.690875269430189,0.175,2582000,0,407200,633800,0,0,0,1024100,2018600,0,113900,0,322800,0,1191200,650700,0,Tunai,P,22.0,6842985,0.751,C,Kelas C (Menengah),Bandung,Kota Besar,2500000,0.2886754692932929,0.0,0.04552620104424047,0.07086077166463557,0.0,0.0,0.0,0.11449750120188276,0.2256856321903335,0.0,0.012734367138848205,0.0,0.036090023814049174,0.0,0.13317979048108852,0.07275024317162886,0.0,1,Emotional Spender,0
BUDU00512,9478400,201668.085106383,162400.0,556800,47,144470.1715962021,0.2127659574468085,0.1276595744680851,0.1702127659574468,0.2553191489361702,0.0,0.1276595744680851,9,34,11,0.0,0.20860425531914892,0.7163759774879197,0.1319,1197400,0,782600,705900,0,0,0,833400,3738600,0,374800,0,63400,0,756100,1026200,0,Gopay,P,41.0,3387915,0.733,C,Kelas C (Menengah),Jombang,Kota Kecil,190000,0.1263293382849426,0.0,0.0825666779203241,0.0744745948683322,0.0,0.0,0.0,0.08792623227548954,0.39443365968939903,0.0,0.03954253882511816,0.0,0.006688892640108035,0.0,0.07977084740040513,0.10826721809588116,0.0,1,Emotional Spender,0
BUDU00513,2263400,56585.0,52250.0,173100,40,42422.0525017536,0.325,0.175,0.25,0.25,0.0,0.125,8,28,12,0.0,0.1070025,0.7497049129937898,0.185,0,0,565500,34500,0,0,27000,0,530800,0,191500,0,111500,0,460100,342500,0,Tunai,L,20.0,2502004,0.815,D,Kelas D (Menengah Bawah),Desa Panyingkiran,Desa,3700,0.0,0.0,0.24984536537951754,0.015242555447556773,0.0,0.0,0.011928956437218344,0.0,0.23451444729168508,0.0,0.08460722806397455,0.0,0.049262171953697975,0.0,0.20327825395422816,0.1513210214721216,0.0,0,Rational Spender,2
BUDU00514,353100,16050.0,12650.0,39600,22,10568.18000279275,0.45454545454545453,0.2727272727272727,0.18181818181818182,0.2727272727272727,0.0,0.045454545454545456,5,17,12,0.0,0.17729999999999999,0.6584535827285202,0.2477,0,0,0,0,0,0,39300,0,25000,0,0,0,67400,0,100700,120700,0,Tunai,L,30.0,1159706,0.916,E,Kelas E (Miskin),Magelang,Kota Kecil,130000,0.0,0.0,0.0,0.0,0.0,0.0,0.11129991503823279,0.0,0.07080147267063155,0.0,0.0,0.0,0.19088077032002265,0.0,0.28518833191730386,0.3418295100538091,0.0,0,Rational Spender,2
BUDU00515,147800,14780.0,8450.0,44200,10,12071.435521741214,0.3,0.1,0.1,0.3,0.0,0.2,5,9,6,0.0,0.27564,0.816741239630664,0.165,0,0,0,0,0,0,0,0,29000,0,44200,0,17600,0,48500,8500,0,Tunai,P,49.0,855723,0.909,E,Kelas E (Miskin),Kediri,Kota Kecil,320000,0.0,0.0,0.0,0.0,0.0,0.0,0.0,0.0,0.19621109607577808,0.0,0.29905277401894453,0.0,0.11907983761840325,0.0,0.32814614343707715,0.05751014884979702,0.0,0,Rational Spender,2
BUDU00516,5734000,184967.74193548388,143700.0,719900,31,174718.48669044112,0.2903225806451613,0.1935483870967742,0.2903225806451613,0.1935483870967742,0.03225806451612903,0.0967741935483871,8,29,12,0.03225806451612903,0.10398709677419356,0.9445889583892003,0.1806,766700,0,569300,1814400,0,0,0,1244400,620200,0,0,0,26800,0,324200,368000,0,Gopay,L,28.0,6468240,0.677,C,Kelas C (Menengah),Purwokerto,Kota Kecil,290000,0.13371119637251483,0.0,0.0992849668643181,0.316428322288106,0.0,0.0,0.0,0.2170212765957447,0.1081618416463202,0.0,0.0,0.0,0.004673875130798744,0.0,0.05653993721660272,0.06417858388559469,0.0,1,Emotional Spender,0
BUDU00517,43235000,617642.8571428572,418300.0,3361100,70,623379.6780968899,0.2571428571428571,0.17142857142857143,0.11428571428571428,0.17142857142857143,0.24285714285714285,0.1,10,40,12,0.02857142857142857,0.19143857142857143,1.0092882494918998,0.205,6772600,6048300,2738600,1399800,0,2138200,0,0,8387900,1175900,0,0,0,7862900,0,1945300,4765500,Kartu Kredit,L,26.0,9249310,0.462,B,Kelas B (Menengah Atas),Yogyakarta,Kota Besar,420000,0.15664623568867816,0.13989360471839946,0.06334219960680004,0.03237654677922979,0.0,0.04945530241702324,0.0,0.0,0.19400717011680352,0.02719787209436799,0.0,0.0,0.0,0.18186423036891408,0.0,0.04499363941251301,0.11022319879727073,1,Emotional Spender,0
BUDU00518,424000,20190.47619047619,12300.0,67600,21,19503.71515280883,0.19047619047619047,0.2857142857142857,0.19047619047619047,0.2857142857142857,0.0,0.23809523809523808,5,16,11,0.0,0.3193190476190476,0.9659858920023241,0.1881,0,0,0,0,0,0,0,0,72800,0,33500,0,198500,0,53000,66200,0,Tunai,P,53.0,1297812,0.908,E,Kelas E (Miskin),Desa Cikaret,Desa,2800,0.0,0.0,0.0,0.0,0.0,0.0,0.0,0.0,0.17169811320754716,0.0,0.07900943396226415,0.0,0.4681603773584906,0.0,0.125,0.1561320754716981,0.0,0,Rational Spender,2
BUDU00519,11924000,167943.661971831,140900.0,633700,71,134796.55647614654,0.28169014084507044,0.16901408450704225,0.14084507042253522,0.2535211267605634,0.0,0.09859154929577464,9,39,12,0.0,0.1860042253521127,0.8026296133685343,0.1641,3054800,0,1755700,944400,0,0,0,271900,3228400,0,198600,0,611100,0,961800,897300,0,Gopay,P,18.0,6399785,0.731,C,Kelas C (Menengah),Denpasar,Kota Besar,900000,0.2561891982556189,0.0,0.1472408587722241,0.07920161019792016,0.0,0.0,0.0,0.022802750754780277,0.27074807111707483,0.0,0.01665548473666555,0.0,0.05124958067762496,0.0,0.08066085206306609,0.07525159342502516,0.0,1,Emotional Spender,0
BUDU00520,978600,46600.0,43900.0,112500,21,26321.246171106715,0.3333333333333333,0.3333333333333333,0.19047619047619047,0.23809523809523808,0.0,0.047619047619047616,6,18,11,0.0,0.1869142857142857,0.5648336088220325,0.2238,0,0,253500,22200,0,0,0,0,128000,0,0,0,107800,0,251500,215600,0,Tunai,L,44.0,2126087,0.762,D,Kelas D (Menengah Bawah),Purwokerto,Kota Kecil,290000,0.0,0.0,0.2590435315757204,0.022685469037400367,0.0,0.0,0.0,0.0,0.1307991007561823,0.0,0.0,0.0,0.11015736766809728,0.0,0.25699979562640507,0.22031473533619456,0.0,0,Rational Spender,2
BUDU00521,10656500,193754.54545454544,148500.0,878000,55,150685.53817185448,0.2727272727272727,0.16363636363636364,0.2545454545454545,0.2,0.01818181818181818,0.07272727272727272,9,34,12,0.01818181818181818,0.30160000000000003,0.7777135644397314,0.1591,3144400,0,317200,616000,0,0,0,583200,3944100,0,263000,0,219900,0,639500,929200,0,Gopay,L,41.0,3358264,0.755,C,Kelas C (Menengah),Semarang,Kota Besar,1800000,0.29506873739032513,0.0,0.02976587059541125,0.05780509548163093,0.0,0.0,0.0,0.05472716182611552,0.3701121381316567,0.0,0.024679772908553464,0.0,0.02063529301365364,0.0,0.06001032233847886,0.08719560831417444,0.0,1,Emotional Spender,0
BUDU00522,7746000,168391.30434782608,124300.0,579000,46,133073.2861180668,0.34782608695652173,0.21739130434782608,0.13043478260869565,0.2391304347826087,0.0,0.10869565217391304,9,34,12,0.021739130434782608,0.15363695652173914,0.7902622206856537,0.2033,2265900,0,655500,553700,0,0,0,129700,2320000,0,566400,0,164900,0,615200,474700,0,Gopay,L,41.0,4673383,0.659,C,Kelas C (Menengah),Makassar,Kota Besar,1500000,0.29252517428350117,0.0,0.08462432223082882,0.07148205525432481,0.0,0.0,0.0,0.016744126000516394,0.2995094242189517,0.0,0.07312161115414408,0.0,0.021288406919700492,0.0,0.07942163697392203,0.06128324296411051,0.0,1,Emotional Spender,0
BUDU00523,14619400,205907.04225352113,122400.0,910000,71,200678.16973164034,0.28169014084507044,0.2112676056338028,0.1267605633802817,0.323943661971831,0.04225352112676056,0.11267605633802817,9,42,12,0.014084507042253521,0.333230985915493,0.9746056644558918,0.1873,1454500,0,1421300,1818700,0,0,0,1384100,6218700,0,271300,0,81400,0,914800,1054600,0,Gopay,L,27.0,5748937,0.771,C,Kelas C (Menengah),Medan,Kota Besar,2400000,0.0994910871855206,0.0,0.09722013215316634,0.1244031902814069,0.0,0.0,0.0,0.09467556808076939,0.4253731343283582,0.0,0.018557533140894974,0.0,0.0055679439648686,0.0,0.0625743874577616,0.07213702340725338,0.0,1,Emotional Spender,0
BUDU00524,2183700,57465.78947368421,50350.0,228800,38,42871.355499130885,0.34210526315789475,0.15789473684210525,0.18421052631578946,0.18421052631578946,0.0,0.05263157894736842,6,26,12,0.0,0.2498842105263158,0.7460326551114959,0.175,0,0,503100,0,0,0,242200,0,513700,0,0,0,193400,0,339200,392100,0,Gopay,P,27.0,2717440,0.759,D,Kelas D (Menengah Bawah),Blitar,Kota Kecil,150000,0.0,0.0,0.23038878966891058,0.0,0.0,0.0,0.11091267115446261,0.0,0.23524293630077392,0.0,0.0,0.0,0.08856527911343133,0.0,0.15533269221962723,0.17955763154279433,0.0,0,Rational Spender,2
BUDU00525,13148300,202281.53846153847,129300.0,875000,65,191048.94243058807,0.26153846153846155,0.3384615384615385,0.09230769230769231,0.13846153846153847,0.015384615384615385,0.13846153846153847,9,42,12,0.0,0.24095538461538463,0.9444704834836614,0.2169,2452500,0,2064500,741500,0,0,0,1450700,2609200,0,1912800,0,309200,0,857000,750900,0,Gopay,P,28.0,4724841,0.727,C,Kelas C (Menengah),Medan,Kota Besar,2400000,0.18652601476997027,0.0,0.15701649642919616,0.05639512332392781,0.0,0.0,0.0,0.11033365530144582,0.19844390529574166,0.0,0.14547888320163063,0.0,0.02351634812104987,0.0,0.06517952891248298,0.05711004464455481,0.0,1,Emotional Spender,0
BUDU00526,1278600,44089.65517241379,25200.0,219600,29,46918.65563190636,0.41379310344827586,0.13793103448275862,0.13793103448275862,0.27586206896551724,0.0,0.034482758620689655,7,21,11,0.0,0.12074827586206896,1.0641647218248744,0.1914,0,0,148200,0,0,0,72100,0,491200,0,51700,0,48200,0,321400,145800,0,Gopay,P,19.0,1849287,0.861,D,Kelas D (Menengah Bawah),Cirebon,Kota Kecil,320000,0.0,0.0,0.11590802440168935,0.0,0.0,0.0,0.056389801345221334,0.0,0.38417018614109183,0.0,0.04043485061786329,0.0,0.037697481620522444,0.0,0.25136868449867045,0.11403097137494134,0.0,0,Rational Spender,2
BUDU00527,1884600,67307.14285714286,44300.0,233400,28,58705.2835565958,0.2857142857142857,0.25,0.21428571428571427,0.25,0.0,0.21428571428571427,7,23,12,0.0,0.29424285714285714,0.8721999042686419,0.2071,0,0,404800,0,0,0,276100,0,616800,0,36900,0,132300,0,167700,250000,0,Gopay,L,47.0,2801553,0.903,D,Kelas D (Menengah Bawah),Medan,Kota Besar,2400000,0.0,0.0,0.21479359015175634,0.0,0.0,0.0,0.14650323676111643,0.0,0.3272843043616683,0.0,0.019579751671442217,0.0,0.07020057306590258,0.0,0.08898439987265203,0.13265414411546217,0.0,0,Rational Spender,2
BUDU00528,292400,22492.30769230769,19700.0,43900,13,11119.986626075706,0.46153846153846156,0.0,0.23076923076923078,0.3076923076923077,0.0,0.0,5,10,7,0.0,0.18859230769230767,0.49439065027012374,0.1615,0,0,0,0,0,0,0,0,80400,0,19700,0,43900,0,106300,42100,0,Tunai,P,39.0,1252485,0.861,E,Kelas E (Miskin),Tegal,Kota Kecil,285000,0.0,0.0,0.0,0.0,0.0,0.0,0.0,0.0,0.2749658002735978,0.0,0.0673734610123119,0.0,0.15013679890560874,0.0,0.36354309165526677,0.14398084815321477,0.0,0,Rational Spender,2
BUDU00529,5008500,156515.625,122600.0,511000,32,135964.4904054352,0.1875,0.15625,0.15625,0.28125,0.0,0.0625,9,23,11,0.0,0.2479,0.8686959554704855,0.1219,1147100,0,543700,1278800,0,0,0,372500,879300,0,435600,0,98900,0,158500,94100,0,Kartu Debit,L,29.0,6996197,0.715,C,Kelas C (Menengah),Pekalongan,Kota Kecil,310000,0.22903064789857241,0.0,0.10855545572526705,0.25532594589198365,0.0,0.0,0.0,0.07437356493960268,0.17556154537286614,0.0,0.08697214734950584,0.0,0.019746431067185783,0.0,0.03164620145752221,0.01878806029749426,0.0,1,Emotional Spender,0
BUDU00530,11745300,177959.0909090909,133200.0,735000,66,148053.8633556904,0.25757575757575757,0.18181818181818182,0.16666666666666666,0.10606060606060606,0.015151515151515152,0.06060606060606061,9,41,12,0.015151515151515152,0.1923469696969697,0.8319544823440497,0.1568,4152800,0,1358500,838800,0,0,0,1633900,2062500,0,95600,0,213600,0,640100,749500,0,Gopay,L,21.0,5969195,0.657,C,Kelas C (Menengah),Palembang,Kota Besar,1700000,0.3535712157203307,0.0,0.11566328659123223,0.07141580036269828,0.0,0.0,0.0,0.1391109635343499,0.1756021557559194,0.0,0.008139425983159221,0.0,0.01818599780337667,0.0,0.05449839510272194,0.06381275914621168,0.0,1,Emotional Spender,0
BUDU00531,64086900,660689.6907216494,461800.0,2700000,97,570989.1203145745,0.31958762886597936,0.2268041237113402,0.13402061855670103,0.21649484536082475,0.32989690721649484,0.13402061855670103,10,49,12,0.0,0.0651680412371134,0.8642319205721252,0.266,7148800,10808400,4447300,4860300,0,4972700,0,0,15151100,2676800,0,0,0,7823900,0,1858800,4338800,Kartu Kredit,L,44.0,19603381,0.61,B,Kelas B (Menengah Atas),Depok,Metropolitan,2200000,0.11154853800074586,0.16865225186426555,0.06939483732244811,0.0758392120698614,0.0,0.07759308064518645,0.0,0.0,0.2364149303523809,0.04176828649848877,0.0,0.0,0.0,0.12208267212175967,0.0,0.02900436750724407,0.0677018236176192,1,Emotional Spender,0
BUDU00532,13161800,182802.77777777778,139850.0,862700,72,159387.8377075136,0.2777777777777778,0.2361111111111111,0.20833333333333334,0.2361111111111111,0.027777777777777776,0.1111111111111111,9,38,12,0.0,0.1303,0.8719114646128173,0.1903,3581900,0,1659900,1183000,0,0,0,1083100,3777800,0,49800,0,100300,0,1510200,215800,0,Kartu Debit,L,35.0,6992799,0.815,C,Kelas C (Menengah),Tasikmalaya,Kota Kecil,700000,0.2721436277712775,0.0,0.1261149690771779,0.08988132322326733,0.0,0.0,0.0,0.08229117597896944,0.28702761020529105,0.0,0.0037836770046650154,0.0,0.007620538224255041,0.0,0.11474114482821499,0.016395933686881733,0.0,1,Emotional Spender,0
BUDU00533,507400,21141.666666666668,14600.0,72400,24,16282.183291979709,0.375,0.08333333333333333,0.20833333333333334,0.08333333333333333,0.0,0.08333333333333333,5,16,10,0.0,0.18399166666666666,0.7701466279217836,0.1687,0,0,0,0,0,0,0,0,173400,0,50600,0,78400,0,162500,42500,0,Tunai,P,37.0,978565,0.863,E,Kelas E (Miskin),Pekalongan,Kota Kecil,310000,0.0,0.0,0.0,0.0,0.0,0.0,0.0,0.0,0.3417422152148207,0.0,0.09972408356326369,0.0,0.15451320457232953,0.0,0.3202601497832085,0.08376034686637761,0.0,0,Rational Spender,2
BUDU00534,10117400,190894.3396226415,117500.0,945000,53,196629.42930127215,0.3018867924528302,0.11320754716981132,0.1320754716981132,0.18867924528301888,0.05660377358490566,0.07547169811320754,9,36,12,0.018867924528301886,0.09085471698113207,1.030043267338192,0.1623,2262000,0,2278900,445300,0,0,0,1257100,1829200,0,795300,0,228900,0,279700,741000,0,Gopay,L,29.0,4876099,0.805,C,Kelas C (Menengah),Bekasi,Metropolitan,2700000,0.2235752268369344,0.0,0.2252456164627276,0.04401328404530808,0.0,0.0,0.0,0.12425128985707791,0.1807974380769763,0.0,0.07860715203510783,0.0,0.022624389665329037,0.0,0.027645442504991402,0.07324016051554748,0.0,1,Emotional Spender,0
BUDU00535,478758700,3149728.289473684,2311500.0,23786100,152,3174858.059452615,0.29605263157894735,0.19078947368421054,0.1513157894736842,0.23026315789473684,0.9013157894736842,0.07236842105263158,10,62,12,0.0,0.10209473684210527,1.0079783929499297,0.352,18323800,46414200,39332600,22328900,14506500,13638500,0,0,0,18652100,0,40759400,0,154027400,0,0,110775300,Kartu Kredit,L,37.0,108726524,0.353,A,Kelas A (Kaya),Tangerang Selatan,Metropolitan,1700000,0.03827356035514341,0.09694695887510765,0.08215537388667819,0.046639152458221644,0.030300232664179264,0.028487210780712705,0.0,0.0,0.0,0.03895929201913197,0.0,0.08513558082599856,0.0,0.32172240420905146,0.0,0.0,0.23138023392577514,2,Impulsive Spender,1
BUDU00536,10874400,157600.0,122600.0,676400,69,140017.79928868706,0.2608695652173913,0.15942028985507245,0.14492753623188406,0.13043478260869565,0.0,0.10144927536231885,9,42,12,0.0,0.26084347826086957,0.8884378127454763,0.1543,2475200,0,1108000,1261200,0,0,0,797700,2835300,0,566800,0,94200,0,1422400,313600,0,Gopay,L,41.0,6563328,0.762,C,Kelas C (Menengah),Denpasar,Kota Besar,900000,0.22761715588906054,0.0,0.10189067902596925,0.11597881262414478,0.0,0.0,0.0,0.07335577135290224,0.26073162657250054,0.0,0.052122415949385714,0.0,0.008662546899139263,0.0,0.13080261899507098,0.028838372691826677,0.0,1,Emotional Spender,0
BUDU00537,2017500,53092.10526315789,36250.0,311100,38,54744.67705374058,0.34210526315789475,0.18421052631578946,0.10526315789473684,0.13157894736842105,0.0,0.07894736842105263,7,22,11,0.02631578947368421,0.2874552631578947,1.0311265070840854,0.1868,0,0,359000,0,0,0,75000,0,392300,0,320800,0,209100,0,451900,209400,0,Tunai,L,29.0,2169223,0.889,D,Kelas D (Menengah Bawah),Palembang,Kota Besar,1700000,0.0,0.0,0.17794299876084263,0.0,0.0,0.0,0.03717472118959108,0.0,0.19444857496902107,0.0,0.1590086741016109,0.0,0.10364312267657992,0.0,0.22399008674101611,0.10379182156133829,0.0,0,Rational Spender,2
BUDU00538,6529100,163227.5,116250.0,665000,40,143711.09014090447,0.5,0.1,0.15,0.2,0.0,0.1,8,27,12,0.0,0.3710025,0.8804343026812546,0.22,1655400,0,1415800,65700,0,0,0,519200,1557000,0,0,0,325100,0,628800,362100,0,Gopay,P,33.0,5735152,0.641,C,Kelas C (Menengah),Palembang,Kota Besar,1700000,0.25354183578134815,0.0,0.2168445880749261,0.010062642630684168,0.0,0.0,0.0,0.07952091406166241,0.23847084590525494,0.0,0.0,0.0,0.04979246756827128,0.0,0.09630730115942474,0.055459404818428266,0.0,1,Emotional Spender,0
BUDU00539,362188100,3177088.596491228,2328750.0,15771900,114,2813455.9942287584,0.21929824561403508,0.22807017543859648,0.11403508771929824,0.21929824561403508,0.8421052631578947,0.13157894736842105,10,58,12,0.03508771929824561,0.3311850877192982,0.8855453377459902,0.3333,9397100,56122600,23901700,6770200,30518900,14464200,0,0,0,10778800,0,16652400,0,108181200,0,0,85401000,Kartu Kredit,L,43.0,34233826,0.429,A,Kelas A (Kaya),Bogor,Metropolitan,1100000,0.025945358226844007,0.15495429032593838,0.06599250499947402,0.01869249707541468,0.08426256964268014,0.03993560252255665,0.0,0.0,0.0,0.029760226799279157,0.0,0.045977214602025855,0.0,0.2986878917336047,0.0,0.0,0.23579184407218237,2,Impulsive Spender,1
BUDU00540,234454300,3126057.3333333335,2372900.0,11906900,75,2463858.1763750305,0.26666666666666666,0.2,0.14666666666666667,0.26666666666666666,0.92,0.09333333333333334,10,48,12,0.02666666666666667,0.16782,0.7881679424439103,0.3513,8068400,25310500,6881400,10505300,26159300,8855800,0,0,0,2498200,0,40893200,0,65332200,0,0,39950000,Kartu Kredit,L,45.0,116418936,0.289,A,Kelas A (Kaya),Bekasi,Metropolitan,2700000,0.03441352963029469,0.10795494047240763,0.029350709285349,0.04480745288100922,0.11157526221528033,0.03777196664765799,0.0,0.0,0.0,0.010655381453869689,0.0,0.1744186393680986,0.0,0.27865643752321884,0.0,0.0,0.17039568052281404,2,Impulsive Spender,1
BUDU00541,57413800,546798.0952380953,419500.0,2850000,105,516964.85875603254,0.3142857142857143,0.14285714285714285,0.18095238095238095,0.23809523809523808,0.2,0.13333333333333333,10,55,12,0.0,0.1856104761904762,0.9454401236180746,0.2129,11555900,10215000,4243200,6613200,0,2948600,0,0,9830900,3188500,0,0,0,4984800,0,2231600,1602100,Kartu Kredit,P,36.0,11462912,0.645,B,Kelas B (Menengah Atas),Palembang,Kota Besar,1700000,0.20127390975688772,0.17791889754727958,0.07390557670803884,0.11518485102884672,0.0,0.05135699082798909,0.0,0.0,0.17122886832085665,0.05553542876451306,0.0,0.0,0.0,0.08682233191323341,0.0,0.03886870403979531,0.02790444109255963,1,Emotional Spender,0
BUDU00542,10930900,198743.63636363635,141600.0,875000,55,189828.52277939176,0.4,0.05454545454545454,0.12727272727272726,0.2727272727272727,0.03636363636363636,0.14545454545454545,9,33,12,0.0,0.3417,0.9551426463389608,0.1855,3247500,0,921300,812700,0,0,0,620500,3700400,0,129400,0,124000,0,1081300,293800,0,Gopay,P,31.0,6801228,0.607,C,Kelas C (Menengah),Tasikmalaya,Kota Kecil,700000,0.29709356045705293,0.0,0.08428400223220411,0.074348864228929,0.0,0.0,0.0,0.05676568260618979,0.3385265623141736,0.0,0.011838000530605897,0.0,0.011343988143702714,0.0,0.09892140628859472,0.026877933198547237,0.0,1,Emotional Spender,0
BUDU00543,936800,40730.434782608696,34500.0,117000,23,29310.538514059914,0.30434782608695654,0.17391304347826086,0.17391304347826086,0.2608695652173913,0.0,0.13043478260869565,7,18,9,0.0,0.3073739130434783,0.7196225297004462,0.1783,0,0,137000,0,0,0,106100,0,170500,0,65800,0,40000,0,303600,113800,0,Tunai,P,25.0,2241556,0.916,D,Kelas D (Menengah Bawah),Bandung,Kota Besar,2500000,0.0,0.0,0.14624252775405636,0.0,0.0,0.0,0.11325789923142614,0.0,0.18200256191289496,0.0,0.07023911187019641,0.0,0.04269854824935952,0.0,0.32408198121263876,0.12147736976942784,0.0,0,Rational Spender,2
BUDU00544,59411700,675132.9545454546,418200.0,3158200,88,662699.3621044909,0.3522727272727273,0.125,0.09090909090909091,0.19318181818181818,0.3181818181818182,0.13636363636363635,10,49,12,0.03409090909090909,0.28564545454545454,0.9815834905447107,0.2449,5257500,6535200,7655300,6761800,0,4831100,0,0,10727400,2137800,0,0,0,9307200,0,1139700,5058700,Kartu Debit,L,28.0,9037885,0.678,B,Kelas B (Menengah Atas),Depok,Metropolitan,2200000,0.08849267063558187,0.10999853564196951,0.12885172449197718,0.11381259920184071,0.0,0.08131563311603607,0.0,0.0,0.18056039466973678,0.03598281146642833,0.0,0.0,0.0,0.15665601219961725,0.0,0.01918309019940517,0.08514652837740715,1,Emotional Spender,0
BUDU00545,8498300,151755.35714285713,101950.0,629100,56,127291.53070397514,0.35714285714285715,0.21428571428571427,0.08928571428571429,0.30357142857142855,0.0,0.125,8,38,12,0.0,0.2510767857142857,0.838794314089007,0.208,1400200,0,1399000,468500,0,0,0,1173000,2427500,0,0,0,493800,0,626700,509600,0,Gopay,P,25.0,4418192,0.793,C,Kelas C (Menengah),Medan,Kota Besar,2400000,0.1647623642375534,0.0,0.16462115952602285,0.055128672793382204,0.0,0.0,0.0,0.1380276055211042,0.28564536436699106,0.0,0.0,0.0,0.058105738794817785,0.0,0.07374416059682525,0.05996493416330325,0.0,1,Emotional Spender,0
BUDU00546,317900,22707.14285714286,16150.0,60500,14,16338.88539112065,0.2857142857142857,0.21428571428571427,0.14285714285714285,0.21428571428571427,0.0,0.14285714285714285,4,10,8,0.0,0.27755,0.719548271392542,0.1857,0,0,0,0,0,0,35000,0,0,0,0,0,45600,0,220100,17200,0,Tunai,P,26.0,1181968,0.956,E,Kelas E (Miskin),Tasikmalaya,Kota Kecil,700000,0.0,0.0,0.0,0.0,0.0,0.0,0.1100975149418056,0.0,0.0,0.0,0.0,0.0,0.14344133375275245,0.0,0.6923560868197547,0.054105064485687325,0.0,0,Rational Spender,2
BUDU00547,192700,17518.18181818182,16300.0,41800,11,10133.194775767233,0.36363636363636365,0.0,0.09090909090909091,0.45454545454545453,0.0,0.0,5,10,8,0.0,0.29808181818181817,0.5784387261724938,0.1273,0,0,0,0,0,0,22400,0,40600,0,0,0,8600,0,31200,89900,0,Tunai,L,21.0,1096437,0.861,E,Kelas E (Miskin),Magelang,Kota Kecil,130000,0.0,0.0,0.0,0.0,0.0,0.0,0.11624286455630514,0.0,0.21069019200830305,0.0,0.0,0.0,0.04462895692786715,0.0,0.16190970420342501,0.46652828230409965,0.0,0,Rational Spender,2
BUDU00548,48316000,549045.4545454546,394050.0,3300000,88,505718.120547767,0.2159090909090909,0.22727272727272727,0.1590909090909091,0.20454545454545456,0.25,0.07954545454545454,10,54,12,0.022727272727272728,0.13424318181818182,0.9210860710365819,0.2057,3604500,5888900,3244000,4089400,0,3270800,0,0,11150900,1996500,0,0,0,9321100,0,3666500,2083400,Kartu Kredit,L,37.0,15802615,0.673,B,Kelas B (Menengah Atas),Bogor,Metropolitan,1100000,0.07460261611060519,0.1218830201175594,0.06714131964566603,0.08463862902558159,0.0,0.06769600132461297,0.0,0.0,0.23079104230482655,0.041321715373789224,0.0,0.0,0.0,0.19291952976239754,0.0,0.07588583492010928,0.04312029141485222,1,Emotional Spender,0
BUDU00549,237000,13941.176470588236,9600.0,29300,17,8822.914684468606,0.35294117647058826,0.23529411764705882,0.058823529411764705,0.058823529411764705,0.0,0.11764705882352941,6,13,8,0.0,0.27891764705882355,0.6328672980420519,0.2118,0,0,0,0,0,0,28900,0,16700,0,56400,0,12500,0,41800,80700,0,Gopay,L,43.0,1272005,0.965,E,Kelas E (Miskin),Medan,Kota Besar,2400000,0.0,0.0,0.0,0.0,0.0,0.0,0.1219409282700422,0.0,0.07046413502109705,0.0,0.2379746835443038,0.0,0.052742616033755275,0.0,0.17637130801687764,0.34050632911392403,0.0,0,Rational Spender,2
BUDU00550,462000,23100.0,14100.0,64000,20,18872.592213103777,0.2,0.2,0.05,0.25,0.0,0.15,5,15,12,0.0,0.164545,0.8169953339005964,0.1525,0,0,0,0,0,0,0,0,85100,0,116800,0,161300,0,29900,68900,0,Tunai,P,32.0,1241444,0.972,E,Kelas E (Miskin),Desa Cikaret,Desa,2800,0.0,0.0,0.0,0.0,0.0,0.0,0.0,0.0,0.1841991341991342,0.0,0.2528138528138528,0.0,0.34913419913419913,0.0,0.06471861471861472,0.14913419913419915,0.0,0,Rational Spender,2
BUDU00551,359257300,2944731.9672131147,1927050.0,29198800,122,3553364.2613625093,0.22950819672131148,0.20491803278688525,0.22131147540983606,0.18032786885245902,0.8852459016393442,0.11475409836065574,10,60,12,0.01639344262295082,0.29189754098360654,1.2066851248011554,0.3361,11392500,88870400,23474200,17266600,50726600,10677800,0,0,0,14076500,0,20491000,0,59810400,0,0,62471300,Kartu Kredit,P,46.0,81629914,0.466,A,Kelas A (Kaya),Palembang,Kota Besar,1700000,0.03171125541499087,0.24737256556790913,0.0653409130447732,0.048061932214042695,0.14119852261874707,0.029721873431660262,0.0,0.0,0.0,0.03918222399377828,0.0,0.05703711518179311,0.0,0.16648346463662672,0.0,0.0,0.17389013389567867,2,Impulsive Spender,1
BUDU00552,2174900,57234.21052631579,41200.0,247500,38,53041.65765374592,0.23684210526315788,0.21052631578947367,0.13157894736842105,0.21052631578947367,0.0,0.10526315789473684,7,26,11,0.0,0.302878947368421,0.926747432453145,0.1618,0,0,357100,0,0,0,17800,0,594500,0,268300,0,102000,0,571400,263800,0,Tunai,P,27.0,2186615,0.851,D,Kelas D (Menengah Bawah),Desa Sejahtera,Desa,4100,0.0,0.0,0.16419145707848637,0.0,0.0,0.0,0.00818428433491195,0.0,0.27334590096096373,0.0,0.12336199365488068,0.0,0.0468987079865741,0.0,0.262724722975769,0.12129293300841418,0.0,0,Rational Spender,2
BUDU00553,341700,20100.0,17700.0,50000,17,14222.868908908638,0.29411764705882354,0.17647058823529413,0.17647058823529413,0.35294117647058826,0.0,0.11764705882352941,5,14,11,0.0,0.17544117647058824,0.7076054183536636,0.1735,0,0,0,0,0,0,0,0,95600,0,33200,0,44200,0,120400,48300,0,Tunai,P,18.0,1363847,0.861,E,Kelas E (Miskin),Desa Panyingkiran,Desa,3700,0.0,0.0,0.0,0.0,0.0,0.0,0.0,0.0,0.27977758267486097,0.0,0.09716125256072579,0.0,0.12935323383084577,0.0,0.3523558677202224,0.14135206321334504,0.0,0,Rational Spender,2
BUDU00554,42332400,516248.7804878049,383250.0,2850000,82,491324.08962707827,0.32926829268292684,0.18292682926829268,0.14634146341463414,0.2073170731707317,0.21951219512195122,0.07317073170731707,10,50,12,0.012195121951219513,0.17149146341463414,0.9517196130958891,0.225,5947900,4959300,2447500,3760000,0,3478600,0,0,11034000,1867300,0,0,0,5973100,0,2070000,794700,Kartu Kredit,L,49.0,9128476,0.501,B,Kelas B (Menengah Atas),Palembang,Kota Besar,1700000,0.1405046725439616,0.11715140176318847,0.05781623531857395,0.08882085589288582,0.0,0.08217346524175337,0.0,0.0,0.2606514159367293,0.04411042133212386,0.0,0.0,0.0,0.14109996125898838,0.0,0.04889871587720044,0.018772854834594777,1,Emotional Spender,0
BUDU00555,368900,16768.18181818182,14150.0,42800,22,10222.635312250592,0.09090909090909091,0.045454545454545456,0.13636363636363635,0.3181818181818182,0.0,0.045454545454545456,4,12,10,0.0,0.13405454545454545,0.6096448275129114,0.0523,0,0,0,0,0,0,0,0,70800,0,0,0,26400,0,233600,38100,0,Tunai,L,37.0,1296274,0.859,E,Kelas E (Miskin),Medan,Kota Besar,2400000,0.0,0.0,0.0,0.0,0.0,0.0,0.0,0.0,0.1919219300623475,0.0,0.0,0.0,0.07156410951477366,0.0,0.633233938736785,0.10328002168609379,0.0,0,Rational Spender,2
BUDU00556,8769800,186591.48936170212,130300.0,718500,47,174417.088599597,0.3404255319148936,0.1276595744680851,0.1276595744680851,0.2127659574468085,0.0,0.0851063829787234,9,38,11,0.0,0.10079999999999999,0.9347537189195944,0.1702,1313400,0,2131300,1241100,0,0,0,775600,1534700,0,160300,0,470900,0,324500,818000,0,Kartu Debit,P,24.0,4223579,0.638,C,Kelas C (Menengah),Surabaya,Kota Besar,3100000,0.14976396269014117,0.0,0.24302720700586103,0.1415197609979703,0.0,0.0,0.0,0.08843987320121326,0.17499828958471117,0.0,0.018278638053319345,0.0,0.05369563730073662,0.0,0.037001984081735044,0.09327464708431207,0.0,1,Emotional Spender,0
BUDU00557,42730900,763051.7857142857,538850.0,3972100,56,710671.854461696,0.25,0.26785714285714285,0.21428571428571427,0.16071428571428573,0.42857142857142855,0.08928571428571429,10,38,12,0.03571428571428571,0.1519142857142857,0.9313546836096356,0.267,9056300,8965700,2079000,1957300,0,4205300,0,0,7305800,883400,0,0,0,2897900,0,1246900,4133300,Kartu Kredit,L,36.0,19950918,0.548,B,Kelas B (Menengah Atas),Tangerang Selatan,Metropolitan,1700000,0.21193796526635292,0.2098177197297506,0.0486533164524969,0.045805260361939486,0.0,0.09841356021052682,0.0,0.0,0.17097229405418563,0.0206735640953034,0.0,0.0,0.0,0.0678174342220735,0.0,0.029180288737190183,0.0967285968701806,1,Emotional Spender,0
BUDU00558,24198400,493844.89795918367,423900.0,1918300,49,351103.23924572894,0.32653061224489793,0.2653061224489796,0.20408163265306123,0.24489795918367346,0.1836734693877551,0.061224489795918366,8,31,12,0.04081632653061224,0.1691734693877551,0.7109585230032034,0.2398,6196200,0,4888500,1857800,0,530100,0,0,6124800,2251500,0,0,0,0,0,632900,1716600,Kartu Kredit,L,39.0,12425978,0.519,B,Kelas B (Menengah Atas),Yogyakarta,Kota Besar,420000,0.256058251785242,0.0,0.20201748875958742,0.0767736709865115,0.0,0.02190640703517588,0.0,0.0,0.2531076434805607,0.09304334170854271,0.0,0.0,0.0,0.0,0.0,0.02615462179317641,0.07093857445120338,1,Emotional Spender,0
BUDU00559,1922100,53391.666666666664,40400.0,189100,36,41446.5878312937,0.3888888888888889,0.2222222222222222,0.16666666666666666,0.3333333333333333,0.0,0.1111111111111111,7,25,12,0.0,0.23874444444444443,0.7762744716334078,0.2194,0,0,337700,50000,0,0,190100,0,269400,0,0,0,256900,0,467400,350600,0,Tunai,P,46.0,2938626,0.753,D,Kelas D (Menengah Bawah),Desa Sukamaju,Desa,5000,0.0,0.0,0.17569325217210344,0.026013214713074242,0.0,0.0,0.09890224233910827,0.0,0.14015920087404402,0.0,0.0,0.0,0.13365589719577545,0.0,0.243171531137818,0.18240466156807658,0.0,0,Rational Spender,2
BUDU00560,349000,19388.88888888889,12350.0,67900,18,18138.710275472076,0.3333333333333333,0.1111111111111111,0.05555555555555555,0.16666666666666666,0.0,0.05555555555555555,6,15,10,0.0,0.17891666666666667,0.9355208738065827,0.1583,0,0,0,0,0,0,49400,0,124200,0,52700,0,29400,0,71000,22300,0,Tunai,L,34.0,1162610,0.945,E,Kelas E (Miskin),Desa Cikaret,Desa,2800,0.0,0.0,0.0,0.0,0.0,0.0,0.14154727793696276,0.0,0.35587392550143265,0.0,0.1510028653295129,0.0,0.08424068767908309,0.0,0.2034383954154728,0.06389684813753582,0.0,0,Rational Spender,2
BUDU00561,1938200,55377.142857142855,45500.0,202300,35,39193.21734323791,0.3142857142857143,0.2,0.02857142857142857,0.14285714285714285,0.0,0.08571428571428572,7,21,12,0.0,0.29096571428571427,0.7077508033295465,0.1829,0,0,472800,61100,0,0,233500,0,349100,0,0,0,193000,0,180800,447900,0,Gopay,L,20.0,2367327,0.869,D,Kelas D (Menengah Bawah),Tasikmalaya,Kota Kecil,700000,0.0,0.0,0.24393767413063666,0.0315240945206893,0.0,0.0,0.12047260344649675,0.0,0.18011557114848828,0.0,0.0,0.0,0.09957692704571251,0.0,0.09328242699411825,0.23109070271385823,0.0,0,Rational Spender,2
BUDU00562,5570300,142828.20512820513,116600.0,487200,39,106556.78236389408,0.3076923076923077,0.1282051282051282,0.05128205128205128,0.3333333333333333,0.0,0.10256410256410256,8,26,12,0.0,0.16603076923076923,0.7460485992122272,0.1615,1768500,0,211600,288600,0,0,0,370400,2272700,0,0,0,189000,0,436100,33400,0,Gopay,L,30.0,4943542,0.6,C,Kelas C (Menengah),Bandung,Kota Besar,2500000,0.31748738847099794,0.0,0.03798718201892178,0.051810494946412225,0.0,0.0,0.0,0.0664955208875644,0.40800315961438344,0.0,0.0,0.0,0.03392994991293108,0.0,0.0782902177620595,0.00599608638672962,0.0,1,Emotional Spender,0
BUDU00563,6917100,197631.42857142858,162500.0,675600,35,137081.45232462548,0.3142857142857143,0.11428571428571428,0.2857142857142857,0.2571428571428571,0.0,0.08571428571428572,8,25,11,0.0,0.23956285714285716,0.6936217246189721,0.1571,1421600,0,990700,1121500,0,0,0,433900,2257400,0,130800,0,0,0,168200,393000,0,Kartu Debit,L,30.0,3983274,0.806,C,Kelas C (Menengah),Tangerang Selatan,Metropolitan,1700000,0.20551965419033988,0.0,0.1432247618221509,0.1621344204941377,0.0,0.0,0.0,0.0627286001358951,0.3263506382732648,0.0,0.018909658671986816,0.0,0.0,0.0,0.024316548842723107,0.05681571756950167,0.0,1,Emotional Spender,0
BUDU00564,4044500,134816.66666666666,104750.0,606900,30,112163.55694140198,0.26666666666666666,0.16666666666666666,0.1,0.26666666666666666,0.0,0.1,9,24,11,0.0,0.26818333333333333,0.8319709996889751,0.1583,1245800,0,154300,794200,0,0,0,74700,590500,0,329800,0,269700,0,325800,259700,0,Gopay,L,20.0,5491816,0.703,C,Kelas C (Menengah),Makassar,Kota Besar,1500000,0.30802324143899124,0.0,0.03815057485474101,0.19636543454073432,0.0,0.0,0.0,0.018469526517492892,0.14600074174805291,0.0,0.08154283595005563,0.0,0.06668314995673136,0.0,0.08055383854617382,0.06421065644702682,0.0,1,Emotional Spender,0
BUDU00565,39223600,568457.9710144928,439000.0,2508200,69,450537.2212885534,0.3188405797101449,0.2753623188405797,0.11594202898550725,0.15942028985507245,0.2318840579710145,0.07246376811594203,9,40,12,0.0,0.13145362318840578,0.792560302188228,0.2514,4835600,3816500,3531600,3530100,0,4251100,0,0,8078200,0,0,0,0,4914200,0,1222200,5044100,Kartu Kredit,P,36.0,8094769,0.629,B,Kelas B (Menengah Atas),Tangerang Selatan,Metropolitan,1700000,0.12328292150644,0.09730111463506665,0.09003763040618404,0.08999938812347669,0.0,0.10838117867814274,0.0,0.0,0.20595253877767467,0.0,0.0,0.0,0.0,0.12528681712030512,0.0,0.0311598119499485,0.12859859880276162,1,Emotional Spender,0
BUDU00566,505603400,3859567.9389312975,2455100.0,22630000,131,4091786.45441116,0.3053435114503817,0.1450381679389313,0.16793893129770993,0.183206106870229,0.9312977099236641,0.11450381679389313,10,58,12,0.015267175572519083,0.2767824427480916,1.0601669718357551,0.3538,24856300,39509700,15890200,18903600,44280900,12344200,0,0,0,8784200,0,57676400,0,171306900,0,0,112051000,Kartu Kredit,L,33.0,113282979,0.28,A,Kelas A (Kaya),Medan,Kota Besar,2400000,0.04916165516292018,0.07814365963520024,0.03142819055409833,0.037388197943289146,0.08758030503750568,0.024414788349920117,0.0,0.0,0.0,0.017373696458528563,0.0,0.11407439111366735,0.0,0.33881674846332127,0.0,0.0,0.22161836728154913,2,Impulsive Spender,1
BUDU00567,1178900,43662.96296296296,27300.0,237500,27,45482.46617483191,0.2222222222222222,0.037037037037037035,0.18518518518518517,0.18518518518518517,0.0,0.07407407407407407,8,23,11,0.0,0.18706666666666666,1.0416715469679036,0.1,0,0,102900,85000,0,0,180700,0,19000,0,338700,0,42100,0,202700,207800,0,Dana,L,35.0,2993990,0.82,D,Kelas D (Menengah Bawah),Makassar,Kota Besar,1500000,0.0,0.0,0.08728475697684282,0.07210111120536093,0.0,0.0,0.15327847993892613,0.0,0.016116718975315972,0.0,0.28730172194418524,0.0,0.03571125625583171,0.0,0.17193994401560778,0.17626601068792944,0.0,0,Rational Spender,2
BUDU00568,50571000,683391.8918918918,587700.0,2456700,74,438617.2918393452,0.24324324324324326,0.16216216216216217,0.20270270270270271,0.12162162162162163,0.33783783783783783,0.04054054054054054,10,45,12,0.0,0.19014324324324325,0.6418239622730725,0.2074,9876200,10689300,3289700,738000,0,4860600,0,0,8031400,1353800,0,0,0,5369600,0,3206500,3155900,Kartu Kredit,L,31.0,7092193,0.613,B,Kelas B (Menengah Atas),Depok,Metropolitan,2200000,0.19529374542722114,0.21137213027229043,0.06505111625239762,0.014593344011389927,0.0,0.09611437385062585,0.0,0.0,0.15881434023452176,0.02677028336398331,0.0,0.0,0.0,0.10617943089913191,0.0,0.06340590456981274,0.0624053311186253,1,Emotional Spender,0
BUDU00569,10416600,153185.29411764705,121550.0,703400,68,119136.13593275059,0.19117647058823528,0.27941176470588236,0.22058823529411764,0.3235294117647059,0.0,0.058823529411764705,9,42,12,0.014705882352941176,0.17783088235294117,0.777725672813302,0.1596,1800800,0,310300,1476600,0,0,0,96400,4206200,0,337400,0,421000,0,1136300,631600,0,Kartu Debit,L,26.0,4474900,0.631,C,Kelas C (Menengah),Bandung,Kota Besar,2500000,0.17287790641860107,0.0,0.029788990649540156,0.14175450722884628,0.0,0.0,0.0,0.009254459228539062,0.4037977843058196,0.0,0.03239060729988672,0.0,0.04041625866405545,0.0,0.10908549814718814,0.06063398805752357,0.0,1,Emotional Spender,0
BUDU00570,49441100,716537.6811594203,424800.0,3900000,69,755212.9680352829,0.3333333333333333,0.13043478260869565,0.07246376811594203,0.2028985507246377,0.2898550724637681,0.10144927536231885,10,42,12,0.043478260869565216,0.04097101449275362,1.0539752310210437,0.229,5627300,10209100,6507100,5836900,0,1904600,0,0,7723300,3560100,0,0,0,3745600,0,427100,3900000,Kartu Debit,L,24.0,19174413,0.692,B,Kelas B (Menengah Atas),Tangerang,Metropolitan,2100000,0.11381826051604839,0.20649014686161918,0.1316131720370299,0.11805764839374529,0.0,0.038522605686362156,0.0,0.0,0.15621213929301736,0.0720068930505187,0.0,0.0,0.0,0.07575883222662926,0.0,0.008638561844295536,0.07888174009073423,1,Emotional Spender,0
BUDU00571,1330800,44360.0,35150.0,106300,30,27192.336648655135,0.2,0.2,0.2,0.13333333333333333,0.0,0.06666666666666667,7,22,12,0.0,0.20954666666666666,0.6129922598885288,0.14,0,0,209800,17900,0,0,34800,0,456200,0,64400,0,0,0,429300,118400,0,Gopay,P,22.0,2306371,0.835,D,Kelas D (Menengah Bawah),Tegal,Kota Kecil,285000,0.0,0.0,0.15764953411481816,0.013450556056507364,0.0,0.0,0.026149684400360685,0.0,0.3428013225127743,0.0,0.04839194469492035,0.0,0.0,0.0,0.32258791704238055,0.08896904117823866,0.0,0,Rational Spender,2
BUDU00572,327100,16355.0,14150.0,36500,20,8673.642772639902,0.25,0.35,0.1,0.2,0.0,0.05,4,14,10,0.0,0.179775,0.5303358466915257,0.2,0,0,0,0,0,0,22500,0,0,0,0,0,81300,0,124900,98400,0,Tunai,P,42.0,1375860,0.956,E,Kelas E (Miskin),Desa Rawa Indah,Desa,6500,0.0,0.0,0.0,0.0,0.0,0.0,0.0687863038826047,0.0,0.0,0.0,0.0,0.0,0.24854784469581168,0.0,0.38184041577499234,0.30082543564659125,0.0,0,Rational Spender,2
BUDU00573,8886400,193182.60869565216,141900.0,607700,46,146970.7020000136,0.32608695652173914,0.1956521739130435,0.2608695652173913,0.1956521739130435,0.0,0.13043478260869565,8,32,11,0.0,0.3248217391304348,0.7607864030429226,0.1924,3090100,0,1386900,0,0,0,0,573000,2180000,0,593800,0,125200,0,733000,204400,0,Gopay,L,31.0,3597526,0.734,C,Kelas C (Menengah),Medan,Kota Besar,2400000,0.34773361541231546,0.0,0.15606994958588405,0.0,0.0,0.0,0.0,0.06448055455527547,0.24531868923298525,0.0,0.06682120993878286,0.0,0.01408894490457328,0.0,0.08248559596687072,0.023001440403312926,0.0,1,Emotional Spender,0
BUDU00574,384201000,2845933.3333333335,1943900.0,19559100,135,3003472.339878946,0.3037037037037037,0.16296296296296298,0.2222222222222222,0.22962962962962963,0.8666666666666667,0.1037037037037037,10,58,12,0.02962962962962963,0.05720888888888889,1.0553558316705518,0.3441,14177400,39019300,26880200,25952500,24869500,18171600,0,0,0,10681300,0,39408600,0,113389800,0,0,71650800,Kartu Kredit,L,46.0,52915857,0.312,A,Kelas A (Kaya),Medan,Kota Besar,2400000,0.03690099713431251,0.10155960031337763,0.06996389910489562,0.06754927759167727,0.06473044057667732,0.04729711791484145,0.0,0.0,0.0,0.027801333156342645,0.0,0.10257287201230605,0.0,0.2951314546292175,0.0,0.0,0.18649300756635198,2,Impulsive Spender,1
BUDU00575,61527700,615277.0,511250.0,3750000,100,547280.694116397,0.32,0.22,0.12,0.23,0.26,0.11,10,50,12,0.0,0.400839,0.8894866769217717,0.2465,12129800,4436400,7638000,5574500,0,3508300,0,0,16873600,2950200,0,0,0,4706800,0,1753800,1956300,Kartu Kredit,L,44.0,10388777,0.473,B,Kelas B (Menengah Atas),Surabaya,Kota Besar,3100000,0.1971437255089984,0.07210410920609742,0.12413920884414661,0.09060146893187947,0.0,0.05701984634562969,0.0,0.0,0.2742439584122273,0.04794913510500149,0.0,0.0,0.0,0.076498877741245,0.0,0.028504234678039322,0.03179543522673527,1,Emotional Spender,0
BUDU00576,475500,20673.91304347826,13800.0,81000,23,20231.236366104415,0.30434782608695654,0.17391304347826086,0.0,0.2608695652173913,0.0,0.17391304347826086,5,17,11,0.0,0.3096260869565217,0.9785876686023166,0.1848,0,0,0,0,0,0,26600,0,110800,0,0,0,30200,0,147300,160600,0,Tunai,L,18.0,1231328,0.933,E,Kelas E (Miskin),Yogyakarta,Kota Besar,420000,0.0,0.0,0.0,0.0,0.0,0.0,0.05594111461619348,0.0,0.23301787592008413,0.0,0.0,0.0,0.06351209253417456,0.0,0.30977917981072556,0.3377497371188223,0.0,0,Rational Spender,2
BUDU00577,1265100,60242.857142857145,34200.0,337500,21,75559.97334189956,0.38095238095238093,0.19047619047619047,0.23809523809523808,0.14285714285714285,0.0,0.19047619047619047,6,17,11,0.0,0.2907285714285714,1.25425613799691,0.219,0,0,0,0,0,0,144000,0,725800,0,113400,0,142100,0,64800,75000,0,Gopay,P,30.0,2126825,0.879,D,Kelas D (Menengah Bawah),Desa Sejahtera,Desa,4100,0.0,0.0,0.0,0.0,0.0,0.0,0.1138249940716149,0.0,0.5737095881748479,0.0,0.08963718283139673,0.0,0.11232313651094775,0.0,0.0512212473322267,0.05928385107896609,0.0,0,Rational Spender,2
BUDU00578,9865200,142973.91304347827,116000.0,454800,69,107005.35397843955,0.3188405797101449,0.15942028985507245,0.2028985507246377,0.17391304347826086,0.0,0.14492753623188406,9,42,12,0.0,0.24126521739130435,0.7484257211726401,0.1812,2362200,0,1289700,1366100,0,0,0,608300,2153300,0,509400,0,365900,0,741800,468500,0,Ovo,L,30.0,4445948,0.708,C,Kelas C (Menengah),Makassar,Kota Besar,1500000,0.23944775574747598,0.0,0.13073227101325874,0.13847666545026963,0.0,0.0,0.0,0.061661192880022704,0.2182723107488951,0.0,0.05163605400802822,0.0,0.03708997283379962,0.0,0.07519360986092527,0.04749016745732474,0.0,1,Emotional Spender,0
BUDU00579,52374100,680183.1168831169,583500.0,2844200,77,514549.26376663754,0.23376623376623376,0.18181818181818182,0.06493506493506493,0.18181818181818182,0.36363636363636365,0.09090909090909091,10,46,12,0.012987012987012988,0.253938961038961,0.7564863799097472,0.2227,4174900,6780100,2012900,9620100,0,4599100,0,0,7347400,3815200,0,0,0,7987300,0,1813700,4223400,Kartu Kredit,L,37.0,14642730,0.648,B,Kelas B (Menengah Atas),Tangerang Selatan,Metropolitan,1700000,0.07971306428177286,0.12945520782218692,0.03843311865979559,0.18368048329231432,0.0,0.08781248746995175,0.0,0.0,0.14028689753141343,0.07284516583578525,0.0,0.0,0.0,0.1525047685783622,0.0,0.034629712014144394,0.08063909451427327,1,Emotional Spender,0
BUDU00580,6754500,168862.5,125750.0,631800,40,131754.15468075773,0.2,0.15,0.15,0.175,0.0,0.1,7,31,12,0.0,0.276265,0.7802451976060861,0.13,1829900,0,880200,1335800,0,0,0,0,2070600,0,123900,0,156500,0,357600,0,0,Gopay,P,38.0,3425063,0.608,C,Kelas C (Menengah),Makassar,Kota Besar,1500000,0.2709156858390703,0.0,0.13031312458361094,0.19776445332741135,0.0,0.0,0.0,0.0,0.30655118809682436,0.0,0.018343326671108152,0.0,0.02316973869272337,0.0,0.05294248278925161,0.0,0.0,1,Emotional Spender,0
BUDU00581,7408500,151193.8775510204,112800.0,547500,49,123291.55217100114,0.2653061224489796,0.14285714285714285,0.1836734693877551,0.22448979591836735,0.0,0.08163265306122448,9,32,11,0.0,0.3081979591836735,0.8154533382437815,0.148,1994200,0,668800,1392600,0,0,0,144800,939300,0,132800,0,295600,0,1144500,695900,0,Kartu Debit,P,30.0,6862071,0.661,C,Kelas C (Menengah),Bandung,Kota Besar,2500000,0.26917729634878856,0.0,0.09027468448403861,0.18797327394209354,0.0,0.0,0.0,0.019545117095228454,0.1267867989471553,0.0,0.017925356009988527,0.0,0.03990011473307687,0.0,0.15448471350475804,0.0939326449348721,0.0,1,Emotional Spender,0
BUDU00582,2621100,63929.26829268293,38500.0,325000,41,67191.6112468753,0.1951219512195122,0.24390243902439024,0.04878048780487805,0.2682926829268293,0.0,0.14634146341463414,6,26,12,0.0,0.2504487804878049,1.0510305067040124,0.1634,0,0,340300,0,0,0,0,0,1050200,0,269700,0,43200,0,535200,382500,0,Gopay,P,33.0,1929134,0.759,D,Kelas D (Menengah Bawah),Makassar,Kota Besar,1500000,0.0,0.0,0.12983098699019496,0.0,0.0,0.0,0.0,0.0,0.40067147380870627,0.0,0.10289573080004578,0.0,0.01648162985006295,0.0,0.20418908092022434,0.1459310976307657,0.0,0,Rational Spender,2
BUDU00583,52448300,681146.7532467532,522500.0,3000000,77,621609.0486506127,0.24675324675324675,0.23376623376623376,0.22077922077922077,0.15584415584415584,0.35064935064935066,0.1038961038961039,10,48,12,0.0,0.26197922077922076,0.9125919571482236,0.2422,9537100,9496200,4442600,2598700,0,5067400,0,0,10159100,2216700,0,0,0,4632400,0,1008500,3289600,Kartu Kredit,P,44.0,12575497,0.573,B,Kelas B (Menengah Atas),Makassar,Kota Besar,1500000,0.18183811486740276,0.18105829931570708,0.08470436601376975,0.04954784044478086,0.0,0.09661704955165372,0.0,0.0,0.19369741249954717,0.042264477590312745,0.0,0.0,0.0,0.08832316776711542,0.0,0.019228459263693962,0.06272081268601652,1,Emotional Spender,0
BUDU00584,297300,21235.714285714286,15800.0,54400,14,14974.162729533475,0.0,0.2857142857142857,0.07142857142857142,0.35714285714285715,0.0,0.0,4,12,7,0.0,0.34262857142857145,0.7051405254405269,0.0857,0,0,0,0,0,0,0,0,50000,0,105000,0,62100,0,80200,0,0,Tunai,L,29.0,824255,0.979,E,Kelas E (Miskin),Desa Rawa Indah,Desa,6500,0.0,0.0,0.0,0.0,0.0,0.0,0.0,0.0,0.16818028927009754,0.0,0.35317860746720486,0.0,0.20887991927346114,0.0,0.2697611839892365,0.0,0.0,0,Rational Spender,2
BUDU00585,9648600,172296.42857142858,119850.0,735000,56,142899.69268277372,0.26785714285714285,0.10714285714285714,0.125,0.2857142857142857,0.017857142857142856,0.125,9,34,12,0.0,0.2917446428571429,0.8293827902737525,0.1482,1871900,0,417500,901900,0,0,0,722800,3340700,0,1024600,0,87400,0,300400,981400,0,Gopay,P,20.0,4533551,0.666,C,Kelas C (Menengah),Bandung,Kota Besar,2500000,0.19400742076570693,0.0,0.04327052629397011,0.09347470099289017,0.0,0.0,0.0,0.07491242252762059,0.34623675973716395,0.0,0.10619157183425575,0.0,0.009058308977468234,0.0,0.031134050535829034,0.10171423833509524,0.0,1,Emotional Spender,0
BUDU00586,6507200,162680.0,137050.0,446400,40,101695.33231857112,0.25,0.25,0.125,0.3,0.0,0.1,8,29,12,0.0,0.2643175,0.6251249835171571,0.1775,2137700,0,1428900,535500,0,0,0,0,1263800,0,117500,0,182100,0,368800,472900,0,Gopay,P,41.0,3779986,0.805,C,Kelas C (Menengah),Semarang,Kota Besar,1800000,0.3285130317187116,0.0,0.21958753380870422,0.0822934595524957,0.0,0.0,0.0,0.0,0.1942156380624539,0.0,0.018056921563806245,0.0,0.027984386525694616,0.0,0.05667568232112122,0.07267334644701254,0.0,1,Emotional Spender,0
BUDU00587,27727400,533219.2307692308,424350.0,3908500,52,571274.1459395869,0.23076923076923078,0.19230769230769232,0.21153846153846154,0.3076923076923077,0.17307692307692307,0.07692307692307693,10,36,12,0.038461538461538464,0.26195769230769234,1.0713682346292304,0.1846,1522900,5186100,2418000,2715500,0,2116200,0,0,5171100,935900,0,0,0,4733000,0,1864500,1064200,Kartu Debit,P,49.0,16624917,0.572,B,Kelas B (Menengah Atas),Surabaya,Kota Besar,3100000,0.05492401018487128,0.18703881359233104,0.08720615708649206,0.09793561603323787,0.0,0.07632161688438152,0.0,0.0,0.18649783246896573,0.033753615557174495,0.0,0.0,0.0,0.1706975771258755,0.0,0.06724395363431118,0.038380807432359325,1,Emotional Spender,0
BUDU00588,229314300,3057524.0,1838300.0,20641800,75,3842216.031985089,0.29333333333333333,0.17333333333333334,0.13333333333333333,0.2,0.8533333333333334,0.10666666666666667,10,48,12,0.05333333333333334,0.28484266666666663,1.2566429673111608,0.3413,8617200,82896300,11760400,16417900,11595100,11283900,0,0,0,5711300,0,30992800,0,31291000,0,0,18748400,Kartu Kredit,L,31.0,114222306,0.467,A,Kelas A (Kaya),Depok,Metropolitan,2200000,0.03757811876538009,0.3614964265202824,0.0512850703161556,0.07159562225295152,0.050564225606514725,0.04920713623180063,0.0,0.0,0.0,0.024905991471094475,0.0,0.13515424027197606,0.0,0.13645463889517576,0.0,0.0,0.08175852966866873,2,Impulsive Spender,1
BUDU00589,4575000,130714.28571428571,94700.0,435500,35,106866.13986075993,0.17142857142857143,0.22857142857142856,0.17142857142857143,0.22857142857142856,0.0,0.11428571428571428,8,28,11,0.0,0.35486,0.8175551683336825,0.1457,431700,0,313100,473400,0,0,0,1681400,780800,0,0,0,238500,0,190500,465600,0,Gopay,L,37.0,6554986,0.612,C,Kelas C (Menengah),Blitar,Kota Kecil,150000,0.09436065573770491,0.0,0.06843715846994536,0.10347540983606557,0.0,0.0,0.0,0.3675191256830601,0.17066666666666666,0.0,0.0,0.0,0.05213114754098361,0.0,0.04163934426229508,0.10177049180327868,0.0,1,Emotional Spender,0
BUDU00590,643300,30633.333333333332,21000.0,135200,21,28261.81758722063,0.42857142857142855,0.19047619047619047,0.23809523809523808,0.0,0.0,0.14285714285714285,6,15,9,0.0,0.28991904761904763,0.9225838167754287,0.2286,0,0,73900,0,0,0,212900,0,49900,0,0,0,64900,0,58200,183500,0,Gopay,L,23.0,2828339,0.804,D,Kelas D (Menengah Bawah),Desa Cikaret,Desa,2800,0.0,0.0,0.1148764184672781,0.0,0.0,0.0,0.3309497901445671,0.0,0.07756878594745842,0.0,0.0,0.0,0.10088605627234572,0.0,0.09047100886056272,0.285247940307788,0.0,0,Rational Spender,2
BUDU00591,5878800,167965.7142857143,130000.0,523200,35,122121.63642874105,0.34285714285714286,0.17142857142857143,0.17142857142857143,0.17142857142857143,0.0,0.08571428571428572,9,26,11,0.0,0.3329828571428572,0.7270628827321794,0.1843,1500300,0,623300,256300,0,0,0,367000,2157500,0,160800,0,133800,0,519500,160300,0,Ovo,L,28.0,3964257,0.632,C,Kelas C (Menengah),Pekalongan,Kota Kecil,310000,0.2552051439069198,0.0,0.10602503912363068,0.04359733278900456,0.0,0.0,0.0,0.06242770633462611,0.3669966659862557,0.0,0.027352520922637274,0.0,0.02275974688711982,0.0,0.08836837449819691,0.02726746955160917,0.0,1,Emotional Spender,0
BUDU00592,395300,21961.11111111111,17850.0,79300,18,18517.436580594513,0.16666666666666666,0.2222222222222222,0.2222222222222222,0.2222222222222222,0.0,0.1111111111111111,3,12,10,0.0,0.3415111111111111,0.8431921539354952,0.1417,0,0,0,0,0,0,0,0,155400,0,0,0,116700,0,123200,0,0,Tunai,L,18.0,1247070,0.859,E,Kelas E (Miskin),Desa Makmur,Desa,3200,0.0,0.0,0.0,0.0,0.0,0.0,0.0,0.0,0.39311915001264863,0.0,0.0,0.0,0.2952188211484948,0.0,0.3116620288388566,0.0,0.0,0,Rational Spender,2
BUDU00593,280800,23400.0,18350.0,67600,12,21602.525104929075,0.4166666666666667,0.16666666666666666,0.0,0.5,0.0,0.0,6,12,8,0.0,0.36425,0.9231848335439775,0.1958,0,0,0,0,0,0,41400,0,88300,0,56600,0,33500,0,45000,16000,0,Tunai,P,27.0,1337095,0.857,E,Kelas E (Miskin),Medan,Kota Besar,2400000,0.0,0.0,0.0,0.0,0.0,0.0,0.14743589743589744,0.0,0.31445868945868943,0.0,0.20156695156695156,0.0,0.1193019943019943,0.0,0.16025641025641027,0.05698005698005698,0.0,0,Rational Spender,2
BUDU00594,38230600,554066.6666666666,387100.0,2754000,69,530670.6028465212,0.2318840579710145,0.2028985507246377,0.14492753623188406,0.3188405797101449,0.2318840579710145,0.13043478260869565,10,39,12,0.0,0.2034608695652174,0.9577739192272673,0.208,4977000,196500,3397600,5169900,0,138200,0,0,7847900,1667200,0,0,0,7452400,0,2265300,5118600,Kartu Debit,P,48.0,8362864,0.488,B,Kelas B (Menengah Atas),Yogyakarta,Kota Besar,420000,0.13018367485731325,0.00513986178610851,0.08887121834342124,0.13522937123665335,0.0,0.00361490533760914,0.0,0.0,0.20527797104936882,0.043609046156743554,0.0,0.0,0.0,0.19493285483356265,0.0,0.05925358220901582,0.13388751419020367,1,Emotional Spender,0
BUDU00595,2322700,59556.41025641026,49100.0,312500,39,65307.6758399557,0.20512820512820512,0.15384615384615385,0.23076923076923078,0.2564102564102564,0.0,0.10256410256410256,6,26,12,0.0,0.21870769230769233,1.0965683720490258,0.1333,0,0,0,0,0,0,110800,0,1087400,0,66600,0,303700,0,410000,344200,0,Ovo,L,30.0,1570837,0.816,D,Kelas D (Menengah Bawah),Desa Panyingkiran,Desa,3700,0.0,0.0,0.0,0.0,0.0,0.0,0.04770310414603694,0.0,0.4681620527833986,0.0,0.028673526499332674,0.0,0.13075300297068068,0.0,0.17651870667757352,0.14818960692297756,0.0,0,Rational Spender,2
BUDU00596,6797600,135952.0,115000.0,435500,50,92839.68460057743,0.14,0.16,0.14,0.18,0.0,0.08,9,34,12,0.0,0.269782,0.6828857582130269,0.109,1131900,0,579100,1090500,0,0,0,586000,2106100,0,265500,0,201800,0,549400,287300,0,Gopay,L,28.0,6372579,0.746,C,Kelas C (Menengah),Medan,Kota Besar,2400000,0.1665146522301989,0.0,0.08519183241143934,0.16042426738849005,0.0,0.0,0.0,0.08620689655172414,0.309829939978816,0.0,0.03905790278921972,0.0,0.029686948334706368,0.0,0.0808226432858656,0.042264917029539835,0.0,1,Emotional Spender,0
BUDU00597,325600,17136.842105263157,16900.0,35800,19,9444.293428445195,0.3157894736842105,0.15789473684210525,0.15789473684210525,0.2631578947368421,0.0,0.05263157894736842,5,15,9,0.05263157894736842,0.2689315789473684,0.5511104887606226,0.1658,0,0,0,0,0,0,36100,0,49700,0,26800,0,0,0,153100,59900,0,Tunai,P,33.0,918442,0.91,E,Kelas E (Miskin),Desa Sukamaju,Desa,5000,0.0,0.0,0.0,0.0,0.0,0.0,0.11087223587223587,0.0,0.15264127764127763,0.0,0.08230958230958231,0.0,0.0,0.0,0.4702088452088452,0.18396805896805896,0.0,0,Rational Spender,2
BUDU00598,238300,19858.333333333332,10100.0,67700,12,21723.864478466716,0.16666666666666666,0.25,0.3333333333333333,0.16666666666666666,0.0,0.25,5,9,8,0.0,0.27519166666666667,1.093941979612256,0.1708,0,0,0,0,0,0,78900,0,0,0,49200,0,10700,0,78400,21100,0,Tunai,L,42.0,1385403,0.875,E,Kelas E (Miskin),Desa Makmur,Desa,3200,0.0,0.0,0.0,0.0,0.0,0.0,0.3310952580780529,0.0,0.0,0.0,0.20646244229962232,0.0,0.04490138480906421,0.0,0.32899706252622746,0.08854385228703315,0.0,0,Rational Spender,2
BUDU00599,38422300,651225.4237288135,490900.0,3200800,59,583978.5218633149,0.3220338983050847,0.2033898305084746,0.1016949152542373,0.23728813559322035,0.3050847457627119,0.1016949152542373,10,39,12,0.0,0.3344627118644068,0.8967379045485455,0.25,7438000,5139800,2984300,4995900,0,2572400,0,0,3237800,1421600,0,0,0,7328100,0,982300,2322100,Kartu Debit,L,31.0,18693665,0.587,B,Kelas B (Menengah Atas),Bekasi,Metropolitan,2700000,0.19358549592294058,0.13377127345317694,0.0776710399950029,0.13002605257884092,0.0,0.06695070310731008,0.0,0.0,0.08426877100017438,0.03699934673353755,0.0,0.0,0.0,0.1907251778264185,0.0,0.025565882313135863,0.06043625706946226,1,Emotional Spender,0
BUDU00600,225559400,3470144.6153846155,2070800.0,19089400,65,3738532.951783642,0.26153846153846155,0.13846153846153847,0.16923076923076924,0.2923076923076923,0.9692307692307692,0.13846153846153847,10,41,12,0.03076923076923077,0.21707384615384615,1.0773421185990775,0.3477,5768000,18412200,12686300,6925900,5134400,8196600,0,0,0,14417700,0,21683900,0,86030500,0,0,46303900,Kartu Kredit,P,54.0,90356489,0.312,A,Kelas A (Kaya),Yogyakarta,Kota Besar,420000,0.02557197793574553,0.08162905203684706,0.05624372116613185,0.030705437237375167,0.02276296177414907,0.03633898653747084,0.0,0.0,0.0,0.06391974796882773,0.0,0.0961338787033482,0.0,0.3814095089807829,0.0,0.0,0.20528472765932168,2,Impulsive Spender,1
BUDU00601,270000,22500.0,24100.0,39300,12,11574.030491500436,0.16666666666666666,0.25,0.4166666666666667,0.25,0.0,0.0,5,9,7,0.0,0.15887500000000002,0.5144013551777972,0.1333,0,0,0,0,0,0,33700,0,102300,0,16500,0,14300,0,103200,0,0,Tunai,L,21.0,1012061,0.963,E,Kelas E (Miskin),Cirebon,Kota Kecil,320000,0.0,0.0,0.0,0.0,0.0,0.0,0.12481481481481481,0.0,0.3788888888888889,0.0,0.06111111111111111,0.0,0.05296296296296296,0.0,0.38222222222222224,0.0,0.0,0,Rational Spender,2
BUDU00602,1390000,57916.666666666664,39650.0,226300,24,51026.15413488558,0.2916666666666667,0.08333333333333333,0.16666666666666666,0.125,0.0,0.125,7,23,10,0.0,0.3214958333333333,0.8810271217534201,0.1458,0,0,220000,0,0,0,407900,0,282600,0,27600,0,105000,0,134300,212600,0,Tunai,P,29.0,1526570,0.815,D,Kelas D (Menengah Bawah),Denpasar,Kota Besar,900000,0.0,0.0,0.15827338129496402,0.0,0.0,0.0,0.29345323741007195,0.0,0.20330935251798563,0.0,0.019856115107913668,0.0,0.07553956834532374,0.0,0.09661870503597123,0.15294964028776978,0.0,0,Rational Spender,2
BUDU00603,5396300,145845.94594594595,118600.0,541600,37,115130.98963691217,0.2702702702702703,0.08108108108108109,0.08108108108108109,0.3783783783783784,0.0,0.13513513513513514,8,30,12,0.0,0.32394594594594595,0.7894013706735634,0.1392,1004100,0,441800,658300,0,0,0,960500,1769900,0,0,0,34200,0,359900,167600,0,Gopay,L,39.0,4447073,0.675,C,Kelas C (Menengah),Semarang,Kota Besar,1800000,0.18607193817986398,0.0,0.08187091155050683,0.12199099382910512,0.0,0.0,0.0,0.1779923280766451,0.32798398902952025,0.0,0.0,0.0,0.006337675814910217,0.0,0.06669384578322184,0.031058317736226675,0.0,1,Emotional Spender,0
BUDU00604,4893000,148272.72727272726,150200.0,316400,33,82153.32948490004,0.48484848484848486,0.09090909090909091,0.030303030303030304,0.18181818181818182,0.0,0.030303030303030304,7,25,11,0.0,0.0847969696969697,0.554069052319988,0.2015,555700,0,1151300,151100,0,0,0,0,1749500,0,254500,0,0,0,836800,194100,0,Gopay,P,18.0,5472411,0.697,C,Kelas C (Menengah),Bandung,Kota Besar,2500000,0.11357040670345392,0.0,0.23529531984467605,0.030880850194154916,0.0,0.0,0.0,0.0,0.3575516043327202,0.0,0.052013079910075616,0.0,0.0,0.0,0.17101982423870835,0.039668914776210915,0.0,1,Emotional Spender,0
BUDU00605,192134700,2596414.864864865,1824150.0,15118200,74,2534571.6448596786,0.3108108108108108,0.0945945945945946,0.1891891891891892,0.13513513513513514,0.8648648648648649,0.12162162162162163,10,51,12,0.02702702702702703,0.11551891891891891,0.9761813025945663,0.3284,8478900,20273500,11552200,8760300,27517000,16729500,0,0,0,16424500,0,12304000,0,36105300,0,0,33989500,Kartu Kredit,L,26.0,24883609,0.278,A,Kelas A (Kaya),Tangerang Selatan,Metropolitan,1700000,0.044129977562616225,0.10551711897954924,0.060125526518635106,0.045594575055937316,0.143217232493662,0.0870717262420583,0.0,0.0,0.0,0.08548429825533857,0.0,0.06403840638885115,0.0,0.18791660225872786,0.0,0.0,0.1769045362446242,2,Impulsive Spender,1
BUDU00606,1715500,59155.1724137931,46300.0,219000,29,50137.76439690158,0.3448275862068966,0.20689655172413793,0.3103448275862069,0.034482758620689655,0.0,0.13793103448275862,5,19,11,0.0,0.16160689655172414,0.847563490241997,0.2034,0,0,271800,0,0,0,0,0,256200,0,0,0,213600,0,731100,242800,0,Dana,L,27.0,1871194,0.762,D,Kelas D (Menengah Bawah),Pekalongan,Kota Kecil,310000,0.0,0.0,0.1584377732439522,0.0,0.0,0.0,0.0,0.0,0.14934421451471874,0.0,0.0,0.0,0.12451180413873507,0.0,0.42617312736811425,0.14153308073447973,0.0,0,Rational Spender,2
BUDU00607,6402300,168481.57894736843,145750.0,455800,38,103881.06467224692,0.15789473684210525,0.07894736842105263,0.18421052631578946,0.2894736842105263,0.0,0.02631578947368421,7,28,11,0.0,0.2078763157894737,0.6165722408424134,0.0829,793600,0,1391200,788500,0,0,0,847100,2262900,0,0,0,0,0,280800,38200,0,Gopay,P,22.0,3040457,0.719,C,Kelas C (Menengah),Kediri,Kota Kecil,320000,0.12395545350889524,0.0,0.21729690892335568,0.12315886478296863,0.0,0.0,0.0,0.13231182543773332,0.35345110350967623,0.0,0.0,0.0,0.0,0.0,0.04385923808631273,0.005966605751058214,0.0,1,Emotional Spender,0
BUDU00608,48520600,693151.4285714285,522600.0,2850000,70,579512.4874529208,0.2571428571428571,0.2857142857142857,0.12857142857142856,0.2,0.34285714285714286,0.11428571428571428,9,40,12,0.0,0.2630285714285714,0.8360546679493752,0.2614,9775500,7458300,5171900,7499700,0,1572300,0,0,7704100,1864200,0,0,0,7187900,0,286700,0,Kartu Debit,L,35.0,10123185,0.608,B,Kelas B (Menengah Atas),Bogor,Metropolitan,1100000,0.20147112772719217,0.15371409257099047,0.10659183934246486,0.1545673384088408,0.0,0.032404793015750014,0.0,0.0,0.15877998211069114,0.03842079446668013,0.0,0.0,0.0,0.1481412018812628,0.0,0.005908830476127665,0.0,1,Emotional Spender,0
BUDU00609,8687200,170337.25490196078,141300.0,614700,51,122072.14090165589,0.2549019607843137,0.21568627450980393,0.13725490196078433,0.23529411764705882,0.0,0.0784313725490196,9,30,12,0.0196078431372549,0.2694725490196078,0.7166496898867818,0.1657,1717200,0,1551600,168800,0,0,0,92700,3262400,0,725800,0,240700,0,559300,368700,0,Kartu Debit,P,27.0,6742092,0.728,C,Kelas C (Menengah),Depok,Metropolitan,2200000,0.19767013537158118,0.0,0.178607606593609,0.019430886821990977,0.0,0.0,0.0,0.010670872087669215,0.3755410258771526,0.0,0.08354820885901096,0.0,0.02770743162353808,0.0,0.06438207938115849,0.04244175338428953,0.0,1,Emotional Spender,0
BUDU00610,424046200,2965358.041958042,1964400.0,23565300,143,3243324.3650550153,0.3146853146853147,0.20279720279720279,0.13286713286713286,0.22377622377622378,0.8951048951048951,0.11888111888111888,10,61,12,0.013986013986013986,0.32490909090909087,1.0937378620604716,0.3678,14290100,68970700,22463600,22189500,78687800,8550900,0,0,0,32115700,0,25533800,0,84580600,0,0,66663500,Kartu Kredit,P,43.0,23619336,0.33,A,Kelas A (Kaya),Tangerang Selatan,Metropolitan,1700000,0.03369939407545687,0.162649022677246,0.05297441646688498,0.05232802463505156,0.18556421446531063,0.02016501975492293,0.0,0.0,0.0,0.07573632307045788,0.0,0.06021466528882938,0.0,0.19946081346796646,0.0,0.0,0.1572081060978733,2,Impulsive Spender,1
BUDU00611,4306700,138925.8064516129,113100.0,462100,31,102737.45817289794,0.22580645161290322,0.12903225806451613,0.16129032258064516,0.22580645161290322,0.0,0.06451612903225806,8,25,12,0.03225806451612903,0.30434193548387095,0.7395131314834643,0.1274,1325900,0,598300,686200,0,0,0,0,347800,0,419500,0,127700,0,183600,617700,0,Ovo,L,38.0,5773603,0.697,C,Kelas C (Menengah),Tangerang Selatan,Metropolitan,1700000,0.30786913413982864,0.0,0.13892307335082546,0.1593331320965008,0.0,0.0,0.0,0.0,0.08075788887082917,0.0,0.0974063668237862,0.0,0.02965147328581048,0.0,0.04263124898414099,0.14342768244827828,0.0,1,Emotional Spender,0
BUDU00612,9176500,145658.73015873015,112200.0,601600,63,111236.0750762157,0.2698412698412698,0.1111111111111111,0.19047619047619047,0.25396825396825395,0.0,0.031746031746031744,9,39,12,0.047619047619047616,0.3100650793650793,0.7636759908245616,0.1325,1797200,0,1374700,652700,0,0,0,776700,1993000,0,630800,0,538700,0,812900,599800,0,Gopay,P,41.0,3239049,0.765,C,Kelas C (Menengah),Tangerang Selatan,Metropolitan,1700000,0.19584809023048003,0.0,0.14980657113278484,0.07112733613033291,0.0,0.0,0.0,0.08464011333297008,0.2171852013294829,0.0,0.06874080531793167,0.0,0.05870429902468261,0.0,0.08858497248406255,0.06536261101727238,0.0,1,Emotional Spender,0
BUDU00613,1529600,46351.51515151515,23800.0,255600,33,50383.66625958829,0.3333333333333333,0.21212121212121213,0.12121212121212122,0.21212121212121213,0.0,0.09090909090909091,6,24,11,0.0,0.2324878787878788,1.0869907077447787,0.1939,0,0,174200,0,0,0,0,0,524100,0,152400,0,137700,0,392000,149200,0,Gopay,P,24.0,2137191,0.796,D,Kelas D (Menengah Bawah),Jombang,Kota Kecil,190000,0.0,0.0,0.11388598326359832,0.0,0.0,0.0,0.0,0.0,0.34263859832635984,0.0,0.09963389121338913,0.0,0.09002353556485355,0.0,0.25627615062761505,0.0975418410041841,0.0,0,Rational Spender,2
BUDU00614,4597100,139306.0606060606,121500.0,479300,33,100760.75916308498,0.3333333333333333,0.12121212121212122,0.21212121212121213,0.30303030303030304,0.0,0.09090909090909091,7,23,10,0.030303030303030304,0.16340909090909092,0.7233049210114647,0.1667,499700,0,763500,390700,0,0,0,616000,1448900,0,0,0,0,0,788100,90200,0,Gopay,L,29.0,3627610,0.759,C,Kelas C (Menengah),Jakarta,Metropolitan,10500000,0.10869896238933241,0.0,0.1660829653477192,0.08498836222836136,0.0,0.0,0.0,0.13399752017576297,0.3151769593874399,0.0,0.0,0.0,0.0,0.0,0.17143416501707598,0.01962106545430815,0.0,1,Emotional Spender,0
BUDU00615,1960800,50276.92307692308,32300.0,252700,39,45132.85920210556,0.3333333333333333,0.28205128205128205,0.23076923076923078,0.1794871794871795,0.0,0.1282051282051282,7,23,12,0.0,0.2613128205128205,0.8976853880467752,0.2205,0,0,446900,0,0,0,103700,0,432900,0,37500,0,142400,0,379800,417600,0,Gopay,L,35.0,2329055,0.871,D,Kelas D (Menengah Bawah),Desa Sejahtera,Desa,4100,0.0,0.0,0.2279171766625867,0.0,0.0,0.0,0.05288657690738474,0.0,0.22077723378212974,0.0,0.01912484700122399,0.0,0.0726234190126479,0.0,0.19369645042839656,0.21297429620563035,0.0,0,Rational Spender,2
BUDU00616,11553300,169901.4705882353,125250.0,665000,68,142031.72390286622,0.23529411764705882,0.16176470588235295,0.17647058823529413,0.20588235294117646,0.0,0.14705882352941177,9,40,12,0.014705882352941176,0.14136470588235295,0.8359652415669031,0.1529,1301800,0,736100,917100,0,0,0,630400,6218100,0,590800,0,102300,0,915500,141200,0,Ovo,L,44.0,5489503,0.819,C,Kelas C (Menengah),Medan,Kota Besar,2400000,0.11267776306336717,0.0,0.06371339790362926,0.07937991742618992,0.0,0.0,0.0,0.05456449672387976,0.5382098621173171,0.0,0.051136904607341625,0.0,0.008854612967723507,0.0,0.07924142885582475,0.012221616334726874,0.0,1,Emotional Spender,0
BUDU00617,246700,24670.0,22200.0,46800,10,9513.38822689138,0.2,0.1,0.2,0.2,0.0,0.0,4,9,7,0.0,0.39669,0.3856257894970158,0.1,0,0,0,0,0,0,0,0,0,0,79800,0,47400,0,74100,45400,0,Tunai,L,40.0,1084000,0.965,E,Kelas E (Miskin),Desa Makmur,Desa,3200,0.0,0.0,0.0,0.0,0.0,0.0,0.0,0.0,0.0,0.0,0.32346980137819215,0.0,0.1921361978111066,0.0,0.3003648155654641,0.18402918524523712,0.0,0,Rational Spender,2
BUDU00618,1638000,68250.0,49700.0,167900,24,49762.35699716246,0.3333333333333333,0.20833333333333334,0.041666666666666664,0.20833333333333334,0.0,0.08333333333333333,7,20,12,0.0,0.3834666666666667,0.7291187838412082,0.1917,0,0,358200,0,0,0,180100,0,216200,0,251200,0,219500,0,293000,119800,0,Gopay,P,35.0,1605825,0.826,D,Kelas D (Menengah Bawah),Semarang,Kota Besar,1800000,0.0,0.0,0.21868131868131868,0.0,0.0,0.0,0.10995115995115995,0.0,0.131990231990232,0.0,0.15335775335775337,0.0,0.134004884004884,0.0,0.17887667887667888,0.07313797313797314,0.0,0,Rational Spender,2
BUDU00619,403707100,2571382.8025477706,1808000.0,21294300,157,2613757.91934148,0.2802547770700637,0.21019108280254778,0.09554140127388536,0.2484076433121019,0.8789808917197452,0.10191082802547771,10,64,12,0.0,0.07571847133757963,1.0164795054053108,0.3522,15633600,30251700,31355700,14354600,36727700,19636100,0,0,0,31179200,0,23161800,0,114115400,0,0,87291300,Kartu Kredit,P,43.0,35218373,0.358,A,Kelas A (Kaya),Bogor,Metropolitan,1100000,0.03872510540438848,0.07493477325516446,0.0776694291480135,0.03555696691982876,0.09097610619184057,0.04863947153765688,0.0,0.0,0.0,0.07723223099123101,0.0,0.05737278338676729,0.0,0.2826687962634296,0.0,0.0,0.21622433690167947,2,Impulsive Spender,1
BUDU00620,407800,20390.0,15100.0,59200,20,14481.127464102336,0.4,0.1,0.35,0.3,0.0,0.1,3,14,10,0.0,0.28998,0.7102073302649502,0.185,0,0,0,0,0,0,0,0,243100,0,0,0,98200,0,66500,0,0,Tunai,L,53.0,1068526,0.942,E,Kelas E (Miskin),Desa Sukamaju,Desa,5000,0.0,0.0,0.0,0.0,0.0,0.0,0.0,0.0,0.5961255517410495,0.0,0.0,0.0,0.24080431584109857,0.0,0.1630701324178519,0.0,0.0,0,Rational Spender,2
BUDU00621,1248300,56740.90909090909,48900.0,146100,22,33978.47580721976,0.18181818181818182,0.13636363636363635,0.13636363636363635,0.22727272727272727,0.0,0.045454545454545456,6,18,11,0.0,0.18155,0.5988355906102978,0.1114,0,0,328300,0,0,0,0,0,488700,0,55300,0,41000,0,248000,87000,0,Tunai,L,18.0,1832669,0.893,D,Kelas D (Menengah Bawah),Palembang,Kota Besar,1700000,0.0,0.0,0.26299767684050307,0.0,0.0,0.0,0.0,0.0,0.39149242970439796,0.0,0.04430024833773932,0.0,0.03284466874949932,0.0,0.19867019146038611,0.06969478490747416,0.0,0,Rational Spender,2
BUDU00622,140700,11725.0,9500.0,32100,12,8069.2598511545375,0.25,0.16666666666666666,0.16666666666666666,0.08333333333333333,0.0,0.08333333333333333,5,11,8,0.0,0.3004,0.6882097954076365,0.15,0,0,0,0,0,0,0,0,13100,0,24200,0,70700,0,17900,14800,0,Tunai,P,51.0,1398160,0.854,E,Kelas E (Miskin),Kediri,Kota Kecil,320000,0.0,0.0,0.0,0.0,0.0,0.0,0.0,0.0,0.09310589907604833,0.0,0.17199715707178392,0.0,0.5024875621890548,0.0,0.12722103766879886,0.10518834399431415,0.0,0,Rational Spender,2
BUDU00623,7074600,157213.33333333334,137600.0,415100,45,97067.25784452008,0.26666666666666666,0.15555555555555556,0.17777777777777778,0.17777777777777778,0.0,0.06666666666666667,9,34,12,0.022222222222222223,0.22186,0.6174238265065732,0.15,1945700,0,407100,796600,0,0,0,765200,1983300,0,282800,0,244100,0,279500,370300,0,Gopay,L,23.0,5148333,0.641,C,Kelas C (Menengah),Semarang,Kota Besar,1800000,0.2750261498883329,0.0,0.05754388940717496,0.11260000565402992,0.0,0.0,0.0,0.1081615921748226,0.280340938003562,0.0,0.039973991462414836,0.0,0.0345037175246657,0.0,0.039507533994854835,0.0523421818901422,0.0,1,Emotional Spender,0
BUDU00624,48148000,625298.7012987013,520900.0,2168000,77,448099.55205391895,0.2597402597402597,0.18181818181818182,0.19480519480519481,0.09090909090909091,0.2727272727272727,0.07792207792207792,10,51,12,0.03896103896103896,0.274987012987013,0.7166167962979098,0.2117,10689600,4218400,4222300,4340400,0,1651300,0,0,8320600,2360900,0,0,0,7194400,0,2173900,2976200,Kartu Debit,P,32.0,17941000,0.505,B,Kelas B (Menengah Atas),Tangerang Selatan,Metropolitan,1700000,0.222015452355238,0.0876131926559774,0.08769419290520894,0.09014704660629726,0.0,0.03429633629641937,0.0,0.0,0.17281299327074853,0.049034227797623994,0.0,0.0,0.0,0.14942261360804188,0.0,0.045150369693445214,0.06181357481099942,1,Emotional Spender,0
BUDU00625,2013600,62925.0,38700.0,320900,32,69335.90979497402,0.375,0.28125,0.125,0.21875,0.0,0.125,8,25,12,0.0,0.10079375,1.1018817607465081,0.2344,0,0,180600,118400,0,0,65700,0,1290800,0,48700,0,47700,0,135900,125800,0,Tunai,P,32.0,2410459,0.838,D,Kelas D (Menengah Bawah),Desa Sukamaju,Desa,5000,0.0,0.0,0.08969010727056019,0.05880015891934843,0.0,0.0,0.03262812872467223,0.0,0.6410409217322209,0.0,0.02418553833929281,0.0,0.02368891537544696,0.0,0.06749106078665078,0.062475168851807705,0.0,1,Emotional Spender,0
BUDU00626,375600,26828.571428571428,23650.0,80700,14,20510.763724723383,0.35714285714285715,0.2857142857142857,0.14285714285714285,0.35714285714285715,0.0,0.07142857142857142,5,13,7,0.07142857142857142,0.29814285714285715,0.7645119599204669,0.2214,0,0,0,0,0,0,0,0,112000,0,113400,0,20300,0,97900,32000,0,Tunai,P,45.0,1325190,0.949,E,Kelas E (Miskin),Desa Rawa Indah,Desa,6500,0.0,0.0,0.0,0.0,0.0,0.0,0.0,0.0,0.29818956336528224,0.0,0.3019169329073482,0.0,0.0540468583599574,0.0,0.2606496272630458,0.08519701810436635,0.0,0,Rational Spender,2
BUDU00627,1829200,63075.862068965514,41800.0,237500,29,53519.500152297056,0.3793103448275862,0.1724137931034483,0.1724137931034483,0.27586206896551724,0.0,0.10344827586206896,6,22,11,0.0,0.31354827586206896,0.8484941528627896,0.2,0,0,0,0,0,0,423500,0,591900,0,132700,0,129500,0,325500,226100,0,Gopay,P,27.0,2822115,0.782,D,Kelas D (Menengah Bawah),Jombang,Kota Kecil,190000,0.0,0.0,0.0,0.0,0.0,0.0,0.23152197682046796,0.0,0.3235840804723376,0.0,0.07254537502733435,0.0,0.0707959763831183,0.0,0.1779466433413514,0.12360594795539033,0.0,0,Rational Spender,2
BUDU00628,12050600,197550.81967213115,161400.0,515800,61,144251.3438677445,0.19672131147540983,0.19672131147540983,0.13114754098360656,0.14754098360655737,0.0,0.08196721311475409,9,35,12,0.0,0.24034754098360658,0.7301986603100604,0.1402,3805200,0,1672700,84800,0,0,0,172500,3726900,0,1217600,0,165200,0,763900,441800,0,Gopay,P,29.0,5248443,0.755,C,Kelas C (Menengah),Blitar,Kota Kecil,150000,0.3157685094518115,0.0,0.1388063664879757,0.007036994008597083,0.0,0.0,0.0,0.014314639934940998,0.309270907672647,0.0,0.10104061208570528,0.0,0.013708860969578279,0.0,0.06339103447131263,0.036662074917431495,0.0,1,Emotional Spender,0
BUDU00629,1414600,78588.88888888889,53900.0,312500,18,91352.3616932157,0.2222222222222222,0.3333333333333333,0.1111111111111111,0.3333333333333333,0.0,0.0,7,16,9,0.0,0.3763277777777778,1.1624081086369875,0.1778,0,0,312500,47000,0,0,0,0,531600,0,72400,0,107800,0,318300,25000,0,Gopay,P,39.0,2868899,0.83,D,Kelas D (Menengah Bawah),Surabaya,Kota Besar,3100000,0.0,0.0,0.22091050473632123,0.03322493991234271,0.0,0.0,0.0,0.0,0.37579527781705074,0.0,0.0511805457373109,0.0,0.07620528771384137,0.0,0.22501060370422735,0.017672840378905697,0.0,0,Rational Spender,2
BUDU00630,1275600,53150.0,45850.0,162600,24,38954.61126914803,0.16666666666666666,0.20833333333333334,0.20833333333333334,0.20833333333333334,0.0,0.08333333333333333,8,19,11,0.0,0.2726958333333333,0.7329183681871689,0.1333,0,0,92500,81300,0,0,162600,0,251700,0,191600,0,54800,0,354300,86800,0,Tunai,L,40.0,2424360,0.793,D,Kelas D (Menengah Bawah),Purwokerto,Kota Kecil,290000,0.0,0.0,0.07251489495139542,0.06373471307619943,0.0,0.0,0.12746942615239887,0.0,0.19731890874882407,0.0,0.1502038256506742,0.0,0.042960175603637504,0.0,0.2777516462841016,0.06804640953276889,0.0,0,Rational Spender,2
BUDU00631,55819900,613405.4945054945,371000.0,3431700,91,646246.8055132974,0.3516483516483517,0.23076923076923078,0.18681318681318682,0.1978021978021978,0.23076923076923078,0.13186813186813187,10,48,12,0.0,0.19467252747252747,1.0535393166542768,0.2582,4670800,14454500,7157900,4346800,0,4604300,0,0,9476600,2299800,0,0,0,4297000,0,2198600,2313600,Kartu Kredit,L,48.0,9759607,0.584,B,Kelas B (Menengah Atas),Bekasi,Metropolitan,2700000,0.08367625165935445,0.2589488694891965,0.12823204627740287,0.07787187006784319,0.0,0.08248492025245477,0.0,0.0,0.16977099564850529,0.04120036044493093,0.0,0.0,0.0,0.0769797151195183,0.0,0.03938738693548358,0.04144758410531011,1,Emotional Spender,0
BUDU00632,65587800,643017.6470588235,458900.0,3750000,102,621838.789782028,0.3431372549019608,0.21568627450980393,0.13725490196078433,0.20588235294117646,0.27450980392156865,0.11764705882352941,10,54,12,0.0392156862745098,0.19834313725490196,0.9670633343055699,0.2574,9789700,10455600,6960000,3864800,0,6495900,0,0,10471300,2566800,0,0,0,7451900,0,1695800,5836000,Kartu Kredit,L,38.0,7742231,0.543,B,Kelas B (Menengah Atas),Bekasi,Metropolitan,2700000,0.14926099061105877,0.15941379341889803,0.10611729620447705,0.05892559286940559,0.0,0.09904128511704921,0.0,0.0,0.15965316720487652,0.03913532699678904,0.0,0.0,0.0,0.11361716660720439,0.0,0.025855418233268992,0.08897996273697242,1,Emotional Spender,0
BUDU00633,1817500,60583.333333333336,46250.0,213500,30,48487.54609625838,0.1,0.23333333333333334,0.16666666666666666,0.23333333333333334,0.0,0.13333333333333333,7,22,11,0.0,0.20689,0.8003446398281988,0.125,0,0,0,331500,0,0,79300,0,268300,0,71500,0,62800,0,460200,543900,0,Tunai,L,38.0,2669224,0.868,D,Kelas D (Menengah Bawah),Palembang,Kota Besar,1700000,0.0,0.0,0.0,0.18239339752407152,0.0,0.0,0.04363136176066025,0.0,0.1476203576341128,0.0,0.039339752407152685,0.0,0.03455295735900963,0.0,0.25320495185694636,0.2992572214580468,0.0,0,Rational Spender,2
BUDU00634,8733500,167951.92307692306,127400.0,630000,52,117571.02732738834,0.21153846153846154,0.17307692307692307,0.15384615384615385,0.15384615384615385,0.0,0.11538461538461539,9,37,12,0.0,0.32182499999999997,0.7000278721044477,0.1433,1921500,0,491300,1252900,0,0,0,610300,2062400,0,95200,0,380900,0,730100,1188900,0,Gopay,L,32.0,6719166,0.619,C,Kelas C (Menengah),Jakarta,Metropolitan,10500000,0.22001488521211426,0.0,0.05625465162878571,0.14345909429209366,0.0,0.0,0.0,0.06988034579492758,0.23614816511135284,0.0,0.010900555332913495,0.0,0.043613671494818804,0.0,0.08359764126638805,0.1361309898666056,0.0,1,Emotional Spender,0
BUDU00635,5843000,171852.9411764706,149200.0,350300,34,94985.0298740715,0.23529411764705882,0.11764705882352941,0.20588235294117646,0.08823529411764706,0.0,0.08823529411764706,9,25,11,0.0,0.12610882352941177,0.55271110999802,0.1309,500100,0,1627400,872100,0,0,0,446100,1174100,0,300000,0,370400,0,442600,110200,0,Transfer Bank,L,42.0,4070673,0.796,C,Kelas C (Menengah),Semarang,Kota Besar,1800000,0.08558959438644533,0.0,0.2785213075474927,0.14925551942495294,0.0,0.0,0.0,0.07634776655827485,0.20094129727879514,0.0,0.051343487934280334,0.0,0.06339209310285812,0.0,0.07574875919904159,0.018860174567858976,0.0,1,Emotional Spender,0
BUDU00636,351400,21962.5,18150.0,52200,16,16546.777128290974,0.3125,0.125,0.25,0.125,0.0,0.1875,6,13,9,0.0,0.07945,0.753410455471416,0.175,0,0,0,0,0,0,52200,0,47100,0,51500,0,34900,0,75100,90600,0,Gopay,P,33.0,1209892,0.889,E,Kelas E (Miskin),Kediri,Kota Kecil,320000,0.0,0.0,0.0,0.0,0.0,0.0,0.1485486624928856,0.0,0.13403528742174162,0.0,0.14655663062037563,0.0,0.09931701764371087,0.0,0.21371656232214,0.2578258394991463,0.0,0,Rational Spender,2
BUDU00637,1618200,53940.0,33800.0,191800,30,47766.64974211827,0.36666666666666664,0.13333333333333333,0.23333333333333334,0.16666666666666666,0.0,0.1,6,23,9,0.0,0.2904966666666667,0.885551533965856,0.1833,0,0,215400,0,0,0,0,0,394100,0,483700,0,140200,0,187000,197800,0,Tunai,P,43.0,1958634,0.772,D,Kelas D (Menengah Bawah),Desa Cikaret,Desa,2800,0.0,0.0,0.13311086392287727,0.0,0.0,0.0,0.0,0.0,0.2435422073909282,0.0,0.2989123717711037,0.0,0.08663947596094426,0.0,0.11556049932023235,0.12223458163391422,0.0,0,Rational Spender,2
BUDU00638,8938500,223462.5,151150.0,945000,40,210013.03828572168,0.325,0.15,0.175,0.275,0.025,0.1,7,30,11,0.0,0.18589,0.9398133390869684,0.1788,2251700,0,1565300,1669900,0,0,0,0,2435700,0,0,0,20300,0,482800,512800,0,Ovo,P,40.0,5285332,0.716,C,Kelas C (Menengah),Makassar,Kota Besar,1500000,0.25191027577334,0.0,0.17511886781898528,0.1868210549868546,0.0,0.0,0.0,0.0,0.2724953851317335,0.0,0.0,0.0,0.002271074565083627,0.0,0.05401353694691503,0.05736980477708788,0.0,1,Emotional Spender,0
BUDU00639,42442900,663170.3125,506550.0,2744000,64,572648.0493896247,0.375,0.1875,0.109375,0.1875,0.28125,0.078125,9,42,12,0.0,0.2712859375,0.8635007306507327,0.2555,5635700,4144900,4823600,2806400,0,1973000,0,0,7777900,0,0,0,0,9997300,0,1853400,3430700,Kartu Kredit,P,36.0,13884444,0.468,B,Kelas B (Menengah Atas),Surabaya,Kota Besar,3100000,0.13278310388781162,0.0976582655756322,0.11364916157943968,0.06612177772960849,0.0,0.046485984699443254,0.0,0.0,0.1832556210815001,0.0,0.0,0.0,0.0,0.2355470526283548,0.0,0.04366808111604061,0.08083095170216927,1,Emotional Spender,0
BUDU00640,49707300,710104.2857142857,544750.0,3300000,70,632275.3787860536,0.34285714285714286,0.2,0.2,0.21428571428571427,0.37142857142857144,0.12857142857142856,10,44,12,0.014285714285714285,0.047015714285714286,0.8903979197225308,0.2736,4130100,10412500,5159900,2729900,0,3242800,0,0,13277300,1282300,0,0,0,4585500,0,812500,4074500,Kartu Debit,L,29.0,13269787,0.524,B,Kelas B (Menengah Atas),Jakarta,Metropolitan,10500000,0.08308839949061808,0.20947627410863193,0.1038056784415971,0.054919498745657075,0.0,0.0652379026823022,0.0,0.0,0.26710965994934344,0.02579701573008391,0.0,0.0,0.0,0.09225003168548684,0.0,0.016345687655535505,0.08196985151074389,1,Emotional Spender,0
BUDU00641,178900,17890.0,12250.0,60800,10,17617.128659978112,0.3,0.2,0.3,0.2,0.0,0.0,4,8,7,0.0,0.29101,0.9847472699820075,0.165,0,0,0,0,0,0,0,0,66100,0,0,0,35100,0,50600,27100,0,Tunai,L,33.0,1395882,0.967,E,Kelas E (Miskin),Magelang,Kota Kecil,130000,0.0,0.0,0.0,0.0,0.0,0.0,0.0,0.0,0.3694801565120179,0.0,0.0,0.0,0.1961989938513136,0.0,0.28283957518166575,0.15148127445500278,0.0,0,Rational Spender,2
BUDU00642,8438900,196253.48837209304,150700.0,910000,43,182828.65299670387,0.27906976744186046,0.20930232558139536,0.13953488372093023,0.2558139534883721,0.023255813953488372,0.13953488372093023,9,30,11,0.023255813953488372,0.26979767441860464,0.9315944114586339,0.186,1212700,0,448500,1121500,0,0,0,945700,3174700,0,283600,0,423900,0,286000,542300,0,Transfer Bank,L,21.0,3050311,0.795,C,Kelas C (Menengah),Kediri,Kota Kecil,320000,0.14370356326061454,0.0,0.053146737133986655,0.13289646754908815,0.0,0.0,0.0,0.11206436857884322,0.37619831968621503,0.0,0.0336062756994395,0.0,0.0502316652644302,0.0,0.03389067295500599,0.06426192987237674,0.0,1,Emotional Spender,0
BUDU00643,43043500,717391.6666666666,521850.0,3900000,60,657490.1667864729,0.21666666666666667,0.16666666666666666,0.06666666666666667,0.23333333333333334,0.38333333333333336,0.1,10,38,12,0.03333333333333333,0.29448,0.9165009817321634,0.2175,10680100,2222000,2469200,1513100,0,2842700,0,0,9770500,811900,0,0,0,7327900,0,558700,4847400,Kartu Kredit,L,44.0,7224744,0.506,B,Kelas B (Menengah Atas),Bekasi,Metropolitan,2700000,0.2481234100386818,0.05162219615040598,0.0573652235529174,0.03515281052888357,0.0,0.06604249189773137,0.0,0.0,0.22699129949934368,0.01886231370590217,0.0,0.0,0.0,0.17024405543229523,0.0,0.01297989243439776,0.11261630675944104,1,Emotional Spender,0
BUDU00644,8240100,191630.23255813954,136100.0,753700,43,149299.64203523524,0.23255813953488372,0.2558139534883721,0.27906976744186046,0.13953488372093023,0.023255813953488372,0.06976744186046512,9,33,12,0.0,0.17269302325581395,0.7791027545193766,0.1733,1723700,0,1177600,680800,0,0,0,1338300,1578600,0,69800,0,238900,0,797600,634800,0,Gopay,L,37.0,3711519,0.774,C,Kelas C (Menengah),Bekasi,Metropolitan,2700000,0.2091843545588039,0.0,0.1429108870037985,0.082620356549071,0.0,0.0,0.0,0.16241307751119524,0.19157534495940584,0.0,0.008470770985789007,0.0,0.02899236659749275,0.0,0.09679494180895863,0.07703790002548513,0.0,1,Emotional Spender,0
BUDU00645,26667700,484867.2727272727,350600.0,2225200,55,422535.3739539735,0.36363636363636365,0.18181818181818182,0.10909090909090909,0.23636363636363636,0.18181818181818182,0.12727272727272726,10,37,12,0.03636363636363636,0.14204909090909093,0.87144544026926,0.2373,3444700,560400,1906900,2477900,0,2033400,0,0,5574400,956800,0,0,0,4178600,0,2172800,3361800,Kartu Kredit,L,41.0,7962973,0.58,B,Kelas B (Menengah Atas),Jakarta,Metropolitan,10500000,0.1291712446142712,0.021014185700304115,0.0715059791433082,0.09291764944108416,0.0,0.07624954533011846,0.0,0.0,0.20903190001387445,0.03587860970387397,0.0,0.0,0.0,0.15669142820715698,0.0,0.08147684277234257,0.1260626150736659,1,Emotional Spender,0
BUDU00646,344600,15663.636363636364,10700.0,42400,22,11327.318240790204,0.3181818181818182,0.09090909090909091,0.09090909090909091,0.18181818181818182,0.0,0.045454545454545456,4,17,10,0.0,0.2999227272727273,0.7231601894874767,0.1455,0,0,0,0,0,0,0,0,65400,0,0,0,18400,0,126800,134000,0,Tunai,L,48.0,1200620,0.928,E,Kelas E (Miskin),Semarang,Kota Besar,1800000,0.0,0.0,0.0,0.0,0.0,0.0,0.0,0.0,0.1897852582704585,0.0,0.0,0.0,0.053395240858966915,0.0,0.3679628554846198,0.3888566453859547,0.0,0,Rational Spender,2
BUDU00647,1718100,53690.625,37050.0,258800,32,53586.260633011436,0.21875,0.15625,0.21875,0.21875,0.0,0.125,6,21,10,0.0,0.35719375,0.9980561901265153,0.1422,0,0,401400,0,0,0,0,0,434400,0,111400,0,27300,0,539200,204400,0,Tunai,P,49.0,1848434,0.887,D,Kelas D (Menengah Bawah),Surabaya,Kota Besar,3100000,0.0,0.0,0.23363017286537455,0.0,0.0,0.0,0.0,0.0,0.2528374367033351,0.0,0.06483906641056982,0.0,0.015889645538676445,0.0,0.31383505034631276,0.11896862813573134,0.0,0,Rational Spender,2
BUDU00648,9565300,164918.9655172414,140000.0,526500,58,101864.87344033926,0.29310344827586204,0.13793103448275862,0.13793103448275862,0.3275862068965517,0.0,0.06896551724137931,9,39,12,0.017241379310344827,0.3291086206896552,0.6176662163800065,0.1543,2782400,0,1229800,706700,0,0,0,115600,2260800,0,105600,0,650300,0,940800,773300,0,Gopay,P,18.0,4250853,0.711,C,Kelas C (Menengah),Denpasar,Kota Besar,900000,0.29088476054070445,0.0,0.1285688896323168,0.07388163465860977,0.0,0.0,0.0,0.012085350171975788,0.23635432239448842,0.0,0.011039904655368886,0.0,0.06798532194494684,0.0,0.09835551420237734,0.08084430179921173,0.0,1,Emotional Spender,0
BUDU00649,2049500,55391.89189189189,52400.0,277300,37,46545.94133385482,0.32432432432432434,0.1891891891891892,0.08108108108108109,0.24324324324324326,0.0,0.08108108108108109,7,26,12,0.0,0.0785054054054054,0.8403024295450735,0.1824,0,0,187100,0,0,0,277300,0,500800,0,144200,0,220900,0,450000,269200,0,Ovo,L,48.0,2792820,0.818,D,Kelas D (Menengah Bawah),Kediri,Kota Kecil,320000,0.0,0.0,0.09129055867284704,0.0,0.0,0.0,0.13530129299829227,0.0,0.2443522810441571,0.0,0.07035862405464748,0.0,0.10778238594779214,0.0,0.21956574774335202,0.13134910953891193,0.0,0,Rational Spender,2
BUDU00650,8591700,168464.70588235295,148100.0,523900,51,111129.69508377035,0.3137254901960784,0.13725490196078433,0.09803921568627451,0.2549019607843137,0.0,0.0784313725490196,9,29,12,0.0196078431372549,0.12164901960784315,0.6596615860973134,0.1627,1525300,0,1029100,1288300,0,0,0,490400,3004600,0,69000,0,436700,0,720900,27400,0,Gopay,L,26.0,3392178,0.68,C,Kelas C (Menengah),Makassar,Kota Besar,1500000,0.17753180395032414,0.0,0.11977839077248972,0.1499470419125435,0.0,0.0,0.0,0.05707834305201532,0.3497096034544968,0.0,0.008031006669227278,0.0,0.050828124818138434,0.0,0.08390656098327455,0.0031891243874902523,0.0,1,Emotional Spender,0
BUDU00651,6113800,185266.66666666666,170500.0,580500,33,113441.4790394883,0.2727272727272727,0.18181818181818182,0.18181818181818182,0.18181818181818182,0.0,0.030303030303030304,9,27,11,0.0,0.3412545454545455,0.6123145684031395,0.1545,1249200,0,809100,137800,0,0,0,672900,1803100,0,345500,0,377300,0,50300,668600,0,Ovo,P,29.0,4334816,0.747,C,Kelas C (Menengah),Makassar,Kota Besar,1500000,0.20432464261179625,0.0,0.13233995223919656,0.022539173672674932,0.0,0.0,0.0,0.11006248159900553,0.29492296116981254,0.0,0.05651149857698976,0.0,0.061712846347607056,0.0,0.008227289083712258,0.10935915469920508,0.0,1,Emotional Spender,0
BUDU00652,7787700,149763.46153846153,138100.0,498700,52,97283.48716024378,0.2692307692307692,0.21153846153846154,0.17307692307692307,0.21153846153846154,0.0,0.038461538461538464,8,34,12,0.0,0.30117884615384616,0.6495809202117027,0.1635,1200100,0,890800,996100,0,0,0,790300,3104000,0,0,0,66000,0,689300,51100,0,Ovo,L,43.0,5390452,0.812,C,Kelas C (Menengah),Semarang,Kota Besar,1800000,0.15410198132953246,0.0,0.11438550534817725,0.12790682743300333,0.0,0.0,0.0,0.10148053982562245,0.39857724360209046,0.0,0.0,0.0,0.008474902731230017,0.0,0.08851137049449774,0.006561629235846271,0.0,1,Emotional Spender,0
BUDU00653,1879400,58731.25,44150.0,176500,32,44837.93351904238,0.25,0.15625,0.1875,0.09375,0.0,0.125,6,19,12,0.0,0.267840625,0.7634425202774057,0.1531,0,0,163000,0,0,0,144200,0,478700,0,0,0,334200,0,549900,209400,0,Tunai,L,21.0,2943293,0.906,D,Kelas D (Menengah Bawah),Cirebon,Kota Kecil,320000,0.0,0.0,0.08672980738533574,0.0,0.0,0.0,0.07672661487708843,0.0,0.25470894966478663,0.0,0.0,0.0,0.17782270937533257,0.0,0.29259338086623393,0.11141853783122273,0.0,0,Rational Spender,2
BUDU00654,1743300,48425.0,33500.0,157500,36,36741.71140737536,0.1388888888888889,0.25,0.08333333333333333,0.1388888888888889,0.0,0.05555555555555555,7,23,12,0.0,0.14459166666666667,0.7587343605033632,0.1319,0,0,192000,0,0,0,160300,0,324000,0,139800,0,111300,0,348300,467600,0,Tunai,L,39.0,1933259,0.765,D,Kelas D (Menengah Bawah),Cirebon,Kota Kecil,320000,0.0,0.0,0.11013594906212355,0.0,0.0,0.0,0.0919520449721792,0.0,0.1858544140423335,0.0,0.08019273791085872,0.0,0.06384443297194975,0.0,0.1997934950955085,0.26822692594504677,0.0,0,Rational Spender,2
BUDU00655,999400,35692.857142857145,28650.0,84100,28,23888.567365868777,0.39285714285714285,0.07142857142857142,0.35714285714285715,0.17857142857142858,0.0,0.07142857142857142,7,20,12,0.0,0.14153214285714286,0.6692814551173961,0.1696,0,0,61400,0,0,0,57200,0,324200,0,78400,0,155100,0,200100,123000,0,Tunai,P,37.0,1607603,0.753,D,Kelas D (Menengah Bawah),Kediri,Kota Kecil,320000,0.0,0.0,0.06143686211727036,0.0,0.0,0.0,0.05723434060436262,0.0,0.32439463678206926,0.0,0.07844706824094456,0.0,0.15519311586952172,0.0,0.20022013207924755,0.12307384430658395,0.0,0,Rational Spender,2
BUDU00656,6049100,172831.42857142858,121400.0,770000,35,175129.30142750926,0.17142857142857143,0.2571428571428571,0.11428571428571428,0.14285714285714285,0.05714285714285714,0.08571428571428572,8,26,12,0.0,0.13729142857142856,1.0132954571693018,0.1614,2474500,0,74100,212900,0,0,0,530200,2365000,0,64800,0,0,0,206800,120800,0,Gopay,P,34.0,4481172,0.717,C,Kelas C (Menengah),Jombang,Kota Kecil,190000,0.4090691177199914,0.0,0.012249756162073697,0.03519531831181498,0.0,0.0,0.0,0.08764940239043825,0.3909672513266436,0.0,0.010712337372501695,0.0,0.0,0.0,0.03418690383693442,0.019969912879601925,0.0,1,Emotional Spender,0
BUDU00657,8185600,194895.2380952381,143450.0,700000,42,161725.00138918587,0.30952380952380953,0.21428571428571427,0.16666666666666666,0.19047619047619047,0.0,0.14285714285714285,9,32,10,0.023809523809523808,0.27923809523809523,0.8298047862521752,0.194,850100,0,588600,848300,0,0,0,849000,2095100,0,377900,0,415000,0,1464400,697200,0,Gopay,L,22.0,4055902,0.788,C,Kelas C (Menengah),Denpasar,Kota Besar,900000,0.10385310789679437,0.0,0.07190676309616888,0.10363320953870211,0.0,0.0,0.0,0.10371872556684911,0.2559494722439406,0.0,0.046166438623924944,0.0,0.050698788115715404,0.0,0.17889953088350274,0.08517396403440188,0.0,1,Emotional Spender,0
BUDU00658,6630200,147337.77777777778,139000.0,365100,45,88052.79224546047,0.24444444444444444,0.24444444444444444,0.13333333333333333,0.26666666666666666,0.0,0.06666666666666667,9,31,12,0.0,0.2866022222222222,0.5976253583671264,0.1689,701000,0,736900,559500,0,0,0,911300,2166900,0,233800,0,345500,0,803400,171900,0,Gopay,L,25.0,6068933,0.601,C,Kelas C (Menengah),Kediri,Kota Kecil,320000,0.10572833398690838,0.0,0.11114295194715092,0.08438659467286054,0.0,0.0,0.0,0.1374468341829809,0.3268227202799312,0.0,0.03526288799734548,0.0,0.05211004192935356,0.0,0.1211728152996893,0.025926819703779674,0.0,1,Emotional Spender,0
BUDU00659,1642200,49763.63636363636,36300.0,216700,33,42832.725647145504,0.30303030303030304,0.24242424242424243,0.18181818181818182,0.21212121212121213,0.0,0.06060606060606061,7,26,12,0.0,0.3761242424242424,0.860723387136647,0.1879,0,0,247900,59300,0,0,0,0,392100,0,63000,0,251000,0,312500,316400,0,Tunai,L,34.0,2190873,0.832,D,Kelas D (Menengah Bawah),Surabaya,Kota Besar,3100000,0.0,0.0,0.15095603458774814,0.036110096212398,0.0,0.0,0.0,0.0,0.23876507124588967,0.0,0.03836317135549872,0.0,0.15284374619412983,0.0,0.19029350870783096,0.1926683716965047,0.0,0,Rational Spender,2
BUDU00660,54399000,663402.4390243902,545750.0,3750000,82,603142.1176373373,0.3170731707317073,0.24390243902439024,0.1951219512195122,0.25609756097560976,0.32926829268292684,0.06097560975609756,10,43,12,0.024390243902439025,0.29785975609756093,0.9091647575555003,0.2591,10997600,5124700,4137500,961000,0,4954600,0,0,13145000,1204000,0,0,0,8265600,0,3435800,2173200,Kartu Kredit,L,35.0,15847368,0.508,B,Kelas B (Menengah Atas),Depok,Metropolitan,2200000,0.2021654809831063,0.09420577584146768,0.07605838342616592,0.01766576591481461,0.0,0.09107888012647292,0.0,0.0,0.2416404713321936,0.022132759793378556,0.0,0.0,0.0,0.15194396955826395,0.0,0.06315924925090535,0.039949263773231124,1,Emotional Spender,0
BUDU00661,46366700,671981.1594202898,482900.0,2968500,69,519995.6841662988,0.2753623188405797,0.13043478260869565,0.14492753623188406,0.3333333333333333,0.4057971014492754,0.043478260869565216,10,46,12,0.0,0.25713768115942026,0.7738247968364067,0.2232,5424800,6904200,7866900,5041800,0,3669000,0,0,7692800,1497600,0,0,0,2477700,0,1238000,4553900,Kartu Kredit,L,23.0,7756827,0.545,B,Kelas B (Menengah Atas),Bogor,Metropolitan,1100000,0.11699775916767853,0.14890427828592503,0.1696670239633185,0.10873752067755522,0.0,0.07913006532705584,0.0,0.0,0.16591217403869588,0.03229904220054479,0.0,0.0,0.0,0.05343705719837728,0.0,0.02670019647721317,0.09821488266363576,1,Emotional Spender,0
BUDU00662,12017600,169261.97183098592,123500.0,837100,71,151789.60755522962,0.30985915492957744,0.11267605633802817,0.1267605633802817,0.29577464788732394,0.014084507042253521,0.09859154929577464,8,43,12,0.0,0.32719295774647883,0.8967732439439907,0.1599,1671000,0,1307100,1081600,0,0,0,1707700,3400700,0,658700,0,0,0,1324400,866400,0,Gopay,L,41.0,3688674,0.689,C,Kelas C (Menengah),Tangerang,Metropolitan,2100000,0.1390460657702037,0.0,0.10876547729996006,0.09000133138064173,0.0,0.0,0.0,0.1420999201171615,0.28297663426973774,0.0,0.05481127679403541,0.0,0.0,0.0,0.11020503261882572,0.07209426174943416,0.0,1,Emotional Spender,0
BUDU00663,2180700,68146.875,52300.0,259300,32,58001.47375421844,0.125,0.1875,0.125,0.28125,0.0,0.15625,7,19,12,0.0,0.059503125,0.851124483026088,0.1234,0,0,258300,0,0,0,165500,0,726100,0,211500,0,102800,0,572400,144100,0,Gopay,P,38.0,2267385,0.847,D,Kelas D (Menengah Bawah),Desa Sejahtera,Desa,4100,0.0,0.0,0.11844820470491127,0.0,0.0,0.0,0.07589306186087036,0.0,0.3329664786536433,0.0,0.09698720594304581,0.0,0.047140826340166,0.0,0.2624845233182006,0.06607969917916265,0.0,0,Rational Spender,2
BUDU00664,6862200,171555.0,158500.0,521900,40,114590.56422872003,0.225,0.175,0.225,0.1,0.0,0.1,8,30,12,0.0,0.18569750000000002,0.6679523431477954,0.1462,1106300,0,1047000,1307600,0,0,0,382900,2003600,0,0,0,123300,0,648000,243500,0,Kartu Debit,L,32.0,3018849,0.65,C,Kelas C (Menengah),Tasikmalaya,Kota Kecil,700000,0.16121651948354754,0.0,0.152574975955233,0.19055113520445338,0.0,0.0,0.0,0.0557984319897409,0.291976334120253,0.0,0.0,0.0,0.01796799860103174,0.0,0.0944303576112617,0.035484247034478736,0.0,1,Emotional Spender,0
BUDU00665,196206000,2725083.3333333335,2064800.0,11222800,72,2318407.7973143305,0.3333333333333333,0.20833333333333334,0.1527777777777778,0.20833333333333334,0.875,0.1111111111111111,10,48,12,0.0,0.11541944444444445,0.850765834921622,0.3708,12576600,12621200,16366700,6982300,11393900,7967200,0,0,0,11832000,0,17624500,0,48221700,0,0,50619900,Kartu Kredit,P,40.0,20922549,0.338,A,Kelas A (Kaya),Yogyakarta,Kota Besar,420000,0.06409895721843369,0.06432626932917444,0.08341589961571001,0.03558657737276128,0.058071108936525895,0.04060630154021794,0.0,0.0,0.0,0.06030396623956454,0.0,0.08982650887332701,0.0,0.24577077153603866,0.0,0.0,0.25799363933824654,2,Impulsive Spender,1
BUDU00666,232820600,2984879.487179487,2043700.0,13084600,78,2742637.8722928036,0.32051282051282054,0.21794871794871795,0.0641025641025641,0.1794871794871795,0.9230769230769231,0.1282051282051282,9,44,12,0.0,0.2978717948717949,0.9188437536834743,0.3814,0,43918600,20227100,7952700,21875600,28708300,0,0,0,155500,0,24276600,0,46127600,0,0,39578600,Kartu Kredit,P,58.0,103474330,0.505,A,Kelas A (Kaya),Tangerang Selatan,Metropolitan,1700000,0.0,0.18863708795527542,0.08687848068426934,0.03415805989676171,0.0939590397069675,0.12330652871781965,0.0,0.0,0.0,0.0006678962256776248,0.0,0.10427170104363617,0.0,0.19812507999721674,0.0,0.0,0.1699961257723758,2,Impulsive Spender,1
BUDU00667,6543000,163575.0,99300.0,683800,40,157527.39729150577,0.225,0.15,0.075,0.175,0.0,0.1,9,29,12,0.0,0.0751,0.9630285636038867,0.1387,1244900,0,549900,340600,0,0,0,388200,2990800,0,35700,0,160900,0,528900,303100,0,Gopay,L,29.0,5186459,0.629,C,Kelas C (Menengah),Denpasar,Kota Besar,900000,0.1902644047073208,0.0,0.08404401650618983,0.05205563197310102,0.0,0.0,0.0,0.059330582301696466,0.45709918997401805,0.0,0.0054562127464465844,0.0,0.02459116613174385,0.0,0.08083447959651537,0.04632431606296806,0.0,1,Emotional Spender,0
BUDU00668,1118700,53271.42857142857,49300.0,150100,21,38572.530936628245,0.3333333333333333,0.19047619047619047,0.14285714285714285,0.0,0.0,0.14285714285714285,7,19,10,0.0,0.2950095238095238,0.7240753997221714,0.1952,0,0,62900,0,0,0,49300,0,328800,0,80100,0,185600,0,270200,141800,0,Gopay,P,44.0,2763801,0.813,D,Kelas D (Menengah Bawah),Kediri,Kota Kecil,320000,0.0,0.0,0.05622597657995888,0.0,0.0,0.0,0.044069008670778585,0.0,0.2939125770984178,0.0,0.07160096540627514,0.0,0.1659068561723429,0.0,0.24153034772503798,0.1267542683471887,0.0,0,Rational Spender,2
BUDU00669,252975700,3085069.512195122,1981800.0,14157900,82,2972325.2587203374,0.3048780487804878,0.14634146341463414,0.15853658536585366,0.13414634146341464,0.8780487804878049,0.12195121951219512,10,51,12,0.012195121951219513,0.20610609756097562,0.9634548741838354,0.3445,14962800,38906300,11975100,11671600,33302400,12823900,0,0,0,8287800,0,26679300,0,64892100,0,0,29474400,Kartu Kredit,L,27.0,140706007,0.496,A,Kelas A (Kaya),Jakarta,Metropolitan,10500000,0.059147182911244045,0.15379461347473294,0.047336957660360265,0.046137237687256125,0.1316426834672263,0.0506922206362113,0.0,0.0,0.0,0.03276124940063413,0.0,0.10546190800144045,0.0,0.25651515145525833,0.0,0.0,0.11651079530563607,2,Impulsive Spender,1
BUDU00670,384000,29538.46153846154,21800.0,93600,13,27831.44320313323,0.46153846153846156,0.23076923076923078,0.15384615384615385,0.15384615384615385,0.0,0.15384615384615385,4,10,8,0.0,0.0974923076923077,0.9422103167727395,0.2538,0,0,0,0,0,0,0,0,239100,0,0,0,30700,0,78900,35300,0,Tunai,L,43.0,1071028,0.882,E,Kelas E (Miskin),Desa Rawa Indah,Desa,6500,0.0,0.0,0.0,0.0,0.0,0.0,0.0,0.0,0.62265625,0.0,0.0,0.0,0.07994791666666666,0.0,0.20546875,0.09192708333333334,0.0,0,Rational Spender,2
BUDU00671,41046700,707701.724137931,472350.0,3900000,58,745647.2562135059,0.29310344827586204,0.1724137931034483,0.1724137931034483,0.1896551724137931,0.3103448275862069,0.1206896551724138,10,36,12,0.017241379310344827,0.24365862068965516,1.0536179731959778,0.2345,6037200,6600000,3092900,8507200,0,1002600,0,0,4491000,780700,0,0,0,7672000,0,526500,2336600,Kartu Debit,L,36.0,18253385,0.507,B,Kelas B (Menengah Atas),Semarang,Kota Besar,1800000,0.14708125135516376,0.16079246321872404,0.07535075901351387,0.20725661259004988,0.0,0.024425836912589805,0.0,0.0,0.10941196247201358,0.019019799399220886,0.0,0.0,0.0,0.18690905724455315,0.0,0.012826853315857305,0.05692540447831373,1,Emotional Spender,0
BUDU00672,66137100,648402.9411764706,481000.0,3750000,102,664417.0981306046,0.24509803921568626,0.10784313725490197,0.19607843137254902,0.24509803921568626,0.2549019607843137,0.09803921568627451,10,55,12,0.0,0.23024803921568626,1.0246978474913728,0.1838,8894900,10674500,5209900,3894000,0,3929900,0,0,12626900,4310700,0,0,0,6092600,0,1434400,9069300,Kartu Kredit,P,38.0,13413440,0.452,B,Kelas B (Menengah Atas),Palembang,Kota Besar,1700000,0.13449183589845942,0.16139957754422254,0.07877424320086608,0.05887769496999415,0.0,0.059420506795731895,0.0,0.0,0.19092007360467877,0.06517824337625931,0.0,0.0,0.0,0.09212076126712541,0.0,0.021688280859003494,0.13712878248365895,1,Emotional Spender,0
BUDU00673,915400,48178.94736842105,39000.0,150300,19,34028.64118727975,0.2631578947368421,0.42105263157894735,0.10526315789473684,0.21052631578947367,0.0,0.05263157894736842,5,13,12,0.0,0.20680526315789474,0.7062969003258851,0.2263,0,0,64300,0,0,0,0,0,397900,0,0,0,73900,0,142500,236800,0,Gopay,P,32.0,2754177,0.85,D,Kelas D (Menengah Bawah),Tegal,Kota Kecil,285000,0.0,0.0,0.07024251693248854,0.0,0.0,0.0,0.0,0.0,0.43467336683417085,0.0,0.0,0.0,0.08072973563469521,0.0,0.15566965261088048,0.25868472798776493,0.0,0,Rational Spender,2
BUDU00674,9752600,187550.0,127950.0,761800,52,169407.5530181811,0.28846153846153844,0.25,0.21153846153846154,0.15384615384615385,0.019230769230769232,0.11538461538461539,9,36,12,0.019230769230769232,0.3756769230769231,0.9032660784760389,0.1971,1395000,0,1018000,316300,0,0,0,465000,3504200,0,866500,0,352900,0,1682100,152600,0,Gopay,L,37.0,3081364,0.667,C,Kelas C (Menengah),Jombang,Kota Kecil,190000,0.14303877940241577,0.0,0.10438242109796363,0.032432377007157065,0.0,0.0,0.0,0.04767959313413859,0.3593093123884913,0.0,0.08884810204458299,0.0,0.0361852224022312,0.0,0.1724770830342678,0.01564710948875172,0.0,1,Emotional Spender,0
BUDU00675,8749000,186148.93617021278,140200.0,884100,47,173621.07399679394,0.2553191489361702,0.14893617021276595,0.19148936170212766,0.2978723404255319,0.02127659574468085,0.10638297872340426,9,34,12,0.02127659574468085,0.11352340425531916,0.9326997917304052,0.1543,1181000,0,861900,977500,0,0,0,859500,3207900,0,572400,0,142800,0,586500,359500,0,Gopay,L,30.0,5223648,0.749,C,Kelas C (Menengah),Bandung,Kota Besar,2500000,0.13498685564064464,0.0,0.09851411589895988,0.11172705452051664,0.0,0.0,0.0,0.09823979883415247,0.36665904674819977,0.0,0.06542461995656647,0.0,0.01632186535604069,0.0,0.06703623271230998,0.04109041033260944,0.0,1,Emotional Spender,0
BUDU00676,10738700,151249.29577464788,127600.0,446400,71,105342.56618051881,0.2112676056338028,0.18309859154929578,0.056338028169014086,0.2676056338028169,0.0,0.1267605633802817,9,39,12,0.0,0.1319042253521127,0.6964830192497077,0.1479,2090100,0,1279800,192700,0,0,0,1008500,3696000,0,288000,0,295600,0,1038400,849600,0,Gopay,L,28.0,3969173,0.814,C,Kelas C (Menengah),Jakarta,Metropolitan,10500000,0.19463249741588834,0.0,0.1191764366264073,0.017944443927104772,0.0,0.0,0.0,0.0939126709936957,0.3441757382178476,0.0,0.026818888692299814,0.0,0.02752660936612439,0.0,0.09669699311834766,0.07911572164228445,0.0,1,Emotional Spender,0
BUDU00677,6011900,176820.58823529413,131000.0,606000,34,139273.24740260685,0.35294117647058826,0.058823529411764705,0.08823529411764706,0.14705882352941177,0.0,0.08823529411764706,8,23,12,0.0,0.2532147058823529,0.7876528903821808,0.1544,2030300,0,107000,1409200,0,0,0,129500,1405700,0,0,0,175300,0,516100,238800,0,Gopay,L,33.0,5953182,0.665,C,Kelas C (Menengah),Yogyakarta,Kota Besar,420000,0.33771353482260186,0.0,0.01779803389943279,0.23440176982318403,0.0,0.0,0.0,0.021540611121276136,0.23381959114423062,0.0,0.0,0.0,0.02915883497729503,0.0,0.08584640463081555,0.03972121958116402,0.0,1,Emotional Spender,0
BUDU00678,259300,17286.666666666668,14300.0,48200,15,12454.71033480143,0.5333333333333333,0.2,0.13333333333333333,0.06666666666666667,0.0,0.06666666666666667,5,13,9,0.06666666666666667,0.23772000000000001,0.720480736683461,0.2567,0,0,0,0,0,0,22500,0,6800,0,0,0,74800,0,98200,57000,0,Tunai,P,19.0,1496215,0.927,E,Kelas E (Miskin),Tasikmalaya,Kota Kecil,700000,0.0,0.0,0.0,0.0,0.0,0.0,0.08677207867335134,0.0,0.026224450443501735,0.0,0.0,0.0,0.2884689548785191,0.0,0.3787119166988045,0.21982259930582337,0.0,0,Rational Spender,2
BUDU00679,70936300,669210.3773584906,543050.0,3150000,106,536893.1178423904,0.2830188679245283,0.16981132075471697,0.1509433962264151,0.20754716981132076,0.33962264150943394,0.11320754716981132,10,52,12,0.009433962264150943,0.2902216981132075,0.8022785300515164,0.2349,6377000,4842300,11436000,8224800,0,4529100,0,0,18992300,4295200,0,0,0,8386000,0,1260800,2592800,Kartu Kredit,P,49.0,11180043,0.572,B,Kelas B (Menengah Atas),Bekasi,Metropolitan,2700000,0.08989755597627731,0.06826265254883607,0.1612150619640438,0.1159462785625977,0.0,0.06384742367447978,0.0,0.0,0.2677373925620592,0.060550099173483814,0.0,0.0,0.0,0.11821873991172362,0.0,0.017773692735595176,0.03655110289090353,1,Emotional Spender,0
BUDU00680,1648400,43378.94736842105,40350.0,127200,38,32234.689706644327,0.23684210526315788,0.10526315789473684,0.07894736842105263,0.13157894736842105,0.0,0.10526315789473684,8,27,12,0.0,0.049105263157894735,0.743095249243196,0.1303,0,0,74200,264700,0,0,203100,0,337900,0,44400,0,217300,0,242200,264600,0,Tunai,P,41.0,2877427,0.887,D,Kelas D (Menengah Bawah),Tegal,Kota Kecil,285000,0.0,0.0,0.045013346275175926,0.16057995632128125,0.0,0.0,0.12321038582868236,0.0,0.20498665372482408,0.0,0.026935209900509585,0.0,0.13182479980587236,0.0,0.14693035670953652,0.16051929143411794,0.0,0,Rational Spender,2
BUDU00681,404200,19247.619047619046,15800.0,50400,21,11840.043034027327,0.09523809523809523,0.14285714285714285,0.2857142857142857,0.19047619047619047,0.0,0.09523809523809523,3,13,11,0.0,0.2446142857142857,0.6151432551078028,0.0905,0,0,0,0,0,0,0,0,71900,0,0,0,0,0,253700,78600,0,Tunai,P,22.0,1173825,0.859,E,Kelas E (Miskin),Surabaya,Kota Besar,3100000,0.0,0.0,0.0,0.0,0.0,0.0,0.0,0.0,0.17788223651657595,0.0,0.0,0.0,0.0,0.0,0.6276595744680851,0.19445818901533893,0.0,0,Rational Spender,2
BUDU00682,1486500,61937.5,45050.0,193100,24,55391.372837136005,0.2916666666666667,0.2916666666666667,0.20833333333333334,0.08333333333333333,0.0,0.125,6,20,11,0.0,0.3127625,0.8943107622544663,0.2083,0,0,259000,73800,0,0,140600,0,561600,0,0,0,0,0,404400,47100,0,Gopay,P,32.0,2506956,0.856,D,Kelas D (Menengah Bawah),Desa Panyingkiran,Desa,3700,0.0,0.0,0.17423477968382106,0.04964682139253279,0.0,0.0,0.09458459468550286,0.0,0.3778002018163471,0.0,0.0,0.0,0.0,0.0,0.2720484359233098,0.03168516649848638,0.0,0,Rational Spender,2
BUDU00683,6845000,185000.0,134300.0,605200,37,144208.11735513058,0.35135135135135137,0.0,0.24324324324324326,0.13513513513513514,0.0,0.10810810810810811,8,25,11,0.02702702702702703,0.37387297297297295,0.7795033370547599,0.1392,1824400,0,1064200,746400,0,0,0,1174100,1514200,0,0,0,79100,0,237700,204900,0,Gopay,P,30.0,5286510,0.648,C,Kelas C (Menengah),Jombang,Kota Kecil,190000,0.2665303140978817,0.0,0.15547114682249819,0.10904309715120526,0.0,0.0,0.0,0.17152666179693207,0.2212125639152666,0.0,0.0,0.0,0.011555880204528853,0.0,0.03472607742878013,0.02993425858290723,0.0,1,Emotional Spender,0
BUDU00684,373000,19631.57894736842,11500.0,76600,19,18295.872413427598,0.2631578947368421,0.15789473684210525,0.05263157894736842,0.15789473684210525,0.0,0.10526315789473684,5,12,9,0.0,0.13326315789473683,0.9319613293703066,0.1553,0,0,0,0,0,0,0,0,76600,0,108700,0,65600,0,114700,7400,0,Tunai,L,26.0,996369,0.891,E,Kelas E (Miskin),Purwokerto,Kota Kecil,290000,0.0,0.0,0.0,0.0,0.0,0.0,0.0,0.0,0.20536193029490615,0.0,0.29142091152815014,0.0,0.17587131367292225,0.0,0.30750670241286865,0.019839142091152815,0.0,0,Rational Spender,2
BUDU00685,11991800,173794.20289855072,143200.0,821500,69,143125.52685138886,0.30434782608695654,0.21739130434782608,0.2028985507246377,0.30434782608695654,0.014492753623188406,0.08695652173913043,9,39,12,0.0,0.26651884057971015,0.8235345279896122,0.1877,2918900,0,582500,807400,0,0,0,1572600,3845400,0,911000,0,187800,0,573500,592700,0,Kartu Debit,L,31.0,4754032,0.658,C,Kelas C (Menengah),Makassar,Kota Besar,1500000,0.24340799546356678,0.0,0.04857485948731633,0.06732934171683984,0.0,0.0,0.0,0.13113961206824665,0.32066912390133256,0.0,0.07596857852866125,0.0,0.01566070147934422,0.0,0.04782434663686853,0.04942544071782384,0.0,1,Emotional Spender,0
BUDU00686,9033400,170441.50943396226,130700.0,658400,53,127381.20624868531,0.32075471698113206,0.2641509433962264,0.1509433962264151,0.20754716981132076,0.0,0.07547169811320754,9,38,12,0.018867924528301886,0.30883962264150944,0.7473602332654727,0.2028,2159300,0,1683400,642300,0,0,0,621300,1817200,0,394800,0,502400,0,566700,646000,0,Gopay,P,38.0,3387274,0.688,C,Kelas C (Menengah),Semarang,Kota Besar,1800000,0.23903513627205702,0.0,0.1863528682445148,0.07110279628932628,0.0,0.0,0.0,0.06877809019859632,0.20116456705116567,0.0,0.043704474505723206,0.0,0.05561582571346337,0.0,0.06273385436269843,0.0715123873624549,0.0,1,Emotional Spender,0
BUDU00687,1491300,48106.45161290323,37000.0,210400,31,43972.80929152977,0.3225806451612903,0.25806451612903225,0.1935483870967742,0.1935483870967742,0.0,0.06451612903225806,8,24,11,0.0,0.2811225806451613,0.9140730155149351,0.2,0,0,72800,49800,0,0,39500,0,412800,0,255200,0,203300,0,252400,205500,0,Gopay,L,25.0,2883334,0.905,D,Kelas D (Menengah Bawah),Jombang,Kota Kecil,190000,0.0,0.0,0.048816468852678874,0.03339368336350835,0.0,0.0,0.02648695768792329,0.0,0.2768054717360692,0.0,0.17112586334070945,0.0,0.13632401260645075,0.0,0.16924830684637565,0.13779923556628446,0.0,0,Rational Spender,2
BUDU00688,8170800,199287.80487804877,164700.0,735000,41,152267.2784860916,0.21951219512195122,0.1951219512195122,0.2926829268292683,0.2926829268292683,0.024390243902439025,0.04878048780487805,9,31,12,0.0,0.29682439024390245,0.7640571814179464,0.1476,2380900,0,657000,1268400,0,0,0,579900,1742100,0,88400,0,277200,0,845500,331400,0,Gopay,L,32.0,3524319,0.74,C,Kelas C (Menengah),Yogyakarta,Kota Besar,420000,0.29139129583394524,0.0,0.08040828315464826,0.1552357174328095,0.0,0.0,0.0,0.07097224262006169,0.2132104567484212,0.0,0.01081901405003182,0.0,0.033925686591276254,0.0,0.10347823958486317,0.04055906398394282,0.0,1,Emotional Spender,0
BUDU00689,10573300,170537.09677419355,131900.0,910000,62,152870.69349335082,0.25806451612903225,0.22580645161290322,0.11290322580645161,0.1935483870967742,0.016129032258064516,0.0967741935483871,9,39,12,0.0,0.29380483870967744,0.89640727082252,0.1758,1241900,0,2359800,2054100,0,0,0,1177100,1764000,0,335900,0,269900,0,778900,591700,0,Ovo,L,22.0,4011063,0.799,C,Kelas C (Menengah),Denpasar,Kota Besar,900000,0.11745623409909867,0.0,0.22318481458012163,0.19427236529749464,0.0,0.0,0.0,0.11132758930513652,0.16683533050230298,0.0,0.03176870040573898,0.0,0.025526562189666424,0.0,0.07366668873483208,0.05596171488560809,0.0,1,Emotional Spender,0
BUDU00690,1531500,69613.63636363637,45050.0,240000,22,65232.69918752438,0.2727272727272727,0.18181818181818182,0.18181818181818182,0.22727272727272727,0.0,0.13636363636363635,6,17,10,0.0,0.1601,0.9370678303137683,0.1705,0,0,286500,198800,0,0,0,0,235800,0,0,0,284300,0,326600,199500,0,Gopay,L,37.0,2348620,0.915,D,Kelas D (Menengah Bawah),Semarang,Kota Besar,1800000,0.0,0.0,0.18707149853085211,0.12980737838720208,0.0,0.0,0.0,0.0,0.15396669931439766,0.0,0.0,0.0,0.18563499836761346,0.0,0.21325497877897487,0.13026444662095985,0.0,0,Rational Spender,2
BUDU00691,267800,19128.571428571428,14650.0,57500,14,16804.87239653239,0.14285714285714285,0.0,0.07142857142857142,0.14285714285714285,0.0,0.14285714285714285,5,14,8,0.0,0.2081714285714286,0.8785220819695799,0.0714,0,0,0,0,0,0,0,0,15200,0,44900,0,71500,0,51400,84800,0,Tunai,L,53.0,1401527,0.86,E,Kelas E (Miskin),Desa Panyingkiran,Desa,3700,0.0,0.0,0.0,0.0,0.0,0.0,0.0,0.0,0.05675877520537715,0.0,0.16766243465272593,0.0,0.2669902912621359,0.0,0.1919342793129201,0.3166542195668409,0.0,0,Rational Spender,2
BUDU00692,1938100,69217.85714285714,58600.0,226200,28,60837.25742942717,0.2857142857142857,0.10714285714285714,0.21428571428571427,0.14285714285714285,0.0,0.10714285714285714,7,21,12,0.0,0.3983678571428571,0.8789243114514012,0.1482,0,0,64400,0,0,0,97200,0,798600,0,226200,0,106300,0,437800,207600,0,Gopay,P,22.0,2543822,0.904,D,Kelas D (Menengah Bawah),Desa Sukamaju,Desa,5000,0.0,0.0,0.033228419586192666,0.0,0.0,0.0,0.05015221092822868,0.0,0.4120530416387183,0.0,0.11671224395026056,0.0,0.054847531087147204,0.0,0.22589133687632218,0.10711521593313039,0.0,0,Rational Spender,2
BUDU00693,8898000,174470.58823529413,123100.0,680200,51,147418.09562481486,0.1568627450980392,0.2549019607843137,0.11764705882352941,0.19607843137254902,0.0,0.13725490196078433,9,40,12,0.0,0.11818823529411764,0.8449452547612449,0.152,1978300,0,1992200,805800,0,0,0,453000,2391500,0,66000,0,431100,0,574900,205200,0,Gopay,P,19.0,4920431,0.801,C,Kelas C (Menengah),Bandung,Kota Besar,2500000,0.2223308608676107,0.0,0.2238930096650933,0.09055967633175994,0.0,0.0,0.0,0.050910316925151716,0.2687682625309058,0.0,0.007417397167902899,0.0,0.04844908968307485,0.0,0.06461002472465723,0.02306136210384356,0.0,1,Emotional Spender,0
BUDU00694,43764500,705879.0322580645,516850.0,3004800,62,662279.4007328883,0.24193548387096775,0.08064516129032258,0.12903225806451613,0.1774193548387097,0.3387096774193548,0.12903225806451613,8,31,12,0.03225806451612903,0.21874354838709675,0.938233564771426,0.196,6891800,0,3163900,2146600,0,7342200,0,0,11002500,0,0,0,0,8620200,0,1522000,3075300,Kartu Kredit,P,49.0,19779259,0.617,B,Kelas B (Menengah Atas),Jakarta,Metropolitan,10500000,0.15747466553942122,0.0,0.07229375407007962,0.049048886654708725,0.0,0.16776611180294532,0.0,0.0,0.25140239234996403,0.0,0.0,0.0,0.0,0.19696786207999634,0.0,0.03477704532212181,0.07026928218076295,1,Emotional Spender,0
BUDU00695,944600,47230.0,31900.0,160200,20,37183.57164125039,0.3,0.05,0.1,0.25,0.0,0.0,6,15,12,0.0,0.198015,0.7872871404033536,0.12,0,0,215000,0,0,0,0,0,180800,0,31100,0,211600,0,210500,95600,0,Gopay,P,19.0,2171930,0.775,D,Kelas D (Menengah Bawah),Tegal,Kota Kecil,285000,0.0,0.0,0.22760957018843955,0.0,0.0,0.0,0.0,0.0,0.19140376879102267,0.0,0.0329239889900487,0.0,0.22401016303197122,0.0,0.22284564895193734,0.10120686004658057,0.0,0,Rational Spender,2
BUDU00696,8875500,161372.72727272726,111500.0,880300,55,160088.5130801146,0.38181818181818183,0.14545454545454545,0.14545454545454545,0.2545454545454545,0.03636363636363636,0.12727272727272726,9,34,12,0.0,0.2937709090909091,0.9920419378520988,0.2036,2742400,0,604800,862800,0,0,0,253500,2357600,0,211000,0,735600,0,656900,450900,0,Ovo,P,20.0,6033539,0.794,C,Kelas C (Menengah),Palembang,Kota Besar,1700000,0.308985409272717,0.0,0.06814263985127599,0.09721142470846712,0.0,0.0,0.0,0.02856177116782153,0.2656301053461777,0.0,0.023773308545997407,0.0,0.0828798377556194,0.0,0.07401273167708862,0.05080277167483522,0.0,1,Emotional Spender,0
BUDU00697,1395600,55824.0,33200.0,312500,25,69659.94353524366,0.28,0.28,0.2,0.2,0.0,0.12,8,20,11,0.0,0.123416,1.2478493754522009,0.2,0,0,176400,16300,0,0,110000,0,536900,0,17200,0,17300,0,415900,105600,0,Gopay,L,48.0,2763696,0.859,D,Kelas D (Menengah Bawah),Yogyakarta,Kota Besar,420000,0.0,0.0,0.12639724849527084,0.011679564345084551,0.0,0.0,0.07881914588707366,0.0,0.3847090856979077,0.0,0.012324448265978791,0.0,0.012396102034967039,0.0,0.29800802522212666,0.07566638005159071,0.0,0,Rational Spender,2
BUDU00698,369648900,2843453.076923077,2011800.0,12748900,130,2422238.7491768263,0.24615384615384617,0.2076923076923077,0.15384615384615385,0.23846153846153847,0.8923076923076924,0.09230769230769231,10,62,12,0.023076923076923078,0.27394384615384615,0.8518652088319143,0.3408,21195800,76823400,20266900,20611300,26501300,17958500,0,0,0,14946200,0,38523400,0,85413900,0,0,47408200,Kartu Kredit,L,58.0,124210533,0.262,A,Kelas A (Kaya),Tangerang Selatan,Metropolitan,1700000,0.0573403572958015,0.2078280227534831,0.05482743219308917,0.05575912710683029,0.07169316613683958,0.04858258742282204,0.0,0.0,0.0,0.04043350325132849,0.0,0.10421619001165701,0.0,0.23106764283621567,0.0,0.0,0.12825197099193317,2,Impulsive Spender,1
BUDU00699,1081800,51514.28571428572,39400.0,307400,21,63324.72886411979,0.23809523809523808,0.23809523809523808,0.14285714285714285,0.14285714285714285,0.0,0.09523809523809523,6,15,10,0.0,0.0819047619047619,1.2292653966967235,0.169,0,0,0,54900,0,0,146600,0,346800,0,0,0,20300,0,298800,214400,0,Tunai,P,18.0,2950298,0.915,D,Kelas D (Menengah Bawah),Kediri,Kota Kecil,320000,0.0,0.0,0.0,0.050748752079866885,0.0,0.0,0.13551488260306896,0.0,0.32057681641708263,0.0,0.0,0.0,0.018765021260861527,0.0,0.2762063227953411,0.1981882048437789,0.0,0,Rational Spender,2
BUDU00700,425000,26562.5,16950.0,66500,16,18606.195204823583,0.1875,0.0,0.125,0.1875,0.0,0.0625,4,12,7,0.0,0.298825,0.7004685253580644,0.075,0,0,0,0,0,0,0,0,185500,0,0,0,41000,0,188400,10100,0,Tunai,L,26.0,1225387,0.936,E,Kelas E (Miskin),Desa Panyingkiran,Desa,3700,0.0,0.0,0.0,0.0,0.0,0.0,0.0,0.0,0.4364705882352941,0.0,0.0,0.0,0.09647058823529411,0.0,0.44329411764705884,0.02376470588235294,0.0,0,Rational Spender,2
BUDU00701,378100,22241.176470588234,14200.0,98700,17,23921.879598589483,0.35294117647058826,0.11764705882352941,0.11764705882352941,0.0,0.0,0.17647058823529413,5,14,9,0.0,0.08796470588235294,1.0755671863951897,0.1853,0,0,0,0,0,0,0,0,196700,0,55200,0,23800,0,78600,23800,0,Tunai,P,24.0,839372,0.885,E,Kelas E (Miskin),Desa Rawa Indah,Desa,6500,0.0,0.0,0.0,0.0,0.0,0.0,0.0,0.0,0.5202327426606718,0.0,0.14599312351229835,0.0,0.06294631049986776,0.0,0.20788151282729436,0.06294631049986776,0.0,0,Rational Spender,2
BUDU00702,6310500,197203.125,165050.0,562200,32,131205.8306247072,0.375,0.125,0.21875,0.125,0.0,0.09375,6,22,10,0.0,0.257909375,0.6653334252421568,0.1828,329100,0,618300,618800,0,0,0,0,4025800,0,0,0,0,0,532800,185700,0,Gopay,P,36.0,4957290,0.749,C,Kelas C (Menengah),Palembang,Kota Besar,1700000,0.05215117661041122,0.0,0.09797955787972427,0.0980587909040488,0.0,0.0,0.0,0.0,0.6379526186514539,0.0,0.0,0.0,0.0,0.0,0.08443071072022819,0.029427145234133586,0.0,1,Emotional Spender,0
BUDU00703,7857900,178588.63636363635,158200.0,723500,44,123060.38263731117,0.3181818181818182,0.22727272727272727,0.11363636363636363,0.22727272727272727,0.022727272727272728,0.06818181818181818,9,28,12,0.0,0.32214545454545457,0.6890717413102345,0.1943,2895100,0,1361800,66900,0,0,0,219700,2110500,0,73000,0,72500,0,708700,349700,0,Gopay,P,22.0,6939659,0.643,C,Kelas C (Menengah),Purwokerto,Kota Kecil,290000,0.36843176930223087,0.0,0.1733032998638313,0.0085137250410415,0.0,0.0,0.0,0.027959123938965883,0.26858320925438095,0.0,0.009290013871390576,0.0,0.009226383639394748,0.0,0.09018949083088357,0.0445029842578806,0.0,1,Emotional Spender,0
BUDU00704,1119800,53323.80952380953,37700.0,137500,21,31655.282414818295,0.38095238095238093,0.09523809523809523,0.2857142857142857,0.09523809523809523,0.0,0.09523809523809523,6,17,10,0.0,0.06052380952380952,0.593642552876571,0.1762,0,0,252300,0,0,0,37500,0,203800,0,0,0,250600,0,200800,174800,0,Dana,L,30.0,1791821,0.782,D,Kelas D (Menengah Bawah),Makassar,Kota Besar,1500000,0.0,0.0,0.22530809073048758,0.0,0.0,0.0,0.03348812287908555,0.0,0.18199678514020362,0.0,0.0,0.0,0.22378996249330238,0.0,0.17931773530987677,0.15609930344704412,0.0,0,Rational Spender,2
BUDU00705,5022700,156959.375,114150.0,481100,32,117654.46637362005,0.28125,0.15625,0.1875,0.21875,0.0,0.09375,9,26,12,0.0,0.406096875,0.7495854667720233,0.1594,1124400,0,733800,336700,0,0,0,345300,1643500,0,109200,0,487100,0,177900,64800,0,Kartu Debit,P,34.0,3483842,0.75,C,Kelas C (Menengah),Purwokerto,Kota Kecil,290000,0.2238636589881936,0.0,0.14609672088717224,0.06703565811217074,0.0,0.0,0.0,0.0687478846038983,0.3272144464132837,0.0,0.02174129452286619,0.0,0.09697971210703407,0.0,0.03541919684631772,0.012901427519063452,0.0,1,Emotional Spender,0
BUDU00706,11548500,162654.9295774648,132100.0,735000,71,134109.19302539833,0.2676056338028169,0.19718309859154928,0.11267605633802817,0.28169014084507044,0.014084507042253521,0.08450704225352113,9,43,12,0.0,0.16626901408450703,0.8245012516606729,0.1683,2055800,0,1258500,1356000,0,0,0,1645500,2414500,0,527900,0,235300,0,1506500,548500,0,Gopay,L,33.0,5749747,0.677,C,Kelas C (Menengah),Bandung,Kota Besar,2500000,0.17801446075247868,0.0,0.10897519158332251,0.117417846473568,0.0,0.0,0.0,0.14248603714768152,0.2090747716153613,0.0,0.04571156427241633,0.0,0.020374940468459106,0.0,0.13044984197081871,0.04749534571589384,0.0,1,Emotional Spender,0
BUDU00707,9287300,215983.72093023255,137300.0,805700,43,195134.491996616,0.32558139534883723,0.23255813953488372,0.11627906976744186,0.27906976744186046,0.046511627906976744,0.09302325581395349,9,32,11,0.0,0.4172139534883721,0.9034685167760801,0.207,1640300,0,637500,1285700,0,0,0,959900,1694200,0,1540700,0,440000,0,658500,430500,0,Gopay,L,37.0,6250450,0.738,C,Kelas C (Menengah),Pekalongan,Kota Kecil,310000,0.1766175314677032,0.0,0.06864212419109968,0.13843635932940682,0.0,0.0,0.0,0.10335619609574365,0.1824211557718605,0.0,0.1658932090058467,0.0,0.047376524931896244,0.0,0.07090327651739473,0.04635362268904849,0.0,1,Emotional Spender,0
BUDU00708,10960200,171253.125,151150.0,444700,64,105203.58489991515,0.390625,0.21875,0.09375,0.140625,0.0,0.0625,9,38,12,0.0,0.1316609375,0.6143162929138674,0.2117,2120000,0,1810000,2371600,0,0,0,150700,2064600,0,207000,0,532800,0,664900,1038600,0,Kartu Debit,L,23.0,5678445,0.698,C,Kelas C (Menengah),Jakarta,Metropolitan,10500000,0.19342712724220362,0.0,0.16514297184357948,0.21638291272057078,0.0,0.0,0.0,0.01374974909216985,0.18837247495483658,0.0,0.018886516669403844,0.0,0.04861225160124815,0.0,0.06066495136950056,0.0947610445064871,0.0,1,Emotional Spender,0
BUDU00709,7386400,184660.0,135200.0,807800,40,147813.20644651479,0.425,0.225,0.225,0.1,0.025,0.075,8,28,11,0.025,0.239765,0.8004614234079648,0.2325,2336300,0,352100,1096100,0,0,0,172500,2051000,0,399400,0,122300,0,856700,0,0,Gopay,L,26.0,3727233,0.744,C,Kelas C (Menengah),Blitar,Kota Kecil,150000,0.3162975197660565,0.0,0.047668688400303263,0.1483943463662948,0.0,0.0,0.0,0.023353731181631105,0.2776724791508719,0.0,0.054072349182280946,0.0,0.016557456947904257,0.0,0.1159834290046572,0.0,0.0,1,Emotional Spender,0
BUDU00710,7791100,134329.3103448276,101200.0,745800,58,116324.64403574311,0.27586206896551724,0.1896551724137931,0.1724137931034483,0.3103448275862069,0.017241379310344827,0.13793103448275862,9,37,11,0.0,0.3115155172413793,0.8659662119691828,0.1776,1327800,0,1448500,724800,0,0,0,355400,1977100,0,320800,0,416500,0,809200,411000,0,Ovo,L,26.0,5654937,0.695,C,Kelas C (Menengah),Surabaya,Kota Besar,3100000,0.1704252287866925,0.0,0.18591726457111318,0.09302922565491394,0.0,0.0,0.0,0.04561615176290896,0.2537639101025529,0.0,0.041175187072428794,0.0,0.05345843334060659,0.0,0.10386209906174995,0.05275249964703315,0.0,1,Emotional Spender,0
BUDU00711,353100,17655.0,13700.0,50700,20,12837.17771081118,0.35,0.15,0.0,0.1,0.0,0.1,4,13,11,0.0,0.09597,0.7271128694880306,0.1825,0,0,0,0,0,0,0,0,71100,0,0,0,83400,0,153400,45200,0,Tunai,P,26.0,995721,0.948,E,Kelas E (Miskin),Desa Makmur,Desa,3200,0.0,0.0,0.0,0.0,0.0,0.0,0.0,0.0,0.20135938827527614,0.0,0.0,0.0,0.23619371282922685,0.0,0.4344378363069952,0.12800906258850184,0.0,0,Rational Spender,2
BUDU00712,1637900,51184.375,34950.0,127600,32,36837.20165000629,0.3125,0.15625,0.21875,0.09375,0.0,0.09375,7,24,12,0.0,0.161615625,0.7196962285855066,0.1703,0,0,294300,83900,0,0,70900,0,417000,0,0,0,211400,0,458900,101500,0,Gopay,P,26.0,2476241,0.865,D,Kelas D (Menengah Bawah),Desa Rawa Indah,Desa,6500,0.0,0.0,0.1796812992246169,0.05122412845717077,0.0,0.0,0.04328713596678674,0.0,0.2545942975761646,0.0,0.0,0.0,0.1290677086513218,0.0,0.2801758349105562,0.06196959521338299,0.0,0,Rational Spender,2
BUDU00713,46992500,618322.3684210526,464300.0,3000000,76,534828.1193302347,0.2236842105263158,0.2236842105263158,0.14473684210526316,0.25,0.2894736842105263,0.07894736842105263,9,42,12,0.039473684210526314,0.23947105263157895,0.8649664748438122,0.2151,5416000,6986600,2866300,5362100,0,7109800,0,0,8374800,160600,0,0,0,8093500,0,2622800,0,Kartu Debit,P,48.0,11166329,0.542,B,Kelas B (Menengah Atas),Tangerang Selatan,Metropolitan,1700000,0.11525243389902644,0.1486747885300846,0.06099483960206416,0.11410544235782305,0.0,0.15129648348140662,0.0,0.0,0.17821567271373093,0.003417566632973347,0.0,0.0,0.0,0.17222961110815554,0.0,0.05581316167473533,0.0,1,Emotional Spender,0
BUDU00714,7962400,169412.7659574468,136700.0,665000,47,152653.2068861245,0.425531914893617,0.0851063829787234,0.1702127659574468,0.2127659574468085,0.0,0.1276595744680851,9,33,11,0.02127659574468085,0.07967659574468085,0.9010726318255616,0.1936,1702800,0,1095600,81600,0,0,0,1303500,1614900,0,273600,0,357000,0,864700,668700,0,Ovo,P,40.0,5792695,0.713,C,Kelas C (Menengah),Tegal,Kota Kecil,285000,0.21385511905958002,0.0,0.13759670451120265,0.010248166381995378,0.0,0.0,0.0,0.16370692253591881,0.20281573394956295,0.0,0.034361499045513916,0.0,0.04483572792122978,0.0,0.10859791017783584,0.08398221641716065,0.0,1,Emotional Spender,0
BUDU00715,9045000,205568.18181818182,167200.0,945000,44,197491.5326683327,0.25,0.20454545454545456,0.11363636363636363,0.13636363636363635,0.045454545454545456,0.11363636363636363,8,33,11,0.0,0.2817704545454545,0.9607106066784564,0.175,676300,0,1951500,391700,0,0,0,1330600,3204000,0,0,0,58400,0,528100,904400,0,Gopay,P,32.0,3032032,0.709,C,Kelas C (Menengah),Magelang,Kota Kecil,130000,0.0747705914870094,0.0,0.21575456053067993,0.04330569375345495,0.0,0.0,0.0,0.14710889994472084,0.354228855721393,0.0,0.0,0.0,0.006456605859590934,0.0,0.058385848535102265,0.09998894416804864,0.0,1,Emotional Spender,0
BUDU00716,11375300,164859.42028985507,131000.0,700000,69,143606.97009018235,0.2318840579710145,0.2318840579710145,0.11594202898550725,0.15942028985507245,0.0,0.11594202898550725,9,43,12,0.0,0.2960188405797101,0.8710874382409767,0.1681,1900500,0,926300,284300,0,0,0,1255400,4128900,0,476300,0,626600,0,1091000,686000,0,Kartu Debit,L,34.0,6229911,0.66,C,Kelas C (Menengah),Pekalongan,Kota Kecil,310000,0.1670725167687885,0.0,0.08143081940696069,0.024992747444023453,0.0,0.0,0.0,0.11036192452067198,0.36297064692799313,0.0,0.04187142317125702,0.0,0.05508426151398205,0.0,0.09590955842922824,0.060306101817094934,0.0,1,Emotional Spender,0
BUDU00717,459800,21895.238095238095,20700.0,50100,21,13926.897579521297,0.2857142857142857,0.19047619047619047,0.2857142857142857,0.14285714285714285,0.0,0.0,5,16,10,0.0,0.2411952380952381,0.6360697024139783,0.1571,0,0,0,0,0,0,0,0,203000,0,16000,0,78600,0,140600,21600,0,Tunai,P,42.0,1180014,0.879,E,Kelas E (Miskin),Tasikmalaya,Kota Kecil,700000,0.0,0.0,0.0,0.0,0.0,0.0,0.0,0.0,0.44149630274032187,0.0,0.034797738147020446,0.0,0.17094388864723792,0.0,0.30578512396694213,0.0469769464984776,0.0,0,Rational Spender,2
BUDU00718,12367600,176680.0,125300.0,588300,70,127736.65459662011,0.2714285714285714,0.22857142857142856,0.1,0.21428571428571427,0.0,0.11428571428571428,9,45,12,0.0,0.21731142857142857,0.7229831027655654,0.1807,2200600,0,1720600,2289600,0,0,0,756800,2935600,0,909000,0,367700,0,643900,543800,0,Gopay,L,43.0,6347711,0.663,C,Kelas C (Menengah),Bekasi,Metropolitan,2700000,0.17793266276399625,0.0,0.13912157573013356,0.18512888515152495,0.0,0.0,0.0,0.06119214722339015,0.23736213978459847,0.0,0.07349849607037744,0.0,0.02973090979656522,0.0,0.052063456127300366,0.04396972735211359,0.0,1,Emotional Spender,0
BUDU00719,5758100,164517.14285714287,127100.0,558300,35,140218.0308236684,0.37142857142857144,0.14285714285714285,0.14285714285714285,0.3142857142857143,0.0,0.05714285714285714,8,25,12,0.0,0.27802571428571426,0.8523004252841031,0.1814,1975300,0,612800,761500,0,0,0,339200,1135200,0,0,0,93600,0,665000,175500,0,Kartu Debit,P,35.0,6836449,0.72,C,Kelas C (Menengah),Bogor,Metropolitan,1100000,0.34304718570361753,0.0,0.10642399402580713,0.13224848474323128,0.0,0.0,0.0,0.05890832045292718,0.19714836491203697,0.0,0.0,0.0,0.01625536201177472,0.0,0.11548948437852764,0.030478803772077595,0.0,1,Emotional Spender,0
BUDU00720,8409300,140155.0,120600.0,419200,60,93708.12678430686,0.21666666666666667,0.25,0.2,0.18333333333333332,0.0,0.06666666666666667,9,39,12,0.016666666666666666,0.2584383333333333,0.6686035231301549,0.1608,1868400,0,719600,1257300,0,0,0,658600,2734400,0,206000,0,67500,0,781800,115700,0,Gopay,L,40.0,3594532,0.677,C,Kelas C (Menengah),Yogyakarta,Kota Besar,420000,0.22218258356819237,0.0,0.0855719263196699,0.14951303913524314,0.0,0.0,0.0,0.07831805263220482,0.3251638067377784,0.0,0.024496688190455806,0.0,0.008026827441047412,0.0,0.09296849916164247,0.013758576813765713,0.0,1,Emotional Spender,0
BUDU00721,76973200,740126.9230769231,531800.0,4050000,104,730361.8305606855,0.3076923076923077,0.11538461538461539,0.1346153846153846,0.25,0.33653846153846156,0.08653846153846154,10,51,12,0.0,0.12240192307692307,0.9868061920033373,0.2226,9696400,13424000,10068500,3744800,0,1435700,0,0,19298000,2274000,0,0,0,6075700,0,3240000,7716100,Kartu Debit,L,43.0,12432797,0.513,B,Kelas B (Menengah Atas),Bogor,Metropolitan,1100000,0.12597111722001944,0.17439836202730302,0.13080526728783526,0.048650699204398413,0.0,0.018651946391731147,0.0,0.0,0.25071063694896406,0.0295427499441364,0.0,0.0,0.0,0.07893266747387402,0.0,0.04209257247977218,0.10024398102196609,1,Emotional Spender,0
BUDU00722,5429500,146743.24324324325,109800.0,677100,37,126342.46787675627,0.2972972972972973,0.02702702702702703,0.08108108108108109,0.24324324324324326,0.0,0.05405405405405406,8,27,11,0.0,0.28516486486486486,0.8609763903563831,0.1203,1500100,0,280200,654200,0,0,0,370500,1864200,0,0,0,166300,0,156000,438000,0,Kartu Debit,L,31.0,6422355,0.712,C,Kelas C (Menengah),Makassar,Kota Besar,1500000,0.27628695091629063,0.0,0.051606961967031954,0.12048991619854499,0.0,0.0,0.0,0.06823832765448015,0.3433465328299107,0.0,0.0,0.0,0.03062897136016208,0.0,0.028731927433465327,0.0806704116401142,0.0,1,Emotional Spender,0
BUDU00723,4893500,152921.875,130900.0,488500,32,110512.7747231791,0.3125,0.15625,0.28125,0.125,0.0,0.09375,9,26,12,0.0,0.097109375,0.7226747299768532,0.1703,1089700,0,527200,191400,0,0,0,455000,870100,0,557800,0,216600,0,753200,232500,0,Ovo,P,35.0,4398340,0.761,C,Kelas C (Menengah),Blitar,Kota Kecil,150000,0.2226831511188311,0.0,0.10773475017880862,0.03911310922652498,0.0,0.0,0.0,0.0929804843159293,0.17780729539184634,0.0,0.11398794318994585,0.0,0.04426279758863799,0.0,0.15391846326759986,0.04751200572187596,0.0,1,Emotional Spender,0
BUDU00724,2041200,58320.0,39300.0,202200,35,44224.299947905936,0.4,0.22857142857142856,0.17142857142857143,0.2571428571428571,0.0,0.11428571428571428,8,26,11,0.0,0.17266857142857142,0.7583041829201979,0.2257,0,0,86500,38500,0,0,125200,0,754400,0,256500,0,155700,0,478700,145700,0,Gopay,P,41.0,1512532,0.857,D,Kelas D (Menengah Bawah),Desa Sejahtera,Desa,4100,0.0,0.0,0.04237703311777386,0.01886145404663923,0.0,0.0,0.06133646874387615,0.0,0.3695865177346659,0.0,0.12566137566137567,0.0,0.07627865961199294,0.0,0.23451891044483636,0.0713795806388399,0.0,0,Rational Spender,2
BUDU00725,9429200,174614.8148148148,130950.0,790600,54,137368.06006973947,0.2777777777777778,0.16666666666666666,0.12962962962962962,0.14814814814814814,0.018518518518518517,0.09259259259259259,9,37,12,0.018518518518518517,0.14387407407407407,0.7866918979092533,0.1648,2330300,0,1722100,269400,0,0,0,438700,1596400,0,234800,0,33900,0,1763100,1040500,0,Gopay,L,21.0,5138218,0.734,C,Kelas C (Menengah),Yogyakarta,Kota Besar,420000,0.24713655453272812,0.0,0.18263479404403343,0.028570822551223857,0.0,0.0,0.0,0.046525686166376784,0.16930386459084545,0.0,0.024901370211682858,0.0,0.0035952148644635812,0.0,0.18698298901285368,0.11034870402579222,0.0,1,Emotional Spender,0
BUDU00726,2046700,53860.52631578947,36900.0,185000,38,49045.82269714546,0.3684210526315789,0.15789473684210525,0.15789473684210525,0.23684210526315788,0.0,0.10526315789473684,8,29,12,0.0,0.23141052631578946,0.910607935941529,0.1921,0,0,161800,159300,0,0,410300,0,572200,0,67600,0,110100,0,339900,225500,0,Tunai,P,49.0,2830413,0.798,D,Kelas D (Menengah Bawah),Yogyakarta,Kota Besar,420000,0.0,0.0,0.07905408706698588,0.07783260858943665,0.0,0.0,0.2004690477353789,0.0,0.27957199394146676,0.0,0.03302877803293106,0.0,0.05379391215126789,0.0,0.1660722138075927,0.11017735867494015,0.0,0,Rational Spender,2
BUDU00727,1132800,53942.857142857145,45000.0,294800,21,61750.5592802897,0.23809523809523808,0.23809523809523808,0.19047619047619047,0.2857142857142857,0.0,0.047619047619047616,7,17,10,0.0,0.2977619047619048,1.144740240895201,0.1619,0,0,19800,0,0,0,74300,0,709700,0,69100,0,125200,0,47400,87300,0,Tunai,P,28.0,2505380,0.8,D,Kelas D (Menengah Bawah),Desa Panyingkiran,Desa,3700,0.0,0.0,0.017478813559322032,0.0,0.0,0.0,0.06558968926553672,0.0,0.6265007062146892,0.0,0.060999293785310736,0.0,0.1105225988700565,0.0,0.04184322033898305,0.0770656779661017,0.0,0,Rational Spender,2
BUDU00728,53917500,561640.625,379600.0,3150000,96,501341.13957162324,0.2604166666666667,0.16666666666666666,0.16666666666666666,0.17708333333333334,0.22916666666666666,0.10416666666666667,10,53,12,0.0,0.12363541666666666,0.8926368878170506,0.2026,10251900,4197000,5380300,2106800,0,4760900,0,0,14690100,1706200,0,0,0,5960400,0,2088400,2775500,Kartu Kredit,L,39.0,7657759,0.591,B,Kelas B (Menengah Atas),Depok,Metropolitan,2200000,0.19014049241897343,0.07784114619557657,0.09978763852181574,0.03907451198590439,0.0,0.08829971716047666,0.0,0.0,0.27245513979691194,0.03164464227755367,0.0,0.0,0.0,0.11054666852135206,0.0,0.038733249872490376,0.05147679324894515,1,Emotional Spender,0
BUDU00729,5762500,151644.73684210525,115800.0,548100,38,110655.29309739057,0.3157894736842105,0.18421052631578946,0.13157894736842105,0.15789473684210525,0.0,0.05263157894736842,8,25,11,0.0,0.37298947368421054,0.7297008481910355,0.1737,1407100,0,935600,1303500,0,0,0,407800,1156000,0,248300,0,0,0,112800,191400,0,Dana,L,28.0,3582270,0.733,C,Kelas C (Menengah),Makassar,Kota Besar,1500000,0.2441822125813449,0.0,0.16236008676789587,0.22620390455531453,0.0,0.0,0.0,0.07076789587852494,0.20060737527114966,0.0,0.043088937093275485,0.0,0.0,0.0,0.01957483731019523,0.03321475054229935,0.0,1,Emotional Spender,0
BUDU00730,40010900,689843.1034482758,464600.0,3150000,58,623671.659880075,0.27586206896551724,0.2413793103448276,0.20689655172413793,0.15517241379310345,0.3448275862068966,0.10344827586206896,10,35,12,0.0,0.1337810344827586,0.904077545694907,0.2534,6113500,1212200,1802800,4439900,0,2576600,0,0,6966100,2881000,0,0,0,7539900,0,1444000,5034900,Kartu Kredit,P,47.0,8358862,0.533,B,Kelas B (Menengah Atas),Medan,Kota Besar,2400000,0.15279586312729782,0.030296744137222605,0.045057721770817453,0.1109672614212627,0.0,0.06439745169441327,0.0,0.0,0.1741050563721386,0.07200537853434939,0.0,0.0,0.0,0.18844614842455432,0.0,0.03609016542992035,0.1258382090880235,1,Emotional Spender,0
BUDU00731,1320300,60013.63636363636,37900.0,237500,22,55908.02221552779,0.22727272727272727,0.2727272727272727,0.13636363636363635,0.18181818181818182,0.0,0.18181818181818182,7,18,10,0.0,0.16888636363636364,0.9315886455666222,0.1886,0,0,128200,29000,0,0,0,0,494500,0,103200,0,61900,0,269700,233800,0,Tunai,L,34.0,1800231,0.901,D,Kelas D (Menengah Bawah),Cirebon,Kota Kecil,320000,0.0,0.0,0.09709914413390897,0.021964704991289857,0.0,0.0,0.0,0.0,0.37453609028251156,0.0,0.07816405362417632,0.0,0.04688328410209801,0.0,0.20427175641899567,0.17708096644701962,0.0,0,Rational Spender,2
BUDU00732,65203600,672202.0618556701,468800.0,2794000,97,567888.7387323664,0.26804123711340205,0.18556701030927836,0.14432989690721648,0.21649484536082475,0.32989690721649484,0.09278350515463918,10,51,12,0.010309278350515464,0.17856804123711342,0.8448185016937645,0.2294,4451300,7102600,9015000,3746200,0,8040500,0,0,15011000,1007800,0,0,0,9348900,0,3121500,4358800,Kartu Kredit,P,42.0,15702010,0.66,B,Kelas B (Menengah Atas),Depok,Metropolitan,2200000,0.06826770301026323,0.10892956830604446,0.1382592372200308,0.057453882914440306,0.0,0.1233137434129404,0.0,0.0,0.23021734996227203,0.015456201804808323,0.0,0.0,0.0,0.1433801201160672,0.0,0.04787312356986424,0.06684906968326902,1,Emotional Spender,0
BUDU00733,11308300,194970.6896551724,145900.0,654000,58,153161.9977242542,0.27586206896551724,0.1896551724137931,0.15517241379310345,0.1896551724137931,0.0,0.06896551724137931,8,38,12,0.017241379310344827,0.2067155172413793,0.7855642199098666,0.1638,1892900,0,1720300,2439300,0,0,0,645700,2165100,0,0,0,99700,0,1690100,655200,0,Gopay,L,35.0,5771204,0.794,C,Kelas C (Menengah),Bogor,Metropolitan,1100000,0.1673903239213675,0.0,0.1521271986063334,0.21570881564868283,0.0,0.0,0.0,0.0570996524676565,0.19146113916326946,0.0,0.0,0.0,0.008816532989043446,0.0,0.1494565938293112,0.05793974337433566,0.0,1,Emotional Spender,0
BUDU00734,347630900,2826267.4796747966,1915200.0,11094300,123,2472379.584314221,0.3008130081300813,0.15447154471544716,0.2032520325203252,0.17886178861788618,0.8699186991869918,0.12195121951219512,10,61,12,0.016260162601626018,0.26306585365853663,0.8747861276734871,0.3439,19998500,25930000,18621700,10824500,21828100,18095000,0,0,0,10041300,0,54057300,0,90755500,0,0,77479000,Transfer Bank,L,58.0,29563236,0.417,A,Kelas A (Kaya),Depok,Metropolitan,2200000,0.057527970039487286,0.07459060745175415,0.053567447542781726,0.0311379109279411,0.0627910234677067,0.052052334818337494,0.0,0.0,0.0,0.02888494664887385,0.0,0.15550199939073311,0.0,0.26106856438826354,0.0,0.0,0.22287719532412106,2,Impulsive Spender,1
BUDU00735,296900,21207.14285714286,15300.0,105000,14,25302.522351786145,0.14285714285714285,0.21428571428571427,0.14285714285714285,0.07142857142857142,0.0,0.07142857142857142,5,12,9,0.0,0.23247142857142858,1.1931132129505087,0.125,0,0,0,0,0,0,28900,0,133900,0,0,0,11900,0,58800,63400,0,Tunai,P,29.0,1014367,0.926,E,Kelas E (Miskin),Jombang,Kota Kecil,190000,0.0,0.0,0.0,0.0,0.0,0.0,0.09733917143819468,0.0,0.450993600538902,0.0,0.0,0.0,0.04008083529808016,0.0,0.1980464802963961,0.21353991242842707,0.0,0,Rational Spender,2
BUDU00736,12642200,188689.55223880598,144700.0,633100,67,140253.92787059408,0.31343283582089554,0.13432835820895522,0.14925373134328357,0.14925373134328357,0.0,0.08955223880597014,9,42,12,0.014925373134328358,0.0706268656716418,0.7433052132801097,0.1634,3457600,0,1806200,405400,0,0,0,232400,3204400,0,131400,0,1335700,0,1535600,533500,0,Gopay,L,27.0,4109033,0.753,C,Kelas C (Menengah),Bogor,Metropolitan,1100000,0.273496701523469,0.0,0.1428707028839917,0.03206720349306292,0.0,0.0,0.0,0.018382876398095268,0.2534685418677129,0.0,0.010393760579645948,0.0,0.1056540791950768,0.0,0.121466200503077,0.042199933555868444,0.0,1,Emotional Spender,0
BUDU00737,318000,21200.0,18700.0,50500,15,12911.346062392455,0.2,0.13333333333333333,0.26666666666666666,0.06666666666666667,0.0,0.0,4,13,9,0.0,0.28464666666666666,0.6090257576600214,0.11,0,0,0,0,0,0,0,0,47200,0,50500,0,0,0,131100,89200,0,Gopay,P,37.0,1388549,0.926,E,Kelas E (Miskin),Desa Panyingkiran,Desa,3700,0.0,0.0,0.0,0.0,0.0,0.0,0.0,0.0,0.14842767295597484,0.0,0.15880503144654087,0.0,0.0,0.0,0.41226415094339625,0.28050314465408804,0.0,0,Rational Spender,2
BUDU00738,432300,20585.714285714286,17700.0,66100,21,15168.06796247583,0.23809523809523808,0.2857142857142857,0.14285714285714285,0.09523809523809523,0.0,0.047619047619047616,5,14,9,0.0,0.12989523809523812,0.73682495306961,0.1762,0,0,0,0,0,0,0,0,65500,0,27300,0,40100,0,212700,86700,0,Tunai,P,41.0,838279,0.967,E,Kelas E (Miskin),Desa Sukamaju,Desa,5000,0.0,0.0,0.0,0.0,0.0,0.0,0.0,0.0,0.15151515151515152,0.0,0.06315058986814712,0.0,0.09275965764515383,0.0,0.49201943095072864,0.20055517002081888,0.0,0,Rational Spender,2
BUDU00739,306600,20440.0,15400.0,81200,15,18807.133904832117,0.26666666666666666,0.2,0.2,0.3333333333333333,0.0,0.06666666666666667,6,13,10,0.0,0.13606000000000001,0.9201141832109646,0.1633,0,0,0,0,0,0,15400,0,28800,0,29300,0,95000,0,108700,29400,0,Gopay,L,37.0,898788,0.923,E,Kelas E (Miskin),Desa Makmur,Desa,3200,0.0,0.0,0.0,0.0,0.0,0.0,0.0502283105022831,0.0,0.09393346379647749,0.0,0.09556425309849967,0.0,0.30984996738421394,0.0,0.35453359425962166,0.0958904109589041,0.0,0,Rational Spender,2
BUDU00740,1930100,71485.18518518518,49200.0,262500,27,65318.91411613134,0.3333333333333333,0.25925925925925924,0.14814814814814814,0.37037037037037035,0.0,0.1111111111111111,6,20,12,0.0,0.2695851851851852,0.9137405736156398,0.2111,0,0,276800,0,0,0,102700,0,773900,0,214000,0,0,0,410700,152000,0,Tunai,P,37.0,1745897,0.826,D,Kelas D (Menengah Bawah),Yogyakarta,Kota Besar,420000,0.0,0.0,0.1434122584322056,0.0,0.0,0.0,0.053209678255012695,0.0,0.4009636806383089,0.0,0.11087508419252888,0.0,0.0,0.0,0.21278690223304492,0.07875239624889901,0.0,0,Rational Spender,2
BUDU00741,7258000,148122.44897959183,99600.0,762100,49,133044.67336404047,0.16326530612244897,0.14285714285714285,0.16326530612244897,0.2653061224489796,0.02040816326530612,0.14285714285714285,8,33,12,0.0,0.09773061224489796,0.898207356687515,0.1255,2059300,0,1694100,305600,0,0,0,238900,1510400,0,0,0,42600,0,778200,628900,0,Kartu Debit,L,22.0,5752470,0.658,C,Kelas C (Menengah),Pekalongan,Kota Kecil,310000,0.2837282998071094,0.0,0.23341140810140534,0.042105263157894736,0.0,0.0,0.0,0.032915403692477266,0.2081014053458253,0.0,0.0,0.0,0.005869385505648939,0.0,0.10721961972995316,0.08664921465968586,0.0,1,Emotional Spender,0
BUDU00742,6158400,146628.57142857142,103700.0,523000,42,114019.66301479306,0.2857142857142857,0.19047619047619047,0.21428571428571427,0.16666666666666666,0.0,0.09523809523809523,9,31,12,0.0,0.2589261904761905,0.7776087695864686,0.1714,691000,0,170900,915300,0,0,0,696400,2504600,0,607400,0,139700,0,292600,140500,0,Transfer Bank,P,20.0,5308686,0.662,C,Kelas C (Menengah),Bogor,Metropolitan,1100000,0.11220446869316705,0.0,0.027750714471291245,0.14862626656274358,0.0,0.0,0.0,0.11308131982333074,0.4066965445570278,0.0,0.09862951415952195,0.0,0.02268446349701221,0.0,0.04751234086775786,0.02281436736814757,0.0,1,Emotional Spender,0
BUDU00743,59768500,642672.0430107526,443900.0,3300000,93,585827.6681914289,0.17204301075268819,0.17204301075268819,0.0967741935483871,0.2903225806451613,0.27956989247311825,0.10752688172043011,10,46,12,0.03225806451612903,0.29546774193548386,0.9115499492509079,0.1839,11010400,3925600,10405600,3658100,0,4794300,0,0,12749800,925100,0,0,0,3034800,0,2342200,6922600,Kartu Kredit,P,35.0,18152921,0.535,B,Kelas B (Menengah Atas),Makassar,Kota Besar,1500000,0.1842174389519563,0.06568008231760877,0.1740983963124388,0.061204480621062936,0.0,0.08021449425700829,0.0,0.0,0.21331972527334633,0.01547805282046563,0.0,0.0,0.0,0.05077591038757874,0.0,0.0391878665183165,0.11582355254021767,1,Emotional Spender,0
BUDU00744,8126300,159339.21568627452,108000.0,596900,51,124484.94218728844,0.17647058823529413,0.17647058823529413,0.23529411764705882,0.0784313725490196,0.0,0.09803921568627451,9,32,12,0.0196078431372549,0.22449607843137254,0.7812574051600003,0.1294,1310000,0,1200900,553400,0,0,0,273300,2101800,0,386400,0,99000,0,1099800,1101700,0,Ovo,L,35.0,4153183,0.675,C,Kelas C (Menengah),Denpasar,Kota Besar,900000,0.1612049764345397,0.0,0.1477794322139227,0.06809987325104906,0.0,0.0,0.0,0.03363154203019825,0.2586416942519966,0.0,0.04754931518649324,0.0,0.0121826661580301,0.0,0.13533834586466165,0.1355721546091087,0.0,1,Emotional Spender,0
BUDU00745,5633100,144438.46153846153,120500.0,385800,39,88365.12653215937,0.3333333333333333,0.15384615384615385,0.1282051282051282,0.23076923076923078,0.0,0.07692307692307693,9,34,12,0.02564102564102564,0.2734358974358974,0.6117839084614538,0.1744,1412800,0,607700,1080500,0,0,0,428700,763900,0,393300,0,210900,0,558400,176900,0,Kartu Debit,P,23.0,4715549,0.788,C,Kelas C (Menengah),Semarang,Kota Besar,1800000,0.2508032877101418,0.0,0.10788020805595498,0.1918126786316593,0.0,0.0,0.0,0.07610374394205677,0.13560916724361363,0.0,0.06981945997763221,0.0,0.03743942056771582,0.0,0.0991283662636914,0.03140366760753404,0.0,1,Emotional Spender,0
BUDU00746,2537300,65058.97435897436,56400.0,237500,39,53345.925301646035,0.20512820512820512,0.23076923076923078,0.1282051282051282,0.23076923076923078,0.0,0.07692307692307693,8,27,12,0.02564102564102564,0.28892564102564106,0.819962592820792,0.1526,0,0,319500,97300,0,0,285500,0,894100,0,120800,0,169200,0,348200,302700,0,Tunai,L,32.0,2505810,0.895,D,Kelas D (Menengah Bawah),Tegal,Kota Kecil,285000,0.0,0.0,0.12592125487723171,0.038347850076853346,0.0,0.0,0.11252118393567966,0.0,0.35238245378946126,0.0,0.04760966381586726,0.0,0.06668505892090017,0.0,0.13723249123083592,0.1193000433531707,0.0,0,Rational Spender,2
BUDU00747,53240300,749863.3802816902,510900.0,3197500,71,709301.4274097813,0.30985915492957744,0.1267605633802817,0.16901408450704225,0.2676056338028169,0.3380281690140845,0.1267605633802817,9,46,12,0.028169014084507043,0.23972535211267604,0.9459075427090844,0.2331,7225800,6275200,3529500,5865500,0,400000,0,0,11716600,887200,0,0,0,15790400,0,1550100,0,Kartu Kredit,L,39.0,13255445,0.613,B,Kelas B (Menengah Atas),Bogor,Metropolitan,1100000,0.13572049744272666,0.11786560180915584,0.06629376618839489,0.1101703033228588,0.0,0.007513105673709577,0.0,0.0,0.22007013484146407,0.016664068384287842,0.0,0.0,0.0,0.29658735957535926,0.0,0.02911516276204304,0.0,1,Emotional Spender,0
BUDU00748,8191800,154562.2641509434,131400.0,665000,53,125342.07996582655,0.24528301886792453,0.20754716981132076,0.16981132075471697,0.20754716981132076,0.0,0.0,8,33,12,0.0,0.17200754716981134,0.8109487827081724,0.1481,2103100,0,1515100,364600,0,0,0,432500,2303400,0,0,0,547400,0,676300,249400,0,Gopay,L,29.0,5910317,0.696,C,Kelas C (Menengah),Palembang,Kota Besar,1700000,0.25673234209819573,0.0,0.18495324592885568,0.04450792255670304,0.0,0.0,0.0,0.05279669913816255,0.2811836226470373,0.0,0.0,0.0,0.06682292048145706,0.0,0.08255816792402158,0.03044507922556703,0.0,1,Emotional Spender,0
BUDU00749,416100,18913.636363636364,14750.0,51000,22,13434.153187360633,0.3181818181818182,0.09090909090909091,0.2727272727272727,0.18181818181818182,0.0,0.045454545454545456,6,17,8,0.0,0.2295409090909091,0.7102892817157749,0.1455,0,0,0,0,0,0,67900,0,106700,0,33400,0,39000,0,136700,32400,0,Tunai,L,19.0,1169758,0.9,E,Kelas E (Miskin),Purwokerto,Kota Kecil,290000,0.0,0.0,0.0,0.0,0.0,0.0,0.16318192742129295,0.0,0.2564287430906032,0.0,0.08026916606584955,0.0,0.09372746935832732,0.0,0.3285267964431627,0.07786589762076424,0.0,0,Rational Spender,2
BUDU00750,11321500,202169.64285714287,138500.0,860600,56,183778.27838768886,0.26785714285714285,0.125,0.16071428571428573,0.32142857142857145,0.017857142857142856,0.14285714285714285,9,38,12,0.0,0.10258392857142858,0.9090300392801816,0.1562,1861600,0,1312000,784300,0,0,0,812900,4017500,0,1623000,0,354300,0,395300,160600,0,Transfer Bank,L,21.0,5720951,0.626,C,Kelas C (Menengah),Yogyakarta,Kota Besar,420000,0.1644305083248686,0.0,0.11588570419114075,0.06927527271121318,0.0,0.0,0.0,0.07180143973855055,0.35485580532614935,0.0,0.14335556242547365,0.0,0.0312944397827143,0.0,0.03491586803868745,0.014185399461202137,0.0,1,Emotional Spender,0
BUDU00751,239400,21763.636363636364,17700.0,69500,11,19214.6960802024,0.36363636363636365,0.0,0.0,0.2727272727272727,0.0,0.18181818181818182,5,11,6,0.0,0.13264545454545454,0.8828807722732932,0.1545,0,0,0,0,0,0,0,0,125700,0,17700,0,14500,0,49600,31900,0,Tunai,P,48.0,1158610,0.868,E,Kelas E (Miskin),Desa Makmur,Desa,3200,0.0,0.0,0.0,0.0,0.0,0.0,0.0,0.0,0.525062656641604,0.0,0.07393483709273183,0.0,0.060568086883876354,0.0,0.2071846282372598,0.13324979114452798,0.0,0,Rational Spender,2
BUDU00752,10930000,158405.79710144928,115100.0,605600,69,120099.19660315357,0.34782608695652173,0.2463768115942029,0.18840579710144928,0.2608695652173913,0.0,0.043478260869565216,9,39,12,0.014492753623188406,0.1511710144927536,0.758174251200146,0.2022,3073000,0,1309500,936600,0,0,0,414000,2486500,0,919500,0,77700,0,850500,862700,0,Kartu Debit,L,33.0,4609099,0.679,C,Kelas C (Menengah),Semarang,Kota Besar,1800000,0.28115279048490394,0.0,0.119807868252516,0.0856907593778591,0.0,0.0,0.0,0.03787740164684355,0.22749313815187558,0.0,0.08412625800548948,0.0,0.007108874656907594,0.0,0.07781335773101555,0.07892955169258921,0.0,1,Emotional Spender,0
BUDU00753,9402500,167901.7857142857,130350.0,665000,56,137562.71229855518,0.2857142857142857,0.25,0.10714285714285714,0.25,0.0,0.07142857142857142,9,42,11,0.0,0.1927,0.8193046411825674,0.1857,1200400,0,1647800,1927900,0,0,0,697900,1400600,0,383700,0,599400,0,723200,821600,0,Gopay,P,26.0,5443440,0.742,C,Kelas C (Menengah),Bogor,Metropolitan,1100000,0.12766817335814942,0.0,0.1752512629619782,0.20504121244349907,0.0,0.0,0.0,0.07422494017548524,0.14896038287689445,0.0,0.04080829566604626,0.0,0.06374900292475405,0.0,0.07691571390587609,0.08738101568731721,0.0,1,Emotional Spender,0
BUDU00754,8567400,194713.63636363635,150200.0,634800,44,141242.0001289377,0.18181818181818182,0.09090909090909091,0.09090909090909091,0.3181818181818182,0.0,0.09090909090909091,9,31,12,0.022727272727272728,0.060145454545454544,0.7253831974313397,0.1045,1843700,0,2284600,330000,0,0,0,228700,2367400,0,325200,0,72100,0,591100,524600,0,Kartu Debit,P,31.0,5256779,0.67,C,Kelas C (Menengah),Medan,Kota Besar,2400000,0.21519947708756448,0.0,0.2666619978056353,0.038518103508649065,0.0,0.0,0.0,0.02669421294675164,0.2763265401405327,0.0,0.0379578401848869,0.0,0.008415622009010902,0.0,0.06899409389079535,0.061232112426173636,0.0,1,Emotional Spender,0
BUDU00755,1139700,54271.42857142857,29000.0,207700,21,50515.55347471848,0.19047619047619047,0.19047619047619047,0.09523809523809523,0.3333333333333333,0.0,0.09523809523809523,5,19,11,0.0,0.26066666666666666,0.9307946152225042,0.1381,0,0,0,0,0,0,0,0,420100,0,59000,0,118000,0,387800,154800,0,Gopay,L,40.0,2224517,0.9,D,Kelas D (Menengah Bawah),Palembang,Kota Besar,1700000,0.0,0.0,0.0,0.0,0.0,0.0,0.0,0.0,0.3686057734491533,0.0,0.05176800912520839,0.0,0.10353601825041678,0.0,0.3402649820128104,0.13582521716241117,0.0,0,Rational Spender,2
BUDU00756,1877900,50754.05405405405,38400.0,163900,37,35686.98482480533,0.35135135135135137,0.13513513513513514,0.1891891891891892,0.21621621621621623,0.0,0.02702702702702703,7,23,10,0.0,0.37112972972972974,0.703135650736353,0.1676,0,0,29000,0,0,0,77900,0,778300,0,100800,0,61600,0,584200,246100,0,Gopay,P,33.0,1566991,0.887,D,Kelas D (Menengah Bawah),Jombang,Kota Kecil,190000,0.0,0.0,0.015442781830768412,0.0,0.0,0.0,0.041482507055753765,0.0,0.414452313754726,0.0,0.053676979604877786,0.0,0.03280259864742532,0.0,0.31109217743223816,0.13105064167421054,0.0,0,Rational Spender,2
BUDU00757,10265000,183303.57142857142,142500.0,549700,56,127036.51438469565,0.2857142857142857,0.23214285714285715,0.17857142857142858,0.16071428571428573,0.0,0.07142857142857142,9,37,12,0.03571428571428571,0.38091785714285714,0.6930389484211356,0.1804,1767700,0,1087200,1121300,0,0,0,1276000,2447400,0,784700,0,935300,0,492000,353400,0,Gopay,L,34.0,6075920,0.743,C,Kelas C (Menengah),Makassar,Kota Besar,1500000,0.17220652703360936,0.0,0.1059132976132489,0.10923526546517291,0.0,0.0,0.0,0.12430589381393083,0.2384218217243059,0.0,0.07644422795908427,0.0,0.09111544081831466,0.0,0.04792985874330248,0.03442766682903069,0.0,1,Emotional Spender,0
BUDU00758,387021300,3121139.5161290322,1977100.0,32500000,124,3997793.735021277,0.24193548387096775,0.18548387096774194,0.14516129032258066,0.20161290322580644,0.9274193548387096,0.10483870967741936,10,58,12,0.016129032258064516,0.33267096774193544,1.2808763319813103,0.3415,17922500,41710300,20985600,17390300,48718900,5070300,0,0,0,13885400,0,32875300,0,87170800,0,0,101291900,Kartu Kredit,L,47.0,33754046,0.347,A,Kelas A (Kaya),Jakarta,Metropolitan,10500000,0.0463088207289883,0.10777262130017133,0.054223372201995086,0.04493370261533409,0.12588170211820382,0.013100829334199435,0.0,0.0,0.0,0.03587761190404766,0.0,0.0849444203716953,0.0,0.22523514855642313,0.0,0.0,0.2617217708689418,2,Impulsive Spender,1
BUDU00759,2371200,60800.0,43500.0,206300,39,51440.38450376064,0.1794871794871795,0.1282051282051282,0.15384615384615385,0.1282051282051282,0.0,0.15384615384615385,7,26,12,0.0,0.13988717948717946,0.8460589556539578,0.1244,0,0,426000,0,0,0,30800,0,844600,0,260200,0,136300,0,333000,340300,0,Gopay,L,36.0,2039008,0.786,D,Kelas D (Menengah Bawah),Kediri,Kota Kecil,320000,0.0,0.0,0.17965587044534412,0.0,0.0,0.0,0.012989203778677462,0.0,0.35619095816464236,0.0,0.10973346828609987,0.0,0.05748144399460189,0.0,0.1404352226720648,0.1435138326585695,0.0,0,Rational Spender,2
BUDU00760,2038500,55094.59459459459,52000.0,151500,37,27565.063898851164,0.2702702702702703,0.2702702702702703,0.16216216216216217,0.21621621621621623,0.0,0.02702702702702703,7,27,12,0.0,0.2463918918918919,0.5003224744947231,0.1797,0,0,239700,0,0,0,205300,0,494900,0,52300,0,335500,0,512700,198100,0,Gopay,L,41.0,2897869,0.868,D,Kelas D (Menengah Bawah),Magelang,Kota Kecil,130000,0.0,0.0,0.11758646063281825,0.0,0.0,0.0,0.10071130733382389,0.0,0.2427765513858229,0.0,0.025656119695854795,0.0,0.16458180034338973,0.0,0.2515084621044886,0.09717929850380182,0.0,0,Rational Spender,2
BUDU00761,38471300,674935.0877192982,468700.0,3055500,57,576168.0522739462,0.47368421052631576,0.14035087719298245,0.2982456140350877,0.22807017543859648,0.3157894736842105,0.07017543859649122,10,34,12,0.0,0.2882157894736842,0.8536643934469316,0.2816,6940000,3055500,4377300,4079300,0,345500,0,0,10735200,1679800,0,0,0,3452600,0,2313700,1492400,Kartu Kredit,P,49.0,10172832,0.567,B,Kelas B (Menengah Atas),Tangerang,Metropolitan,2100000,0.1803942159479924,0.07942284248257792,0.1137809224018944,0.10603488834533795,0.0,0.008980720693088095,0.0,0.0,0.27904437853672737,0.04366371814833395,0.0,0.0,0.0,0.0897448227639825,0.0,0.06014093623038473,0.03879255444968067,1,Emotional Spender,0
BUDU00762,221200,15800.0,14000.0,37800,14,8435.547494885055,0.35714285714285715,0.21428571428571427,0.2857142857142857,0.21428571428571427,0.0,0.07142857142857142,4,13,7,0.0,0.2574,0.5338954110686743,0.2,0,0,0,0,0,0,0,0,84000,0,0,0,33100,0,35400,68700,0,Tunai,L,33.0,1426570,0.855,E,Kelas E (Miskin),Medan,Kota Besar,2400000,0.0,0.0,0.0,0.0,0.0,0.0,0.0,0.0,0.379746835443038,0.0,0.0,0.0,0.14963833634719712,0.0,0.16003616636528029,0.3105786618444846,0.0,0,Rational Spender,2
BUDU00763,1634100,68087.5,38200.0,238100,24,69619.03358246596,0.4583333333333333,0.25,0.2916666666666667,0.2916666666666667,0.0,0.16666666666666666,8,20,12,0.0,0.3158458333333333,1.0224936087015377,0.2604,0,0,49600,14400,0,0,426400,0,581100,0,198500,0,49100,0,67600,247400,0,Tunai,L,26.0,2707088,0.825,D,Kelas D (Menengah Bawah),Purwokerto,Kota Kecil,290000,0.0,0.0,0.030353099565510067,0.008812190196438406,0.0,0.0,0.2609387430389817,0.0,0.3556085918854415,0.0,0.12147359402729331,0.0,0.030047120739244846,0.0,0.04136833731105807,0.15139832323603206,0.0,0,Rational Spender,2
BUDU00764,1890600,52516.666666666664,46400.0,222900,36,38860.92786187322,0.2222222222222222,0.25,0.1111111111111111,0.3055555555555556,0.0,0.05555555555555555,7,25,11,0.0,0.24464999999999998,0.739973237611042,0.1611,0,0,49800,0,0,0,484400,0,388000,0,33100,0,332800,0,357200,245300,0,Gopay,P,22.0,2530299,0.796,D,Kelas D (Menengah Bawah),Medan,Kota Besar,2400000,0.0,0.0,0.02634084417645192,0.0,0.0,0.0,0.2562149582143235,0.0,0.2052258542261716,0.0,0.017507669522902784,0.0,0.17602877393420077,0.0,0.18893472971543426,0.12974717021051518,0.0,0,Rational Spender,2
BUDU00765,5093100,164293.5483870968,124600.0,557200,31,140160.63626064648,0.3870967741935484,0.22580645161290322,0.3225806451612903,0.1935483870967742,0.0,0.12903225806451613,8,25,12,0.0,0.23491290322580646,0.8531110176670477,0.2226,1973300,0,219300,929300,0,0,0,97400,670600,0,0,0,299500,0,352400,551300,0,Kartu Debit,P,37.0,5749132,0.766,C,Kelas C (Menengah),Blitar,Kota Kecil,150000,0.3874457599497359,0.0,0.04305825528656417,0.1824625473680077,0.0,0.0,0.0,0.019123912744693803,0.13166833559129018,0.0,0.0,0.0,0.05880504996956667,0.0,0.06919165145000099,0.10824448764014058,0.0,1,Emotional Spender,0
BUDU00766,327800,19282.352941176472,11400.0,53500,17,15153.557144038725,0.17647058823529413,0.17647058823529413,0.11764705882352941,0.4117647058823529,0.0,0.11764705882352941,4,13,10,0.058823529411764705,0.22533529411764705,0.7858769720825451,0.1324,0,0,0,0,0,0,0,0,59300,0,0,0,43600,0,169000,55900,0,Tunai,P,42.0,1390125,0.912,E,Kelas E (Miskin),Desa Cikaret,Desa,2800,0.0,0.0,0.0,0.0,0.0,0.0,0.0,0.0,0.18090298962782184,0.0,0.0,0.0,0.13300793166564978,0.0,0.5155582672361196,0.1705308114704088,0.0,0,Rational Spender,2
BUDU00767,10002400,161329.03225806452,109000.0,665000,62,144156.74345757824,0.25806451612903225,0.22580645161290322,0.20967741935483872,0.1935483870967742,0.0,0.0967741935483871,9,37,12,0.0,0.26091129032258065,0.8935573556716239,0.1726,2431800,0,1022900,1075400,0,0,0,316200,3421000,0,81700,0,301000,0,636300,716100,0,Gopay,P,40.0,6205408,0.602,C,Kelas C (Menengah),Semarang,Kota Besar,1800000,0.2431216508038071,0.0,0.10226545629049029,0.10751419659281772,0.0,0.0,0.0,0.03161241302087499,0.34201791570023193,0.0,0.008168039670479086,0.0,0.030092777733343998,0.0,0.0636147324642086,0.0715928177237463,0.0,1,Emotional Spender,0
BUDU00768,10905100,162762.68656716417,120200.0,726500,67,148780.83315361934,0.26865671641791045,0.19402985074626866,0.11940298507462686,0.22388059701492538,0.014925373134328358,0.11940298507462686,9,40,12,0.0,0.18397611940298506,0.9140966906578112,0.1731,2507600,0,674700,872600,0,0,0,548200,2911100,0,1169700,0,712400,0,931300,577500,0,Gopay,P,28.0,6175582,0.788,C,Kelas C (Menengah),Bogor,Metropolitan,1100000,0.22994745577757197,0.0,0.06187013415741259,0.080017606441023,0.0,0.0,0.0,0.05027005712923311,0.2669484919899863,0.0,0.10726173991985401,0.0,0.06532723221245106,0.0,0.08540040898295292,0.052956873389515,0.0,1,Emotional Spender,0
BUDU00769,9229600,209763.63636363635,145350.0,910000,44,183868.2454101041,0.29545454545454547,0.25,0.06818181818181818,0.18181818181818182,0.022727272727272728,0.13636363636363635,9,30,12,0.0,0.3300272727272727,0.8765496660791997,0.2034,1794400,0,292500,646600,0,0,0,728500,4307900,0,271100,0,122300,0,745900,320400,0,Gopay,L,19.0,5820253,0.704,C,Kelas C (Menengah),Palembang,Kota Besar,1700000,0.19441795960821703,0.0,0.03169151425847274,0.0700572072462512,0.0,0.0,0.0,0.07893083123862356,0.46674828811649477,0.0,0.02937288723238277,0.0,0.013250845107046893,0.0,0.08081607003553784,0.03471439715697321,0.0,1,Emotional Spender,0
BUDU00770,443000,21095.238095238095,12500.0,107200,21,25414.729512439753,0.3333333333333333,0.23809523809523808,0.09523809523809523,0.2857142857142857,0.0,0.09523809523809523,5,18,10,0.0,0.2789904761904762,1.2047614441562862,0.2024,0,0,0,0,0,0,10400,0,269300,0,0,0,18400,0,78300,66600,0,Tunai,L,53.0,1285218,0.934,E,Kelas E (Miskin),Tasikmalaya,Kota Kecil,700000,0.0,0.0,0.0,0.0,0.0,0.0,0.02347629796839729,0.0,0.6079006772009029,0.0,0.0,0.0,0.04153498871331828,0.0,0.17674943566591422,0.15033860045146727,0.0,0,Rational Spender,2
BUDU00771,5130600,150900.0,105350.0,637600,34,122328.67054114353,0.3235294117647059,0.20588235294117646,0.17647058823529413,0.14705882352941177,0.0,0.058823529411764705,9,26,12,0.0,0.19450588235294117,0.8106605072309048,0.1838,644800,0,757400,353300,0,0,0,130600,1596800,0,95300,0,329200,0,1030700,192500,0,Kartu Debit,P,28.0,6752215,0.699,C,Kelas C (Menengah),Cirebon,Kota Kecil,320000,0.12567730869683857,0.0,0.14762405956418354,0.06886134175340117,0.0,0.0,0.0,0.02545511246248002,0.31123065528398236,0.0,0.01857482555646513,0.0,0.06416403539547032,0.0,0.20089268311698436,0.03751997817019452,0.0,1,Emotional Spender,0
BUDU00772,2178300,57323.68421052631,52100.0,154600,38,38956.111370191604,0.2894736842105263,0.18421052631578946,0.13157894736842105,0.23684210526315788,0.0,0.05263157894736842,7,26,11,0.0,0.2615736842105263,0.679581431422339,0.1645,0,0,404500,46500,0,0,323000,0,598700,0,0,0,199800,0,292600,313200,0,Gopay,L,20.0,1996812,0.908,D,Kelas D (Menengah Bawah),Cirebon,Kota Kecil,320000,0.0,0.0,0.1856952669512923,0.021346921911582425,0.0,0.0,0.148280769407336,0.0,0.27484735803149246,0.0,0.0,0.0,0.09172290318137998,0.0,0.13432493228664555,0.14378184823027132,0.0,0,Rational Spender,2
BUDU00773,1538400,73257.14285714286,48800.0,239500,21,63932.7738443169,0.47619047619047616,0.23809523809523808,0.09523809523809523,0.23809523809523808,0.0,0.14285714285714285,7,16,10,0.0,0.3029809523809524,0.8727172716657924,0.2595,0,0,102000,43100,0,0,0,0,673400,0,184400,0,190200,0,146500,198800,0,Tunai,L,21.0,2524604,0.789,D,Kelas D (Menengah Bawah),Bandung,Kota Besar,2500000,0.0,0.0,0.06630265210608424,0.028016120644825792,0.0,0.0,0.0,0.0,0.437727509100364,0.0,0.11986479459178367,0.0,0.12363494539781592,0.0,0.09522880915236609,0.12922516900676026,0.0,0,Rational Spender,2
BUDU00774,54874100,762140.2777777778,469050.0,3000000,72,729213.9763364583,0.3194444444444444,0.16666666666666666,0.1388888888888889,0.25,0.3333333333333333,0.1527777777777778,10,46,12,0.0,0.2544472222222222,0.9567975838551339,0.2514,6450600,7098900,6946100,4424300,0,2392600,0,0,8566800,707500,0,0,0,11527400,0,1224500,5535400,Kartu Kredit,L,25.0,11162420,0.596,B,Kelas B (Menengah Atas),Bekasi,Metropolitan,2700000,0.11755272523831826,0.12936704201071178,0.12658248609088804,0.08062637929369229,0.0,0.04360162626813014,0.0,0.0,0.15611736684519656,0.012893149955990167,0.0,0.0,0.0,0.2100699601451322,0.0,0.022314716778954007,0.10087454737298653,1,Emotional Spender,0
BUDU00775,71898100,748938.5416666666,548400.0,2850000,96,671729.6609060884,0.3229166666666667,0.1875,0.11458333333333333,0.22916666666666666,0.34375,0.09375,10,51,12,0.010416666666666666,0.276771875,0.8969089231423987,0.2521,6430900,8296600,6789200,9101200,0,5117500,0,0,12187100,4683500,0,0,0,11817600,0,1618000,5856500,Kartu Debit,P,48.0,18838359,0.643,B,Kelas B (Menengah Atas),Jakarta,Metropolitan,10500000,0.08944464457336146,0.11539386993536686,0.09442808641674814,0.12658470807990754,0.0,0.07117712429118433,0.0,0.0,0.16950517468472742,0.06514080344265008,0.0,0.0,0.0,0.16436595681944308,0.0,0.022504071734858085,0.08145556002175301,1,Emotional Spender,0
BUDU00776,158400,14400.0,12400.0,34200,11,10343.5970532499,0.18181818181818182,0.18181818181818182,0.18181818181818182,0.36363636363636365,0.0,0.0,3,7,6,0.0,0.31267272727272727,0.7183053509201319,0.1182,0,0,0,0,0,0,0,0,57500,0,0,0,19500,0,81400,0,0,Tunai,P,35.0,1031711,0.919,E,Kelas E (Miskin),Jombang,Kota Kecil,190000,0.0,0.0,0.0,0.0,0.0,0.0,0.0,0.0,0.3630050505050505,0.0,0.0,0.0,0.12310606060606061,0.0,0.5138888888888888,0.0,0.0,0,Rational Spender,2
BUDU00777,271046700,3115479.3103448274,1982800.0,27500000,87,3767887.2616243633,0.28735632183908044,0.1724137931034483,0.25287356321839083,0.14942528735632185,0.896551724137931,0.12643678160919541,10,54,12,0.0,0.34401839080459773,1.2094085327780033,0.3506,17932200,41502300,15958200,10287600,41986000,18130300,0,0,0,7577200,0,10431500,0,72201000,0,0,35040400,Kartu Kredit,P,26.0,63958198,0.32,A,Kelas A (Kaya),Depok,Metropolitan,2200000,0.06615907885984224,0.15311863232424522,0.05887620103841884,0.037955083017059424,0.15490319564857274,0.06688994922277232,0.0,0.0,0.0,0.02795533020693482,0.0,0.03848598783899601,0.0,0.266378450650755,0.0,0.0,0.12927809119240338,2,Impulsive Spender,1
BUDU00778,11614500,193575.0,129850.0,945000,60,186193.235349275,0.23333333333333334,0.15,0.18333333333333332,0.15,0.016666666666666666,0.11666666666666667,7,35,12,0.0,0.26749666666666666,0.9618661260455895,0.1475,3598300,0,2071300,152100,0,0,0,0,3610600,0,0,0,391800,0,1050300,740100,0,Gopay,P,36.0,3254142,0.793,C,Kelas C (Menengah),Bandung,Kota Besar,2500000,0.3098110120969478,0.0,0.17833742304877523,0.013095699341340566,0.0,0.0,0.0,0.0,0.31087003314821987,0.0,0.0,0.0,0.03373369495027767,0.0,0.09043006586594343,0.06372207154849542,0.0,1,Emotional Spender,0
BUDU00779,10044400,167406.66666666666,136450.0,825500,60,131663.13959375117,0.3,0.11666666666666667,0.11666666666666667,0.2833333333333333,0.016666666666666666,0.08333333333333333,8,34,12,0.0,0.3225183333333333,0.7864868360106199,0.1558,2970700,0,1069600,924700,0,0,0,173000,2422700,0,0,0,565400,0,1282200,636100,0,Kartu Debit,P,43.0,3088811,0.653,C,Kelas C (Menengah),Yogyakarta,Kota Besar,420000,0.29575683963203375,0.0,0.10648719684600375,0.09206124805861973,0.0,0.0,0.0,0.01722352753773247,0.24119907610210664,0.0,0.0,0.0,0.056290072079964955,0.0,0.12765321970451196,0.06332882003902672,0.0,1,Emotional Spender,0
BUDU00780,55196900,641824.4186046511,408050.0,2972100,86,589972.1726111667,0.3023255813953488,0.19767441860465115,0.13953488372093023,0.3023255813953488,0.29069767441860467,0.11627906976744186,10,44,12,0.0,0.08772325581395349,0.9192111666517566,0.2407,8730800,7931800,4590800,1517200,0,3110200,0,0,13197300,3327000,0,0,0,7467600,0,2582300,2741900,Kartu Debit,L,41.0,13494133,0.691,B,Kelas B (Menengah Atas),Tangerang Selatan,Metropolitan,1700000,0.15817554971384262,0.14370009909976827,0.08317133752076657,0.027487050903221014,0.0,0.056347367334035066,0.0,0.0,0.23909494917287022,0.06027512414646475,0.0,0.0,0.0,0.13529020651522097,0.0,0.046783424431444516,0.049674891162366,1,Emotional Spender,0
BUDU00781,8463400,143447.45762711865,108700.0,447300,59,106248.75878533779,0.3220338983050847,0.1694915254237288,0.15254237288135594,0.1016949152542373,0.0,0.0847457627118644,9,40,12,0.03389830508474576,0.15416610169491526,0.7406806683289139,0.1763,955000,0,1971500,403400,0,0,0,636100,2358300,0,747600,0,160900,0,795600,435000,0,Gopay,P,20.0,3078010,0.78,C,Kelas C (Menengah),Palembang,Kota Besar,1700000,0.11283881182503486,0.0,0.23294420681995415,0.047664059361485926,0.0,0.0,0.0,0.07515891958314626,0.2786468795046908,0.0,0.0883332939480587,0.0,0.019011272065600115,0.0,0.09400477349528558,0.051397783396743627,0.0,1,Emotional Spender,0
BUDU00782,1551700,50054.83870967742,31100.0,286600,31,54091.409291492724,0.1935483870967742,0.06451612903225806,0.03225806451612903,0.16129032258064516,0.0,0.06451612903225806,6,22,11,0.03225806451612903,0.24500322580645162,1.080642964513936,0.0968,0,0,70800,0,0,0,189500,0,825200,0,0,0,97700,0,245200,123300,0,Tunai,L,25.0,2595771,0.75,D,Kelas D (Menengah Bawah),Desa Sukamaju,Desa,5000,0.0,0.0,0.045627376425855515,0.0,0.0,0.0,0.12212412193078559,0.0,0.5318038280595476,0.0,0.0,0.0,0.06296320164980344,0.0,0.15802023587033576,0.0794612360636721,0.0,0,Rational Spender,2
BUDU00783,285002200,3166691.111111111,2643350.0,9993100,90,2100866.001783119,0.3,0.2,0.24444444444444444,0.24444444444444444,0.9333333333333333,0.1,10,50,12,0.011111111111111112,0.16690888888888888,0.6634262477990721,0.3667,16932800,27565700,12243800,5593100,18003400,10439200,0,0,0,7087200,0,8469700,0,106770800,0,0,71896500,Kartu Kredit,L,33.0,141696324,0.459,A,Kelas A (Kaya),Bekasi,Metropolitan,2700000,0.05941287470763384,0.09672100776765934,0.04296037013047618,0.01962476079132021,0.0631693369384517,0.03662848918359227,0.0,0.0,0.0,0.02486717646390098,0.0,0.02971801621180468,0.0,0.3746314940726773,0.0,0.0,0.25226647373248345,2,Impulsive Spender,1
BUDU00784,1066800,41030.769230769234,35600.0,184900,26,34768.75343443615,0.23076923076923078,0.07692307692307693,0.11538461538461539,0.23076923076923078,0.0,0.038461538461538464,6,24,11,0.0,0.2649846153846154,0.8473824421591112,0.1096,0,0,49900,0,0,0,81800,0,478900,0,0,0,89900,0,244900,121400,0,Dana,L,39.0,1934374,0.769,D,Kelas D (Menengah Bawah),Pekalongan,Kota Kecil,310000,0.0,0.0,0.046775403074615675,0.0,0.0,0.0,0.07667791526059242,0.0,0.44891263592050995,0.0,0.0,0.0,0.08427071616047994,0.0,0.22956505436820399,0.11379827521559804,0.0,0,Rational Spender,2
BUDU00785,5969800,161345.94594594595,108600.0,675900,37,137617.9102414334,0.2702702702702703,0.2972972972972973,0.16216216216216217,0.2702702702702703,0.0,0.08108108108108109,8,28,11,0.02702702702702703,0.31196756756756755,0.8529368955296719,0.1959,1345100,0,808000,1052100,0,0,0,335600,1162300,0,0,0,106400,0,1042500,117800,0,Ovo,L,26.0,3630644,0.761,C,Kelas C (Menengah),Blitar,Kota Kecil,150000,0.22531743106971758,0.0,0.13534791785319442,0.17623705986800228,0.0,0.0,0.0,0.05621628865288619,0.19469663975342558,0.0,0.0,0.0,0.01782304264799491,0.0,0.174628965794499,0.019732654360280075,0.0,1,Emotional Spender,0
BUDU00786,450200,20463.636363636364,13550.0,53900,22,15448.826290894522,0.36363636363636365,0.13636363636363635,0.09090909090909091,0.13636363636363635,0.0,0.045454545454545456,6,15,10,0.0,0.11531818181818182,0.7549404229224334,0.175,0,0,0,0,0,0,11000,0,49300,0,13800,0,105300,0,226700,44100,0,Tunai,P,44.0,1450110,0.895,E,Kelas E (Miskin),Cirebon,Kota Kecil,320000,0.0,0.0,0.0,0.0,0.0,0.0,0.024433585073300755,0.0,0.10950688582852065,0.0,0.03065304309195913,0.0,0.23389604620168813,0.0,0.5035539760106619,0.0979564637938694,0.0,0,Rational Spender,2
BUDU00787,11233900,208035.1851851852,153400.0,735000,54,175658.80538263835,0.2037037037037037,0.18518518518518517,0.2037037037037037,0.16666666666666666,0.018518518518518517,0.07407407407407407,9,38,12,0.0,0.2657851851851852,0.8443706540615877,0.1417,2415000,0,888900,1790200,0,0,0,596500,2918500,0,749900,0,219100,0,1260800,395000,0,Kartu Debit,P,29.0,3018017,0.621,C,Kelas C (Menengah),Denpasar,Kota Besar,900000,0.21497431880290904,0.0,0.07912657225006453,0.15935694638549391,0.0,0.0,0.0,0.05309821166291315,0.25979401632558596,0.0,0.06675330918024906,0.0,0.01950346718414798,0.0,0.11223172718290175,0.03516143102573461,0.0,1,Emotional Spender,0
BUDU00788,7726300,164389.36170212767,124900.0,875000,47,160183.49156927143,0.425531914893617,0.14893617021276595,0.2127659574468085,0.2127659574468085,0.0425531914893617,0.10638297872340426,9,34,11,0.0,0.10012978723404256,0.9744151927514796,0.2181,942400,0,893700,1734400,0,0,0,176900,1654900,0,735000,0,88200,0,942900,557900,0,Gopay,P,22.0,5840693,0.751,C,Kelas C (Menengah),Yogyakarta,Kota Besar,420000,0.12197300130722338,0.0,0.11566985491114763,0.2244800227793381,0.0,0.0,0.0,0.02289582335658724,0.21419049221490236,0.0,0.09512962219950041,0.0,0.011415554663940048,0.0,0.12203771533593052,0.0722079132314303,0.0,1,Emotional Spender,0
BUDU00789,1308700,45127.58620689655,29200.0,173200,29,40338.645920256204,0.27586206896551724,0.2413793103448276,0.3103448275862069,0.27586206896551724,0.0,0.06896551724137931,8,21,9,0.0,0.2890931034482758,0.8938799814223504,0.1793,0,0,38700,88800,0,0,87600,0,344300,0,23800,0,225200,0,289500,210800,0,Gopay,P,43.0,2704509,0.896,D,Kelas D (Menengah Bawah),Surabaya,Kota Besar,3100000,0.0,0.0,0.02957133032780622,0.06785359517078017,0.0,0.0,0.06693665469549935,0.0,0.26308550469931996,0.0,0.01818598609306946,0.0,0.17207916252769925,0.0,0.22121188966149613,0.1610758768243295,0.0,0,Rational Spender,2
BUDU00790,518679400,2980916.091954023,1969800.0,14817200,174,3002553.266068347,0.3275862068965517,0.20689655172413793,0.14367816091954022,0.20114942528735633,0.8735632183908046,0.11494252873563218,10,69,12,0.005747126436781609,0.30251149425287355,1.0072585653023667,0.3687,19255400,84541700,23981600,20300500,59262800,15651400,0,0,0,19290100,0,54445300,0,146993800,0,0,74956800,Kartu Kredit,P,51.0,22858247,0.394,A,Kelas A (Kaya),Denpasar,Kota Besar,900000,0.037123895801529805,0.16299413471982885,0.04623588289799055,0.03913882062792546,0.11425709214593832,0.030175480267772347,0.0,0.0,0.0,0.03719079647273441,0.0,0.10496908109325337,0.0,0.2834001118995665,0.0,0.0,0.1445147040734604,2,Impulsive Spender,1
BUDU00791,5585200,155144.44444444444,133750.0,593300,36,115934.01927560708,0.25,0.16666666666666666,0.1111111111111111,0.25,0.0,0.05555555555555555,9,26,12,0.027777777777777776,0.3598222222222222,0.747265038659646,0.1458,1479500,0,1106800,276700,0,0,0,761500,357400,0,348700,0,237200,0,84900,932500,0,Kartu Debit,L,19.0,5355744,0.631,C,Kelas C (Menengah),Yogyakarta,Kota Besar,420000,0.2648965122108429,0.0,0.19816658311251165,0.04954164577812791,0.0,0.0,0.0,0.13634247654515505,0.06399054644417389,0.0,0.062432858268280454,0.0,0.042469383370335886,0.0,0.015200888061304877,0.16695910620926735,0.0,1,Emotional Spender,0
BUDU00792,255700,14205.555555555555,9550.0,36700,18,9906.710276208345,0.2777777777777778,0.16666666666666666,0.2222222222222222,0.16666666666666666,0.0,0.05555555555555555,6,15,9,0.0,0.13976666666666668,0.6973828117784522,0.1556,0,0,0,0,0,0,27900,0,33000,0,36700,0,29200,0,110800,18100,0,Tunai,L,50.0,1030564,0.859,E,Kelas E (Miskin),Tegal,Kota Kecil,285000,0.0,0.0,0.0,0.0,0.0,0.0,0.10911224090731325,0.0,0.12905748924520924,0.0,0.1435275713727024,0.0,0.11419632381697302,0.0,0.43332029722330856,0.07078607743449354,0.0,0,Rational Spender,2
BUDU00793,8209300,160966.66666666666,117400.0,735000,51,140511.34853337173,0.3333333333333333,0.17647058823529413,0.17647058823529413,0.21568627450980393,0.0196078431372549,0.058823529411764705,9,34,12,0.0,0.10050392156862746,0.8729220244359396,0.1824,966600,0,511800,1026700,0,0,0,814500,3148000,0,397400,0,204600,0,499900,639800,0,Gopay,P,35.0,3113349,0.653,C,Kelas C (Menengah),Denpasar,Kota Besar,900000,0.11774450927606495,0.0,0.06234392700961105,0.12506547452279732,0.0,0.0,0.0,0.0992167419877456,0.3834675307273458,0.0,0.04840851229702898,0.0,0.02492295323596409,0.0,0.06089435152814491,0.07793599941529729,0.0,1,Emotional Spender,0
BUDU00794,294300,16350.0,12750.0,40700,18,10552.515730160942,0.3333333333333333,0.1111111111111111,0.2222222222222222,0.2777777777777778,0.0,0.1111111111111111,5,14,7,0.0,0.18580555555555556,0.6454138061260515,0.1667,0,0,0,0,0,0,0,0,137500,0,19800,0,4800,0,100000,32200,0,Tunai,L,30.0,1092914,0.973,E,Kelas E (Miskin),Cirebon,Kota Kecil,320000,0.0,0.0,0.0,0.0,0.0,0.0,0.0,0.0,0.4672103295956507,0.0,0.0672782874617737,0.0,0.0163098878695209,0.0,0.3397893306150187,0.10941216445803602,0.0,0,Rational Spender,2
BUDU00795,774600,43033.333333333336,39150.0,133000,18,35047.48039949436,0.2777777777777778,0.2777777777777778,0.1111111111111111,0.2222222222222222,0.0,0.2222222222222222,5,16,9,0.05555555555555555,0.20526666666666665,0.8144263454568789,0.2139,0,0,185400,0,0,0,0,0,219800,0,0,0,102000,0,91300,176100,0,Gopay,P,45.0,2242474,0.871,D,Kelas D (Menengah Bawah),Desa Panyingkiran,Desa,3700,0.0,0.0,0.2393493415956623,0.0,0.0,0.0,0.0,0.0,0.2837593596695068,0.0,0.0,0.0,0.13168086754453912,0.0,0.11786728634133746,0.2273431448489543,0.0,0,Rational Spender,2
BUDU00796,61296700,612967.0,428300.0,2850000,100,499552.9239725206,0.31,0.15,0.21,0.27,0.3,0.1,10,53,12,0.01,0.31955500000000003,0.8149752335321814,0.2285,10210100,7713000,5282500,3502800,0,5176000,0,0,16758200,4487200,0,0,0,4110100,0,1936700,2120100,Kartu Kredit,L,46.0,13039575,0.592,B,Kelas B (Menengah Atas),Tangerang Selatan,Metropolitan,1700000,0.16656851021343727,0.12583059120637816,0.08617919072315475,0.05714500128065622,0.0,0.0844417399305346,0.0,0.0,0.2733948157078603,0.0732045933957293,0.0,0.0,0.0,0.06705254932157849,0.0,0.03159550187856769,0.034587506342103246,1,Emotional Spender,0
BUDU00797,12584900,182389.85507246378,172600.0,536500,69,116490.83168282024,0.30434782608695654,0.13043478260869565,0.17391304347826086,0.21739130434782608,0.0,0.057971014492753624,9,40,12,0.0,0.35340434782608693,0.638691398907786,0.1543,2500500,0,1770400,922400,0,0,0,903200,3808700,0,542200,0,128200,0,1062300,947000,0,Kartu Debit,P,30.0,6140287,0.603,C,Kelas C (Menengah),Semarang,Kota Besar,1800000,0.19869049416364054,0.0,0.1406765250419153,0.07329418588943894,0.0,0.0,0.0,0.07176854802183569,0.3026404659552321,0.0,0.04308337769867063,0.0,0.010186811178475792,0.0,0.08441068264348545,0.07524890940730558,0.0,1,Emotional Spender,0
BUDU00798,56092200,684051.2195121951,471650.0,3900000,82,682684.0200058399,0.2682926829268293,0.18292682926829268,0.2073170731707317,0.2073170731707317,0.34146341463414637,0.12195121951219512,10,47,12,0.012195121951219513,0.14210365853658535,0.9980013199781587,0.2354,7746400,11886500,6099400,3777100,0,5649500,0,0,8747100,772200,0,0,0,4801400,0,1224300,5388300,Kartu Kredit,P,35.0,15406074,0.641,B,Kelas B (Menengah Atas),Depok,Metropolitan,2200000,0.13810119767097742,0.2119100338371467,0.10873882643219557,0.06733734815179294,0.0,0.10071810340831702,0.0,0.0,0.15594146779766171,0.013766619957855103,0.0,0.0,0.0,0.08559835413836504,0.0,0.021826564121214715,0.09606148448447378,1,Emotional Spender,0
BUDU00799,1617500,47573.529411764706,36350.0,200500,34,36486.03974476655,0.23529411764705882,0.2647058823529412,0.17647058823529413,0.08823529411764706,0.0,0.08823529411764706,7,20,12,0.0,0.16121470588235295,0.7669399389935473,0.175,0,0,309000,17800,0,0,157800,0,85600,0,0,0,246300,0,534000,267000,0,Ovo,L,34.0,2999561,0.838,D,Kelas D (Menengah Bawah),Yogyakarta,Kota Besar,420000,0.0,0.0,0.1910355486862442,0.011004636785162288,0.0,0.0,0.0975579598145286,0.0,0.05292117465224111,0.0,0.0,0.0,0.15227202472952087,0.0,0.33013910355486864,0.16506955177743432,0.0,0,Rational Spender,2
BUDU00800,13331700,193213.04347826086,138900.0,760300,69,165382.08160378507,0.3188405797101449,0.17391304347826086,0.13043478260869565,0.43478260869565216,0.014492753623188406,0.11594202898550725,9,39,12,0.014492753623188406,0.22602028985507247,0.8559571270476511,0.1841,2334900,0,3170800,1027200,0,0,0,1668700,3307100,0,346700,0,125700,0,955900,394700,0,Gopay,P,30.0,3251429,0.728,C,Kelas C (Menengah),Denpasar,Kota Besar,900000,0.17513895452192893,0.0,0.23783913529407352,0.07704943855622313,0.0,0.0,0.0,0.1251678330595498,0.2480628877037437,0.0,0.026005685696497822,0.0,0.009428655010238754,0.0,0.07170128340721739,0.02960612675052694,0.0,1,Emotional Spender,0
BUDU00801,1542300,44065.71428571428,39300.0,140800,35,25830.14589534464,0.2857142857142857,0.2571428571428571,0.14285714285714285,0.17142857142857143,0.0,0.02857142857142857,7,25,12,0.0,0.14987142857142857,0.5861733166939392,0.1814,0,0,67200,0,0,0,106800,0,289200,0,64100,0,114300,0,491700,409000,0,Tunai,L,23.0,2011028,0.794,D,Kelas D (Menengah Bawah),Blitar,Kota Kecil,150000,0.0,0.0,0.04357128963236724,0.0,0.0,0.0,0.06924722816572651,0.0,0.18751215716786618,0.0,0.04156130454515983,0.0,0.07411009531219608,0.0,0.31880957012254424,0.2651883550541399,0.0,0,Rational Spender,2
BUDU00802,6119700,169991.66666666666,136150.0,735000,36,133422.70394715972,0.2777777777777778,0.19444444444444445,0.1388888888888889,0.19444444444444445,0.027777777777777776,0.1111111111111111,8,28,12,0.0,0.2962777777777778,0.7848779093906156,0.1778,416200,0,1392300,857100,0,0,0,472500,1102400,0,380600,0,0,0,674500,824100,0,Gopay,P,30.0,6824983,0.773,C,Kelas C (Menengah),Yogyakarta,Kota Besar,420000,0.06800986976485776,0.0,0.22751115250747586,0.1400558850924065,0.0,0.0,0.0,0.07720966714054611,0.18013954932431328,0.0,0.062192591140088564,0.0,0.0,0.0,0.11021782113502296,0.134663463895289,0.0,1,Emotional Spender,0
BUDU00803,9816200,181781.4814814815,144750.0,533800,54,143452.0340242282,0.14814814814814814,0.18518518518518517,0.1111111111111111,0.24074074074074073,0.0,0.1111111111111111,8,40,11,0.0,0.39961296296296295,0.789145477609291,0.1241,2617300,0,1927500,966700,0,0,0,390300,2347000,0,0,0,607600,0,591300,368500,0,Ovo,L,39.0,4467973,0.7,C,Kelas C (Menengah),Denpasar,Kota Besar,900000,0.2666306717467044,0.0,0.19635907988834783,0.09848006356838696,0.0,0.0,0.0,0.03976080356960942,0.23909455797559137,0.0,0.0,0.0,0.06189767934638658,0.0,0.06023715898209083,0.03753998492288258,0.0,1,Emotional Spender,0
BUDU00804,55156900,656629.7619047619,525650.0,3531400,84,569132.238170747,0.34523809523809523,0.17857142857142858,0.21428571428571427,0.16666666666666666,0.25,0.11904761904761904,10,49,12,0.0,0.1908166666666667,0.8667475511920131,0.2423,7433900,6437300,3195400,7393000,0,4510500,0,0,14476500,2182700,0,0,0,1233900,0,5814700,2479000,Kartu Kredit,L,22.0,13802802,0.483,B,Kelas B (Menengah Atas),Semarang,Kota Besar,1800000,0.1347773352019421,0.11670887957807637,0.057932915011539805,0.1340358141955041,0.0,0.08177580683468433,0.0,0.0,0.2624603630733417,0.03957256481056767,0.0,0.0,0.0,0.022370727869042678,0.0,0.10542108059009843,0.04494451283520285,1,Emotional Spender,0
BUDU00805,44435200,608701.3698630137,336200.0,2835400,73,615887.2868772225,0.3424657534246575,0.1232876712328767,0.1917808219178082,0.1643835616438356,0.2602739726027397,0.136986301369863,10,51,12,0.0410958904109589,0.2867397260273972,1.011805324203272,0.2295,4592800,11452600,1207900,3003400,0,6448200,0,0,5228400,1593100,0,0,0,4750400,0,3111000,3047400,Kartu Kredit,L,42.0,11917560,0.483,B,Kelas B (Menengah Atas),Tangerang,Metropolitan,2100000,0.10335949877574535,0.2577371093187383,0.027183404148062796,0.06759055883623794,0.0,0.14511468385424167,0.0,0.0,0.11766347400259254,0.0358522072591099,0.0,0.0,0.0,0.10690623649719141,0.0,0.07001206250900187,0.06858076479907821,1,Emotional Spender,0
BUDU00806,1719400,49125.71428571428,41000.0,139500,35,34839.78745509171,0.34285714285714286,0.17142857142857143,0.3142857142857143,0.11428571428571428,0.0,0.05714285714285714,8,26,11,0.0,0.26833714285714283,0.7091965574783122,0.18,0,0,174700,89000,0,0,361100,0,159700,0,157900,0,131500,0,345500,300000,0,Gopay,P,22.0,1798623,0.821,D,Kelas D (Menengah Bawah),Blitar,Kota Kecil,150000,0.0,0.0,0.10160521112015819,0.05176224264278237,0.0,0.0,0.2100151215540305,0.0,0.09288123764103758,0.0,0.0918343608235431,0.0,0.0764801675002908,0.0,0.20094218913574502,0.17447946958241248,0.0,0,Rational Spender,2
BUDU00807,11646600,168791.30434782608,127300.0,752400,69,139786.77537711672,0.2608695652173913,0.2608695652173913,0.17391304347826086,0.2028985507246377,0.028985507246376812,0.11594202898550725,8,35,12,0.014492753623188406,0.27259130434782614,0.8281633696547537,0.1928,2352800,0,1817900,1533800,0,0,0,419100,3567700,0,185100,0,0,0,621500,1148700,0,Transfer Bank,L,29.0,4080233,0.729,C,Kelas C (Menengah),Jombang,Kota Kecil,190000,0.20201603901567838,0.0,0.15608847217213606,0.1316950869781739,0.0,0.0,0.0,0.035984750914429965,0.3063297443030584,0.0,0.015893050332285816,0.0,0.0,0.0,0.05336321329830165,0.09862964298593581,0.0,1,Emotional Spender,0
BUDU00808,15698300,227511.59420289856,197700.0,665000,69,171703.82120540823,0.2753623188405797,0.2028985507246377,0.2028985507246377,0.21739130434782608,0.0,0.13043478260869565,9,45,12,0.0,0.2573927536231884,0.754703608873137,0.1768,3845700,0,2683200,1366600,0,0,0,48500,4259300,0,1049400,0,415600,0,897300,1132700,0,Ovo,P,39.0,5694067,0.631,C,Kelas C (Menengah),Purwokerto,Kota Kecil,290000,0.24497557060318634,0.0,0.17092296618105146,0.08705401221788346,0.0,0.0,0.0,0.0030895065070740144,0.2713223724861928,0.0,0.06684800264996847,0.0,0.02647420421319506,0.0,0.05715905543912398,0.07215430970232446,0.0,1,Emotional Spender,0
BUDU00809,1653300,59046.42857142857,44600.0,255600,28,52231.59595878836,0.14285714285714285,0.14285714285714285,0.17857142857142858,0.17857142857142858,0.0,0.10714285714285714,8,22,12,0.0,0.3111857142857143,0.8845851852937,0.1089,0,0,99900,255600,0,0,84200,0,414600,0,18600,0,136600,0,477600,166200,0,Ovo,P,41.0,2528404,0.793,D,Kelas D (Menengah Bawah),Palembang,Kota Besar,1700000,0.0,0.0,0.06042460533478498,0.15459989112683722,0.0,0.0,0.050928446138026974,0.0,0.25077118490292144,0.0,0.011250226819089094,0.0,0.08262263352083711,0.0,0.28887679187080384,0.10052622028669933,0.0,1,Emotional Spender,0
BUDU00810,966300,48315.0,36350.0,147600,20,40511.795228446485,0.15,0.25,0.15,0.15,0.0,0.15,8,15,10,0.0,0.21756000000000003,0.838493122807544,0.15,0,0,21200,63300,0,0,131500,0,274600,0,21800,0,60400,0,336600,56900,0,Gopay,P,25.0,1922905,0.839,D,Kelas D (Menengah Bawah),Blitar,Kota Kecil,150000,0.0,0.0,0.02193935630756494,0.06550760633343682,0.0,0.0,0.1360861016247542,0.0,0.28417675670081755,0.0,0.022560281486080927,0.0,0.06250646797060955,0.0,0.3483390251474697,0.05888440442926628,0.0,0,Rational Spender,2
BUDU00811,12306100,173325.35211267605,117500.0,945000,71,175018.9073200867,0.23943661971830985,0.2535211267605634,0.16901408450704225,0.15492957746478872,0.04225352112676056,0.11267605633802817,9,47,12,0.014084507042253521,0.2648422535211267,1.0097709607207934,0.1852,3227300,0,2285100,765800,0,0,0,496000,3364900,0,489800,0,97000,0,773800,806400,0,Gopay,P,24.0,6711165,0.768,C,Kelas C (Menengah),Bogor,Metropolitan,1100000,0.2622520538594681,0.0,0.18568839843654772,0.06222930091580598,0.0,0.0,0.0,0.04030521448712427,0.2734335004591219,0.0,0.03980139930603522,0.0,0.007882269768651319,0.0,0.06287938502043702,0.06552847774680849,0.0,1,Emotional Spender,0
BUDU00812,2328400,61273.68421052631,47850.0,169400,38,48299.57575892543,0.15789473684210525,0.21052631578947367,0.18421052631578946,0.2894736842105263,0.0,0.10526315789473684,8,28,12,0.0,0.22793684210526316,0.7882596971478982,0.1342,0,0,253600,139200,0,0,146800,0,484500,0,379400,0,116800,0,569600,238500,0,Gopay,L,32.0,2907867,0.774,D,Kelas D (Menengah Bawah),Desa Cikaret,Desa,2800,0.0,0.0,0.10891599381549562,0.05978354234667583,0.0,0.0,0.06304758632537365,0.0,0.20808280364198592,0.0,0.16294451125236215,0.0,0.05016320219893489,0.0,0.24463150661398386,0.10243085380518811,0.0,0,Rational Spender,2
BUDU00813,1121900,53423.80952380953,38800.0,175700,21,46729.03706221545,0.2857142857142857,0.14285714285714285,0.3333333333333333,0.14285714285714285,0.0,0.09523809523809523,6,18,11,0.0,0.23085238095238095,0.8746856032681384,0.1571,0,0,0,52600,0,0,193500,0,509900,0,0,0,56500,0,64100,245300,0,Ovo,L,47.0,2497680,0.906,D,Kelas D (Menengah Bawah),Palembang,Kota Besar,1700000,0.0,0.0,0.0,0.04688474908637134,0.0,0.0,0.1724752651751493,0.0,0.4544968357251092,0.0,0.0,0.0,0.050360994741064265,0.0,0.05713521704251716,0.21864693822978876,0.0,0,Rational Spender,2
BUDU00814,69091900,670795.1456310679,492100.0,3750000,103,627093.6805548995,0.23300970873786409,0.14563106796116504,0.1650485436893204,0.13592233009708737,0.32038834951456313,0.08737864077669903,10,50,12,0.02912621359223301,0.185978640776699,0.9348512502500966,0.2024,13835500,5010900,7170700,4922500,0,4728300,0,0,13740600,2080100,0,0,0,13244200,0,1109200,3249900,Kartu Kredit,P,46.0,7629146,0.564,B,Kelas B (Menengah Atas),Makassar,Kota Besar,1500000,0.20024778591991246,0.07252514404727617,0.10378495887361615,0.07124568871314872,0.0,0.06843493955152485,0.0,0.0,0.1988742529876874,0.030106278738897034,0.0,0.0,0.0,0.19168961918835636,0.0,0.016053980278440745,0.047037351701140075,1,Emotional Spender,0
BUDU00815,1863100,47771.794871794875,43800.0,142800,39,31565.845538942787,0.38461538461538464,0.07692307692307693,0.10256410256410256,0.28205128205128205,0.0,0.07692307692307693,7,30,12,0.0,0.2661512820512821,0.6607632311839239,0.1692,0,0,298800,0,0,0,76200,0,542800,0,77800,0,363600,0,412200,91700,0,Gopay,L,31.0,2306125,0.856,D,Kelas D (Menengah Bawah),Desa Sukamaju,Desa,5000,0.0,0.0,0.16037786484890773,0.0,0.0,0.0,0.04089957597552466,0.0,0.29134238634533843,0.0,0.04175835972304224,0.0,0.19515860662336965,0.0,0.2212441629542161,0.0492190435296012,0.0,0,Rational Spender,2
BUDU00816,46593100,589786.0759493671,439300.0,2700000,79,489688.6741840656,0.27848101265822783,0.21518987341772153,0.16455696202531644,0.24050632911392406,0.26582278481012656,0.0759493670886076,9,41,12,0.012658227848101266,0.2795759493670886,0.8302818498992593,0.2266,8453500,4316800,8042700,1490600,0,2336900,0,0,10947400,3231900,0,0,0,6542600,0,1230700,0,Kartu Kredit,L,38.0,8978269,0.67,B,Kelas B (Menengah Atas),Palembang,Kota Besar,1700000,0.18143244385971313,0.09264891153411127,0.17261568773058672,0.03199186145588081,0.0,0.05015549512696086,0.0,0.0,0.2349575366309604,0.06936434793993101,0.0,0.0,0.0,0.14041993342361853,0.0,0.026413782298237293,0.0,1,Emotional Spender,0
BUDU00817,43969500,529753.0120481928,408000.0,1935500,83,381071.3144119435,0.27710843373493976,0.1566265060240964,0.1686746987951807,0.1566265060240964,0.26506024096385544,0.08433734939759036,9,47,12,0.0,0.34836144578313255,0.7193377021842711,0.2096,7457000,4037000,5126900,4088200,0,3221300,0,0,9218000,1349600,0,0,0,6719200,0,2752300,0,Kartu Debit,L,38.0,11359277,0.692,B,Kelas B (Menengah Atas),Tangerang Selatan,Metropolitan,1700000,0.16959483278181467,0.09181364354836875,0.11660128043302743,0.09297808708309169,0.0,0.07326214762505828,0.0,0.0,0.20964532232570304,0.03069400379808731,0.0,0.0,0.0,0.1528150195021549,0.0,0.06259566290269392,0.0,1,Emotional Spender,0
BUDU00818,213000,14200.0,10600.0,46000,15,11945.112568984618,0.13333333333333333,0.13333333333333333,0.0,0.26666666666666666,0.0,0.13333333333333333,5,12,10,0.0,0.15718,0.8412051104918745,0.1067,0,0,0,0,0,0,19700,0,11400,0,0,0,11700,0,73300,96900,0,Gopay,P,33.0,1275686,0.872,E,Kelas E (Miskin),Desa Cikaret,Desa,2800,0.0,0.0,0.0,0.0,0.0,0.0,0.09248826291079812,0.0,0.05352112676056338,0.0,0.0,0.0,0.054929577464788736,0.0,0.34413145539906104,0.45492957746478874,0.0,0,Rational Spender,2
BUDU00819,5358400,167450.0,106550.0,616300,32,134048.43371201755,0.40625,0.15625,0.21875,0.28125,0.0,0.09375,9,26,10,0.0,0.296378125,0.8005281201075996,0.2031,530900,0,1545100,303600,0,0,0,29100,1141100,0,395900,0,374500,0,486000,552200,0,Gopay,P,32.0,6676153,0.698,C,Kelas C (Menengah),Depok,Metropolitan,2200000,0.09907808300985368,0.0,0.2883510002985966,0.056658704090773365,0.0,0.0,0.0,0.0054307255897282775,0.21295535980889818,0.0,0.07388399522245447,0.0,0.06989026575097045,0.0,0.09069871603463721,0.10305315019408778,0.0,1,Emotional Spender,0
BUDU00820,2035100,78273.07692307692,62700.0,255600,26,72978.5259247804,0.3076923076923077,0.2692307692307692,0.2692307692307692,0.19230769230769232,0.0,0.19230769230769232,8,20,12,0.0,0.2934269230769231,0.9323579549134149,0.2173,0,0,255600,17200,0,0,652000,0,456300,0,62100,0,212000,0,308000,71900,0,Ovo,L,20.0,2516416,0.777,D,Kelas D (Menengah Bawah),Desa Rawa Indah,Desa,6500,0.0,0.0,0.12559579381848557,0.008451673136455212,0.0,0.0,0.3203773770330696,0.0,0.22421502628863446,0.0,0.030514471033364455,0.0,0.1041717851702619,0.0,0.1513439143039654,0.03532995921576335,0.0,0,Rational Spender,2
BUDU00821,54132300,563878.125,392550.0,2850000,96,502892.44935841946,0.3541666666666667,0.15625,0.19791666666666666,0.19791666666666666,0.25,0.09375,10,53,12,0.010416666666666666,0.25851874999999996,0.8918459983855899,0.2349,6817700,9629300,5795300,3843000,0,4846900,0,0,10789200,2871500,0,0,0,4733300,0,1379500,3426600,Kartu Kredit,L,46.0,16916387,0.551,B,Kelas B (Menengah Atas),Depok,Metropolitan,2200000,0.12594513811532115,0.17788455321499363,0.10705807807907664,0.07099273446722197,0.0,0.08953803921133963,0.0,0.0,0.19931168636839744,0.05304596331580221,0.0,0.0,0.0,0.08743947698509023,0.0,0.025483860837245045,0.06330046940551205,1,Emotional Spender,0
BUDU00822,5406600,180220.0,112750.0,552200,30,150130.35117799326,0.26666666666666666,0.16666666666666666,0.16666666666666666,0.16666666666666666,0.0,0.16666666666666666,6,24,12,0.0,0.3020333333333333,0.8330393473421,0.1683,1940900,0,0,0,0,0,0,818200,1239300,0,0,0,54900,0,726300,627000,0,Ovo,L,19.0,4467223,0.789,C,Kelas C (Menengah),Denpasar,Kota Besar,900000,0.3589871638367921,0.0,0.0,0.0,0.0,0.0,0.0,0.15133355528428216,0.22921984241482632,0.0,0.0,0.0,0.010154255909444012,0.0,0.1343358117855954,0.11596937076906004,0.0,1,Emotional Spender,0
BUDU00823,38548200,566885.2941176471,475050.0,2496600,68,481951.82216170407,0.2647058823529412,0.23529411764705882,0.19117647058823528,0.19117647058823528,0.23529411764705882,0.10294117647058823,10,41,12,0.014705882352941176,0.3790117647058824,0.8501752068059176,0.2257,6582000,3828300,1965900,2774000,0,1926400,0,0,8785300,983200,0,0,0,4719600,0,1193500,5790000,Kartu Kredit,L,24.0,13344496,0.698,B,Kelas B (Menengah Atas),Bandung,Kota Besar,2500000,0.17074727224617492,0.09931203013370274,0.050998490201877134,0.07196185554708132,0.0,0.04997379903601206,0.0,0.0,0.22790428606264365,0.025505730488064295,0.0,0.0,0.0,0.12243373231434931,0.0,0.030961238138226946,0.15020156583186764,1,Emotional Spender,0
BUDU00824,37044900,514512.5,365350.0,2551900,72,450120.17516999884,0.2777777777777778,0.09722222222222222,0.2222222222222222,0.1388888888888889,0.2361111111111111,0.1111111111111111,10,42,12,0.0,0.3080263888888889,0.8748478903233621,0.1903,3810100,4357100,2383700,3516700,0,3587400,0,0,7025500,2660800,0,0,0,5603200,0,1262800,2837600,Gopay,L,43.0,13649253,0.576,B,Kelas B (Menengah Atas),Bogor,Metropolitan,1100000,0.10285086476141116,0.11761672996822775,0.06434623929339801,0.0949307462025812,0.0,0.09683924102912951,0.0,0.0,0.1896482376791407,0.07182635126562631,0.0,0.0,0.0,0.1512542887145059,0.0,0.034088363040526495,0.07659893804545295,1,Emotional Spender,0
BUDU00825,10807900,207844.23076923078,174250.0,534500,52,132532.53749730712,0.2692307692307692,0.15384615384615385,0.19230769230769232,0.17307692307692307,0.0,0.057692307692307696,9,33,12,0.0,0.31522115384615385,0.6376531934843929,0.149,854400,0,1309300,937400,0,0,0,1305100,3790700,0,127200,0,577300,0,1345200,561300,0,Transfer Bank,P,27.0,4038442,0.608,C,Kelas C (Menengah),Palembang,Kota Besar,1700000,0.07905328509701237,0.0,0.12114286771713284,0.08673285282062196,0.0,0.0,0.0,0.12075426308533573,0.35073418517935956,0.0,0.011769168848712515,0.0,0.053414631889636285,0.0,0.12446451206987481,0.051934233292313954,0.0,1,Emotional Spender,0
BUDU00826,2494800,62370.0,53500.0,227900,40,41372.73473541698,0.275,0.2,0.25,0.2,0.0,0.075,6,25,12,0.0,0.35505749999999997,0.6633435102680292,0.1675,0,0,450900,0,0,0,0,0,516600,0,40300,0,502000,0,584300,400700,0,Gopay,P,32.0,2409768,0.795,D,Kelas D (Menengah Bawah),Blitar,Kota Kecil,150000,0.0,0.0,0.18073593073593072,0.0,0.0,0.0,0.0,0.0,0.20707070707070707,0.0,0.01615359948693282,0.0,0.2012185345518679,0.0,0.23420715087381755,0.16061407728074395,0.0,0,Rational Spender,2
BUDU00827,7259900,164997.72727272726,126350.0,665000,44,156509.78346511116,0.2727272727272727,0.18181818181818182,0.11363636363636363,0.2727272727272727,0.0,0.09090909090909091,9,34,12,0.0,0.29467727272727273,0.9485572077390724,0.1636,1736700,0,1050100,771200,0,0,0,338200,1676300,0,199500,0,94400,0,931400,462100,0,Gopay,L,37.0,3854946,0.625,C,Kelas C (Menengah),Purwokerto,Kota Kecil,290000,0.239218171049188,0.0,0.14464386561798373,0.10622735850356066,0.0,0.0,0.0,0.046584663700601936,0.23089849722447967,0.0,0.02747971735147867,0.0,0.013002933924709706,0.0,0.1282937781512142,0.06365101447678342,0.0,1,Emotional Spender,0
BUDU00828,7412400,168463.63636363635,135000.0,659200,44,130741.59689464701,0.22727272727272727,0.22727272727272727,0.045454545454545456,0.22727272727272727,0.0,0.022727272727272728,7,28,12,0.0,0.1437159090909091,0.7760820062819692,0.1511,1602100,0,622300,1508700,0,0,0,464300,2272800,0,0,0,0,0,784900,157300,0,Gopay,P,43.0,4940527,0.722,C,Kelas C (Menengah),Depok,Metropolitan,2200000,0.21613782310722573,0.0,0.08395391506124872,0.2035373158491177,0.0,0.0,0.0,0.0626382817980681,0.3066213372187146,0.0,0.0,0.0,0.0,0.0,0.10589013005234472,0.02122119691328045,0.0,1,Emotional Spender,0
BUDU00829,347500,17375.0,15500.0,57100,20,12903.482801982287,0.3,0.2,0.1,0.35,0.0,0.1,5,13,10,0.05,0.106935,0.7426464922004195,0.18,0,0,0,0,0,0,34600,0,57100,0,0,0,79800,0,144600,31400,0,Tunai,L,18.0,844526,0.872,E,Kelas E (Miskin),Desa Cikaret,Desa,2800,0.0,0.0,0.0,0.0,0.0,0.0,0.09956834532374101,0.0,0.16431654676258992,0.0,0.0,0.0,0.22964028776978418,0.0,0.41611510791366907,0.09035971223021583,0.0,0,Rational Spender,2
BUDU00830,7427900,151589.79591836734,108900.0,465800,49,119380.63641998569,0.32653061224489793,0.22448979591836735,0.22448979591836735,0.20408163265306123,0.0,0.12244897959183673,9,34,12,0.0,0.2714979591836735,0.7875242241520887,0.2,1278500,0,727000,314100,0,0,0,321500,2904500,0,180500,0,112800,0,1416200,172800,0,Gopay,L,42.0,6995597,0.669,C,Kelas C (Menengah),Jakarta,Metropolitan,10500000,0.17212132635065092,0.0,0.0978742309401042,0.042286514358028514,0.0,0.0,0.0,0.043282758249303305,0.3910257273253544,0.0,0.024300273293932338,0.0,0.015185987964296772,0.0,0.1906595403815345,0.023263641136795056,0.0,1,Emotional Spender,0
BUDU00831,1274000,55391.30434782609,41500.0,237500,23,52089.56371694184,0.30434782608695654,0.2608695652173913,0.2608695652173913,0.08695652173913043,0.0,0.08695652173913043,6,18,12,0.0,0.21284347826086958,0.9403924375900018,0.1978,0,0,99300,0,0,0,0,0,651500,0,69800,0,98700,0,213000,141700,0,Tunai,P,18.0,2686054,0.914,D,Kelas D (Menengah Bawah),Desa Cikaret,Desa,2800,0.0,0.0,0.07794348508634223,0.0,0.0,0.0,0.0,0.0,0.5113814756671899,0.0,0.054788069073783356,0.0,0.07747252747252747,0.0,0.16718995290423863,0.11122448979591837,0.0,0,Rational Spender,2
BUDU00832,48320300,644270.6666666666,421100.0,3750000,75,689140.7985375767,0.28,0.18666666666666668,0.25333333333333335,0.18666666666666668,0.25333333333333335,0.12,10,48,12,0.0,0.10340933333333334,1.0696448467894084,0.2227,7790200,7768100,3201300,4915200,0,2103400,0,0,5594800,409600,0,0,0,11647900,0,1739800,3150000,Kartu Kredit,L,31.0,15157580,0.636,B,Kelas B (Menengah Atas),Jakarta,Metropolitan,10500000,0.16122002553792092,0.16076266082785082,0.06625165820576445,0.10172122275730903,0.0,0.043530358876083135,0.0,0.0,0.1157857049728582,0.008476768563109086,0.0,0.0,0.0,0.24105603648983967,0.0,0.03600557115746384,0.06518999261180083,1,Emotional Spender,0
BUDU00833,6209800,172494.44444444444,145350.0,833000,36,152292.24714240228,0.19444444444444445,0.16666666666666666,0.16666666666666666,0.2222222222222222,0.027777777777777776,0.08333333333333333,8,23,11,0.0,0.15527777777777776,0.8828820408268354,0.1361,2380100,0,659200,73200,0,0,0,210000,1491100,0,53600,0,0,0,573500,769100,0,Kartu Debit,L,31.0,5868876,0.716,C,Kelas C (Menengah),Medan,Kota Besar,2400000,0.3832812650971046,0.0,0.10615478759380334,0.011787819253438114,0.0,0.0,0.0,0.03381751425166672,0.24012045476504879,0.0,0.008631517923282553,0.0,0.0,0.0,0.0923540210634803,0.1238526200521756,0.0,1,Emotional Spender,0
BUDU00834,1387600,63072.72727272727,56100.0,152000,22,38354.79956081963,0.4090909090909091,0.09090909090909091,0.22727272727272727,0.18181818181818182,0.0,0.045454545454545456,7,20,11,0.0,0.3009136363636364,0.6081043458763562,0.1773,0,0,332700,0,0,0,170300,0,215300,0,25900,0,149500,0,402900,91000,0,Tunai,P,39.0,2551138,0.819,D,Kelas D (Menengah Bawah),Palembang,Kota Besar,1700000,0.0,0.0,0.2397665033150764,0.0,0.0,0.0,0.12272989334102047,0.0,0.15515998846929951,0.0,0.01866532141827616,0.0,0.10773998270394926,0.0,0.2903574517151917,0.06558085903718651,0.0,0,Rational Spender,2
BUDU00835,1405300,46843.333333333336,34000.0,215900,30,42729.66895724097,0.03333333333333333,0.2,0.2,0.13333333333333333,0.0,0.06666666666666667,7,21,11,0.0,0.3321866666666667,0.9121825010440682,0.0817,0,0,108100,53700,0,0,109900,0,413000,0,149700,0,130000,0,440900,0,0,Gopay,P,22.0,2709604,0.816,D,Kelas D (Menengah Bawah),Magelang,Kota Kecil,130000,0.0,0.0,0.07692307692307693,0.03821248132071444,0.0,0.0,0.07820394221874333,0.0,0.29388742617234753,0.0,0.10652529708958941,0.0,0.09250693802035152,0.0,0.31374083825517685,0.0,0.0,0,Rational Spender,2
BUDU00836,281100,18740.0,14000.0,67500,15,17616.258723933734,0.4,0.26666666666666666,0.0,0.13333333333333333,0.0,0.13333333333333333,4,11,8,0.0,0.32900666666666667,0.9400351506901672,0.24,0,0,0,0,0,0,0,0,121300,0,0,0,47700,0,101000,11100,0,Tunai,L,33.0,1102290,0.949,E,Kelas E (Miskin),Desa Sejahtera,Desa,4100,0.0,0.0,0.0,0.0,0.0,0.0,0.0,0.0,0.4315190323728211,0.0,0.0,0.0,0.16969050160085378,0.0,0.3593027392387051,0.03948772678762007,0.0,0,Rational Spender,2
BUDU00837,383100,17413.636363636364,9000.0,51300,22,13714.61838972407,0.3181818181818182,0.09090909090909091,0.13636363636363635,0.2727272727272727,0.0,0.09090909090909091,5,18,10,0.0,0.04228181818181818,0.7875792340744702,0.1523,0,0,0,0,0,0,0,0,43400,0,118800,0,63000,0,54400,103500,0,Gopay,L,25.0,976001,0.9,E,Kelas E (Miskin),Desa Sejahtera,Desa,4100,0.0,0.0,0.0,0.0,0.0,0.0,0.0,0.0,0.1132863482119551,0.0,0.3101018010963195,0.0,0.1644479248238058,0.0,0.1419994779430958,0.2701644479248238,0.0,0,Rational Spender,2
BUDU00838,7023300,156073.33333333334,127000.0,875000,45,146941.17313958117,0.26666666666666666,0.13333333333333333,0.13333333333333333,0.08888888888888889,0.022222222222222223,0.1111111111111111,8,34,11,0.0,0.32797333333333334,0.9414880172114465,0.1544,1487000,0,632700,1387500,0,0,0,0,1977300,0,199200,0,284600,0,598400,456600,0,Dana,P,39.0,4012829,0.657,C,Kelas C (Menengah),Pekalongan,Kota Kecil,310000,0.21172383352555066,0.0,0.09008585707573363,0.19755670411345094,0.0,0.0,0.0,0.0,0.28153432147281193,0.0,0.028362735466233822,0.0,0.04052226161491037,0.0,0.08520211296683895,0.06501217376446969,0.0,1,Emotional Spender,0
BUDU00839,1921600,60050.0,45250.0,312500,32,58941.41432457016,0.375,0.25,0.1875,0.09375,0.0,0.0625,6,20,12,0.03125,0.3033875,0.98153895627927,0.2156,0,0,0,76900,0,0,0,0,721000,0,78700,0,122800,0,438200,484000,0,Gopay,L,35.0,2117116,0.797,D,Kelas D (Menengah Bawah),Makassar,Kota Besar,1500000,0.0,0.0,0.0,0.04001873438800999,0.0,0.0,0.0,0.0,0.3752081598667777,0.0,0.04095545378850957,0.0,0.06390507910074937,0.0,0.2280391340549542,0.25187343880099916,0.0,0,Rational Spender,2
BUDU00840,1826300,55342.42424242424,45700.0,139600,33,36807.09026722153,0.24242424242424243,0.18181818181818182,0.2727272727272727,0.18181818181818182,0.0,0.09090909090909091,7,25,11,0.0,0.12784848484848485,0.66507911012337,0.153,0,0,180800,0,0,0,185600,0,373300,0,61800,0,119100,0,363300,542400,0,Gopay,L,39.0,2349665,0.769,D,Kelas D (Menengah Bawah),Tegal,Kota Kecil,285000,0.0,0.0,0.09899797404588512,0.0,0.0,0.0,0.10162623884356349,0.0,0.20440234353611125,0.0,0.03383890927010896,0.0,0.06521382029239446,0.0,0.19892679187428133,0.29699392213765535,0.0,0,Rational Spender,2
BUDU00841,31667600,659741.6666666666,464450.0,3730400,48,731576.070078879,0.3125,0.125,0.125,0.22916666666666666,0.2708333333333333,0.125,10,36,11,0.0,0.2549416666666667,1.1088826233685596,0.2198,5335300,6751200,3668000,3248100,0,2832000,0,0,3117600,852800,0,0,0,369600,0,2343000,3150000,Kartu Debit,L,42.0,12684661,0.489,B,Kelas B (Menengah Atas),Surabaya,Kota Besar,3100000,0.16847819222170293,0.21318950599350756,0.11582816506460862,0.10256855587414265,0.0,0.08942894314693883,0.0,0.0,0.09844762470158774,0.026929732597355024,0.0,0.0,0.0,0.011671234953075068,0.0,0.07398729300610088,0.09947075244098069,1,Emotional Spender,0
BUDU00842,57276300,650867.0454545454,440200.0,2850000,88,568470.094386556,0.2727272727272727,0.14772727272727273,0.13636363636363635,0.19318181818181818,0.29545454545454547,0.13636363636363635,10,50,12,0.011363636363636364,0.3418761363636364,0.873404327898571,0.2193,9542700,8454000,7939000,2617700,0,4981500,0,0,10276500,1877100,0,0,0,3635300,0,2302700,5649800,Kartu Kredit,L,49.0,15926455,0.489,B,Kelas B (Menengah Atas),Tangerang Selatan,Metropolitan,1700000,0.16660817825173763,0.14760031636121745,0.1386088137676491,0.045703022017832856,0.0,0.08697314596089482,0.0,0.0,0.1794197600054473,0.03277271751143143,0.0,0.0,0.0,0.06346953277359048,0.0,0.04020336509166968,0.09864114825852927,1,Emotional Spender,0
BUDU00843,1404400,63836.36363636364,47050.0,197900,22,56743.63858161124,0.36363636363636365,0.13636363636363635,0.045454545454545456,0.18181818181818182,0.0,0.09090909090909091,6,18,10,0.0,0.26527727272727275,0.8888920882906916,0.1818,0,0,136900,0,0,0,180800,0,520800,0,0,0,73000,0,471400,21500,0,Gopay,L,29.0,2481931,0.828,D,Kelas D (Menengah Bawah),Makassar,Kota Besar,1500000,0.0,0.0,0.09747935061236115,0.0,0.0,0.0,0.12873825121048135,0.0,0.3708345200797494,0.0,0.0,0.0,0.05197949302193108,0.0,0.33565935630874394,0.015309028766733124,0.0,0,Rational Spender,2
BUDU00844,485200,21095.652173913044,14400.0,66500,23,17482.445175891822,0.34782608695652173,0.30434782608695654,0.13043478260869565,0.08695652173913043,0.0,0.08695652173913043,5,18,10,0.0,0.20301739130434784,0.8287226690962735,0.2261,0,0,0,0,0,0,0,0,63300,0,46500,0,218700,0,78800,77900,0,Tunai,P,44.0,895705,0.926,E,Kelas E (Miskin),Desa Rawa Indah,Desa,6500,0.0,0.0,0.0,0.0,0.0,0.0,0.0,0.0,0.13046166529266282,0.0,0.09583676834295136,0.0,0.45074196207749384,0.0,0.16240725474031328,0.16055234954657874,0.0,0,Rational Spender,2
BUDU00845,6103700,169547.22222222222,122900.0,770000,36,144223.19703671828,0.3333333333333333,0.1388888888888889,0.16666666666666666,0.2777777777777778,0.027777777777777776,0.05555555555555555,8,28,11,0.0,0.22872499999999998,0.8506373336372788,0.1722,1193100,0,854300,696200,0,0,0,0,1927300,0,101600,0,236100,0,659600,435500,0,Gopay,P,19.0,5012273,0.666,C,Kelas C (Menengah),Palembang,Kota Besar,1700000,0.19547159919393156,0.0,0.13996428395891017,0.11406196241623932,0.0,0.0,0.0,0.0,0.31575929354326066,0.0,0.016645641168471583,0.0,0.03868145551059193,0.0,0.10806559955436866,0.07135016465422613,0.0,1,Emotional Spender,0
BUDU00846,1662000,59357.142857142855,36400.0,325000,28,64542.82774837661,0.2857142857142857,0.21428571428571427,0.17857142857142858,0.2857142857142857,0.0,0.10714285714285714,5,20,12,0.0,0.22959642857142856,1.0873641257247564,0.1804,0,0,304800,0,0,0,0,0,523700,0,0,0,262800,0,392700,178000,0,Gopay,P,23.0,2268027,0.83,D,Kelas D (Menengah Bawah),Yogyakarta,Kota Besar,420000,0.0,0.0,0.18339350180505415,0.0,0.0,0.0,0.0,0.0,0.3151022864019254,0.0,0.0,0.0,0.15812274368231047,0.0,0.23628158844765343,0.10709987966305656,0.0,0,Rational Spender,2
BUDU00847,222200,22220.0,20750.0,52300,10,15406.405594210913,0.4,0.0,0.2,0.1,0.0,0.0,4,8,6,0.0,0.28141,0.693357587498241,0.14,0,0,0,0,0,0,33500,0,52300,0,0,0,0,0,97600,38800,0,Tunai,P,54.0,1094050,0.959,E,Kelas E (Miskin),Jombang,Kota Kecil,190000,0.0,0.0,0.0,0.0,0.0,0.0,0.15076507650765075,0.0,0.23537353735373537,0.0,0.0,0.0,0.0,0.0,0.43924392439243926,0.17461746174617462,0.0,0,Rational Spender,2
BUDU00848,12401100,172237.5,131700.0,875000,72,156767.97193511142,0.2638888888888889,0.1527777777777778,0.1527777777777778,0.16666666666666666,0.013888888888888888,0.1388888888888889,9,43,12,0.013888888888888888,0.3896777777777778,0.9101849012852103,0.1618,2107600,0,2424300,1188600,0,0,0,643600,3616000,0,138400,0,470200,0,884900,927500,0,Kartu Debit,L,29.0,5262229,0.649,C,Kelas C (Menengah),Denpasar,Kota Besar,900000,0.16995266548935176,0.0,0.19549072259718897,0.09584633621211022,0.0,0.0,0.0,0.05189862189644467,0.291587036633847,0.0,0.01116030029594149,0.0,0.03791599132335035,0.0,0.07135657320721549,0.07479175234455009,0.0,1,Emotional Spender,0
BUDU00849,318100,19881.25,12150.0,53900,16,15338.110216059864,0.25,0.1875,0.375,0.125,0.0,0.0625,5,12,9,0.0,0.17530625,0.7714862101759127,0.1531,0,0,0,0,0,0,0,0,161300,0,19200,0,31200,0,95600,10800,0,Tunai,P,47.0,1440450,0.854,E,Kelas E (Miskin),Desa Panyingkiran,Desa,3700,0.0,0.0,0.0,0.0,0.0,0.0,0.0,0.0,0.507073247406476,0.0,0.060358377868594784,0.0,0.09808236403646652,0.0,0.30053442313737816,0.033951587551084565,0.0,0,Rational Spender,2
BUDU00850,8488100,154329.0909090909,117600.0,715400,55,122995.7371629983,0.2727272727272727,0.16363636363636364,0.10909090909090909,0.21818181818181817,0.0,0.07272727272727272,8,34,12,0.01818181818181818,0.2636363636363636,0.7969705286182899,0.1555,1111100,0,594500,866800,0,0,0,401500,3318600,0,0,0,555400,0,1276100,364100,0,Gopay,L,36.0,4243892,0.787,C,Kelas C (Menengah),Magelang,Kota Kecil,130000,0.1309009083304862,0.0,0.07003923139454059,0.10211943780115691,0.0,0.0,0.0,0.0473015162403836,0.3909708886558829,0.0,0.0,0.0,0.0654327823659005,0.0,0.15033988760735617,0.04289534760429307,0.0,1,Emotional Spender,0
BUDU00851,165600,16560.0,12750.0,51700,10,14024.20130425338,0.4,0.2,0.1,0.2,0.0,0.0,4,8,7,0.0,0.21680000000000002,0.8468720594355906,0.2,0,0,0,0,0,0,0,0,36000,0,51700,0,0,0,71200,6700,0,Tunai,L,39.0,852565,0.853,E,Kelas E (Miskin),Bandung,Kota Besar,2500000,0.0,0.0,0.0,0.0,0.0,0.0,0.0,0.0,0.21739130434782608,0.0,0.31219806763285024,0.0,0.0,0.0,0.42995169082125606,0.04045893719806763,0.0,0,Rational Spender,2
BUDU00852,10734800,175980.32786885247,141500.0,487500,61,115300.80199153305,0.2786885245901639,0.11475409836065574,0.18032786885245902,0.19672131147540983,0.0,0.06557377049180328,9,34,12,0.0,0.2799360655737705,0.6551914261545176,0.1418,3902600,0,497300,661700,0,0,0,94600,2322600,0,880800,0,171300,0,1176800,1027100,0,Gopay,P,34.0,5214912,0.777,C,Kelas C (Menengah),Bekasi,Metropolitan,2700000,0.3635465961173007,0.0,0.04632596788016544,0.06164064537765026,0.0,0.0,0.0,0.008812460409136639,0.21636173938964862,0.0,0.08205089987703544,0.0,0.015957446808510637,0.0,0.1096247717703171,0.09567947237023512,0.0,1,Emotional Spender,0
BUDU00853,5907100,155450.0,110950.0,565500,38,135114.409478222,0.23684210526315788,0.18421052631578946,0.13157894736842105,0.18421052631578946,0.0,0.07894736842105263,8,25,11,0.0,0.05684473684210526,0.86918243472642,0.15,1511500,0,240800,133200,0,0,0,1059400,2472900,0,0,0,42700,0,153400,293200,0,Gopay,L,29.0,5283412,0.711,C,Kelas C (Menengah),Denpasar,Kota Besar,900000,0.25587851907027137,0.0,0.04076450373279613,0.022549135785749352,0.0,0.0,0.0,0.17934350188755904,0.4186318159502971,0.0,0.0,0.0,0.007228589324710941,0.0,0.025968749470975605,0.049635184777640465,0.0,1,Emotional Spender,0
BUDU00854,13297600,195552.9411764706,151000.0,665000,68,147760.86314646222,0.29411764705882354,0.19117647058823528,0.19117647058823528,0.20588235294117646,0.0,0.10294117647058823,9,41,12,0.014705882352941176,0.1942,0.7556054245848446,0.1757,2659500,0,1923900,1235600,0,0,0,721000,3126100,0,1660600,0,321200,0,1228900,420800,0,Gopay,P,21.0,6920207,0.645,C,Kelas C (Menengah),Semarang,Kota Besar,1800000,0.19999849596919744,0.0,0.1446802430513777,0.09291902298159066,0.0,0.0,0.0,0.054220310431957644,0.23508753459270845,0.0,0.12487967753579593,0.0,0.02415473468896643,0.0,0.09241517266273613,0.03164480808566959,0.0,1,Emotional Spender,0
BUDU00855,6598600,173647.36842105264,111850.0,700000,38,159785.1661363218,0.34210526315789475,0.13157894736842105,0.15789473684210525,0.3157894736842105,0.0,0.15789473684210525,7,33,12,0.0,0.3155,0.9201703866244699,0.1829,944900,0,1724700,636300,0,0,0,416800,1839500,0,0,0,0,0,572900,463500,0,Ovo,L,27.0,6023164,0.667,C,Kelas C (Menengah),Jakarta,Metropolitan,10500000,0.14319704179674475,0.0,0.26137362470827147,0.09642954566120086,0.0,0.0,0.0,0.0631649137695875,0.27877125450853213,0.0,0.0,0.0,0.0,0.0,0.08682144697360046,0.07024217258206286,0.0,1,Emotional Spender,0
BUDU00856,1125500,51159.09090909091,39200.0,191300,22,45521.953459328244,0.2727272727272727,0.36363636363636365,0.22727272727272727,0.22727272727272727,0.0,0.13636363636363635,7,20,10,0.0,0.32779545454545456,0.8898116180410673,0.225,0,0,87000,13300,0,0,191300,0,283100,0,0,0,120700,0,147600,282500,0,Gopay,P,35.0,1917073,0.808,D,Kelas D (Menengah Bawah),Kediri,Kota Kecil,320000,0.0,0.0,0.07729897823189694,0.01181697023545091,0.0,0.0,0.16996890270990672,0.0,0.25153265215459797,0.0,0.0,0.0,0.10724122612172368,0.0,0.13114171479342515,0.25099955575299865,0.0,0,Rational Spender,2
BUDU00857,179700,17970.0,13950.0,53700,10,13867.471931746528,0.2,0.1,0.1,0.2,0.0,0.1,4,9,8,0.0,0.29266000000000003,0.7717012761127728,0.115,0,0,0,0,0,0,0,0,75500,0,0,0,20300,0,57700,26200,0,Tunai,P,47.0,934423,0.927,E,Kelas E (Miskin),Tegal,Kota Kecil,285000,0.0,0.0,0.0,0.0,0.0,0.0,0.0,0.0,0.4201446855870896,0.0,0.0,0.0,0.11296605453533667,0.0,0.32109070673344464,0.1457985531441291,0.0,0,Rational Spender,2
BUDU00858,8094300,161886.0,153800.0,385700,50,94051.80294249917,0.36,0.22,0.2,0.14,0.0,0.06,9,34,12,0.0,0.182432,0.5809755194550434,0.201,1784300,0,1510500,877700,0,0,0,328200,2524300,0,404800,0,68700,0,149500,446300,0,Gopay,P,34.0,4575911,0.758,C,Kelas C (Menengah),Tasikmalaya,Kota Kecil,700000,0.22043907441038757,0.0,0.18661280160112673,0.10843433033122074,0.0,0.0,0.0,0.04054705162892406,0.31186143335433575,0.0,0.05001050121690572,0.0,0.008487454134390868,0.0,0.01846978738124359,0.05513756594146498,0.0,1,Emotional Spender,0
BUDU00859,1283800,41412.903225806454,31900.0,126700,31,32222.07051008655,0.3225806451612903,0.12903225806451613,0.06451612903225806,0.2903225806451613,0.0,0.12903225806451613,7,22,11,0.03225806451612903,0.33299354838709677,0.778068379664031,0.171,0,0,37900,0,0,0,87500,0,429700,0,126700,0,146600,0,337000,118400,0,Gopay,L,42.0,2183424,0.85,D,Kelas D (Menengah Bawah),Purwokerto,Kota Kecil,290000,0.0,0.0,0.029521732357064963,0.0,0.0,0.0,0.06815703380588876,0.0,0.3347094563016046,0.0,0.09869138495092694,0.0,0.11419224178220906,0.0,0.26250194734382304,0.09222620345848263,0.0,0,Rational Spender,2
BUDU00860,4218000,131812.5,118200.0,379100,32,76405.48346307226,0.28125,0.09375,0.125,0.28125,0.0,0.0625,9,26,10,0.0,0.236109375,0.5796527906160058,0.1359,876100,0,835400,261700,0,0,0,379100,934200,0,146100,0,220500,0,200200,364700,0,Transfer Bank,P,34.0,3386354,0.805,C,Kelas C (Menengah),Bogor,Metropolitan,1100000,0.20770507349454717,0.0,0.19805595068752962,0.06204362256993836,0.0,0.0,0.0,0.08987671882408725,0.22147937411095306,0.0,0.034637268847795166,0.0,0.052275960170697015,0.0,0.047463252726410624,0.08646277856804173,0.0,1,Emotional Spender,0
BUDU00861,371800,18590.0,12900.0,41200,20,12659.670736551354,0.15,0.3,0.15,0.1,0.0,0.1,6,18,9,0.0,0.23674499999999998,0.6809935845374585,0.1575,0,0,0,0,0,0,31700,0,54100,0,60800,0,33200,0,67300,124700,0,Tunai,L,38.0,1172492,0.887,E,Kelas E (Miskin),Desa Sukamaju,Desa,5000,0.0,0.0,0.0,0.0,0.0,0.0,0.08526089295320065,0.0,0.14550833781603012,0.0,0.1635287789133943,0.0,0.08929532006455083,0.0,0.1810112963959118,0.3353953738569123,0.0,0,Rational Spender,2
BUDU00862,8721200,177983.67346938775,174300.0,599000,49,119050.77233919075,0.32653061224489793,0.22448979591836735,0.12244897959183673,0.2857142857142857,0.0,0.08163265306122448,9,31,12,0.0,0.18430408163265308,0.6688859153121528,0.1939,2212800,0,1003700,195400,0,0,0,509100,2893700,0,174800,0,239800,0,1225800,266100,0,Kartu Debit,P,20.0,6081925,0.66,C,Kelas C (Menengah),Palembang,Kota Besar,1700000,0.2537265513920103,0.0,0.11508737329725267,0.02240517359996331,0.0,0.0,0.0,0.05837499426684401,0.33180066963261934,0.0,0.020043113333027565,0.0,0.02749621611704811,0.0,0.1405540521946521,0.03051185616658258,0.0,1,Emotional Spender,0
BUDU00863,326600,19211.764705882353,17000.0,43700,17,9626.71298736887,0.29411764705882354,0.17647058823529413,0.17647058823529413,0.17647058823529413,0.0,0.058823529411764705,5,14,9,0.0,0.27555882352941174,0.5010842644986858,0.1647,0,0,0,0,0,0,0,0,81700,0,20000,0,58600,0,118800,47500,0,Tunai,P,50.0,1155345,0.887,E,Kelas E (Miskin),Kediri,Kota Kecil,320000,0.0,0.0,0.0,0.0,0.0,0.0,0.0,0.0,0.25015309246785056,0.0,0.0612369871402327,0.0,0.17942437232088182,0.0,0.36374770361298225,0.14543784445805266,0.0,0,Rational Spender,2
BUDU00864,1988900,71032.14285714286,49800.0,248500,28,58475.93397712732,0.25,0.21428571428571427,0.14285714285714285,0.21428571428571427,0.0,0.14285714285714285,7,20,12,0.0,0.1873357142857143,0.8232320133538966,0.1732,0,0,25900,0,0,0,141500,0,433200,0,320800,0,20600,0,595000,451900,0,Tunai,P,41.0,1661179,0.774,D,Kelas D (Menengah Bawah),Makassar,Kota Besar,1500000,0.0,0.0,0.013022273618583137,0.0,0.0,0.0,0.07114485393936347,0.0,0.21780883905676504,0.0,0.16129518829503744,0.0,0.01035748403640203,0.0,0.29916033988636936,0.22721102116747952,0.0,0,Rational Spender,2
BUDU00865,325980100,3018334.2592592593,2421450.0,12133900,108,2297210.10143255,0.3055555555555556,0.1574074074074074,0.18518518518518517,0.19444444444444445,0.9259259259259259,0.10185185185185185,10,56,12,0.009259259259259259,0.2658351851851852,0.7610853882022718,0.3546,22568200,48699900,11981600,19723400,15462100,10980000,0,0,0,18580000,0,47833900,0,66455200,0,0,63695800,Kartu Kredit,L,26.0,71639578,0.342,A,Kelas A (Kaya),Tangerang,Metropolitan,2100000,0.06923183347695151,0.14939531584903495,0.03675561790428311,0.06050492039237978,0.047432650029863785,0.033683037706902966,0.0,0.0,0.0,0.05699734431641686,0.0,0.14673871196431928,0.0,0.20386275113112734,0.0,0.0,0.1953978172287204,2,Impulsive Spender,1
BUDU00866,286700,16864.70588235294,9900.0,56300,17,15469.24130235831,0.29411764705882354,0.058823529411764705,0.17647058823529413,0.23529411764705882,0.0,0.17647058823529413,4,12,9,0.0,0.057623529411764705,0.917255326613503,0.1471,0,0,0,0,0,0,0,0,20900,0,0,0,56900,0,170800,38100,0,Tunai,L,31.0,1459143,0.956,E,Kelas E (Miskin),Kediri,Kota Kecil,320000,0.0,0.0,0.0,0.0,0.0,0.0,0.0,0.0,0.07289850017439832,0.0,0.0,0.0,0.19846529473317057,0.0,0.5957446808510638,0.13289152424136727,0.0,0,Rational Spender,2
BUDU00867,4864900,135136.11111111112,125250.0,426300,36,85466.10406731105,0.16666666666666666,0.19444444444444445,0.1388888888888889,0.25,0.0,0.05555555555555555,8,29,11,0.0,0.3506361111111111,0.6324446024426397,0.125,1596600,0,442600,452900,0,0,0,0,1059800,0,258200,0,32300,0,393900,628600,0,Kartu Debit,L,25.0,6721466,0.693,C,Kelas C (Menengah),Denpasar,Kota Besar,900000,0.3281876297560073,0.0,0.09097823182388128,0.09309543875516454,0.0,0.0,0.0,0.0,0.217846204444079,0.0,0.05307406113178072,0.0,0.006639396493247548,0.0,0.08096774856626035,0.12921128902957923,0.0,1,Emotional Spender,0
BUDU00868,5843600,157935.13513513515,131100.0,443400,37,112147.90882336351,0.21621621621621623,0.13513513513513514,0.10810810810810811,0.21621621621621623,0.0,0.10810810810810811,9,27,12,0.02702702702702703,0.2221351351351351,0.7100884089370336,0.1324,1343900,0,312900,316600,0,0,0,1275700,1491700,0,78500,0,106900,0,553900,363500,0,Dana,P,32.0,3180463,0.673,C,Kelas C (Menengah),Bogor,Metropolitan,1100000,0.22997809569443495,0.0,0.053545759463344514,0.05417893079608461,0.0,0.0,0.0,0.21830720788555,0.2552707235265932,0.0,0.013433499897323568,0.0,0.01829351769457184,0.0,0.094787459785064,0.062204805257033334,0.0,1,Emotional Spender,0
BUDU00869,9885700,149783.33333333334,137000.0,607200,66,101195.31394339642,0.18181818181818182,0.2727272727272727,0.12121212121212122,0.2727272727272727,0.0,0.10606060606060606,9,39,12,0.015151515151515152,0.2912060606060606,0.6756113092916196,0.1614,2052500,0,1072200,1634500,0,0,0,274200,2304400,0,274700,0,697800,0,650000,925400,0,Ovo,P,44.0,3903525,0.732,C,Kelas C (Menengah),Yogyakarta,Kota Besar,420000,0.20762313240337052,0.0,0.10845969430591662,0.16533983430611893,0.0,0.0,0.0,0.02773703430207269,0.2331043830988195,0.0,0.027787612409844523,0.0,0.0705868072063688,0.0,0.06575154010338165,0.09360996186410674,0.0,1,Emotional Spender,0
BUDU00870,449300,19534.782608695652,17100.0,50800,23,9801.094961818953,0.2608695652173913,0.4782608695652174,0.13043478260869565,0.30434782608695654,0.0,0.0,6,19,11,0.0,0.1669695652173913,0.5017253152055107,0.2348,0,0,0,0,0,0,27700,0,129100,0,19300,0,77500,0,83200,112500,0,Tunai,L,31.0,1203483,0.896,E,Kelas E (Miskin),Purwokerto,Kota Kecil,290000,0.0,0.0,0.0,0.0,0.0,0.0,0.06165145782328066,0.0,0.287335855775651,0.0,0.042955708880480746,0.0,0.17249054084130871,0.0,0.1851769419096372,0.2503894947696417,0.0,0,Rational Spender,2
BUDU00871,48034100,686201.4285714285,449900.0,3900000,70,619240.4556244591,0.38571428571428573,0.18571428571428572,0.17142857142857143,0.15714285714285714,0.3,0.1,10,43,12,0.02857142857142857,0.1453157142857143,0.9024179050656125,0.2657,2957800,6919200,6558400,4330300,0,3262700,0,0,8541400,1193100,0,0,0,6244700,0,1258900,6767600,Kartu Kredit,L,37.0,12993436,0.611,B,Kelas B (Menengah Atas),Yogyakarta,Kota Besar,420000,0.06157708794377328,0.1440476661371817,0.13653633564488563,0.09015053888799832,0.0,0.06792466185480732,0.0,0.0,0.17781950739162386,0.024838604241570052,0.0,0.0,0.0,0.13000555855111265,0.0,0.026208464403413408,0.1408915749436338,1,Emotional Spender,0
BUDU00872,50916100,795564.0625,562800.0,4050000,64,803491.7544577834,0.28125,0.171875,0.203125,0.140625,0.359375,0.078125,9,43,12,0.0,0.1222484375,1.009964869369377,0.2336,7761400,11020400,9631900,4646600,0,1451500,0,0,4395400,0,0,0,0,8887900,0,1079600,2041400,Kartu Kredit,P,40.0,18635867,0.622,B,Kelas B (Menengah Atas),Makassar,Kota Besar,1500000,0.15243508438391787,0.21644234338450902,0.18917199078484015,0.09125993546245686,0.0,0.02850768224589079,0.0,0.0,0.08632632900006089,0.0,0.0,0.0,0.0,0.1745597168675527,0.0,0.021203509302558522,0.040093408568213196,1,Emotional Spender,0
BUDU00873,414143200,3022943.0656934306,2141900.0,15226900,137,2831403.7894291007,0.2846715328467153,0.17518248175182483,0.2116788321167883,0.21897810218978103,0.927007299270073,0.08759124087591241,10,64,12,0.021897810218978103,0.19496350364963505,0.9366381463025031,0.3507,33076200,42178100,22496000,12381400,39794600,10327900,0,0,0,13958700,0,39451100,0,80117500,0,0,120361700,Kartu Kredit,L,43.0,54912428,0.488,A,Kelas A (Kaya),Bandung,Kota Besar,2500000,0.07986657755095339,0.10184424131556429,0.05431937552035142,0.02989642230030579,0.09608898564554483,0.024937992462510553,0.0,0.0,0.0,0.03370500831596414,0.0,0.09525956239291143,0.0,0.1934536170097686,0.0,0.0,0.29062821748612555,2,Impulsive Spender,1
BUDU00874,8311900,176848.93617021278,140500.0,588400,47,133074.54411840727,0.2553191489361702,0.19148936170212766,0.2127659574468085,0.23404255319148937,0.0,0.06382978723404255,8,29,12,0.0,0.20714255319148936,0.752475796576612,0.1564,1195300,0,757100,1152500,0,0,0,1101100,3160300,0,175400,0,0,0,674800,95400,0,Ovo,L,18.0,3681076,0.69,C,Kelas C (Menengah),Yogyakarta,Kota Besar,420000,0.1438058686942817,0.0,0.0910862738964617,0.13865662483908614,0.0,0.0,0.0,0.1324727198354167,0.3802139101769752,0.0,0.021102275051432282,0.0,0.0,0.0,0.08118480732443846,0.011477520181907867,0.0,1,Emotional Spender,0
BUDU00875,34996600,714216.3265306122,524600.0,3750000,49,722868.9237876334,0.22448979591836735,0.20408163265306123,0.22448979591836735,0.16326530612244897,0.2857142857142857,0.08163265306122448,8,31,12,0.0,0.2751571428571428,1.012114813027381,0.2092,4498300,4747300,2463200,2746900,0,1278300,0,0,8503500,0,0,0,0,9226100,0,1533000,0,Gopay,L,44.0,15331103,0.615,B,Kelas B (Menengah Atas),Makassar,Kota Besar,1500000,0.1285353434333621,0.13565032031683077,0.0703839801580725,0.0784904819325306,0.0,0.03652640542224102,0.0,0.0,0.2429807467011081,0.0,0.0,0.0,0.0,0.2636284667653429,0.0,0.043804255270511995,0.0,1,Emotional Spender,0
BUDU00876,7448900,206913.88888888888,172250.0,745500,36,163001.50420476455,0.3333333333333333,0.2222222222222222,0.16666666666666666,0.1111111111111111,0.027777777777777776,0.1111111111111111,9,24,11,0.027777777777777776,0.28201666666666664,0.7877745910633146,0.2056,2243600,0,757200,761400,0,0,0,396800,1932200,0,635400,0,54400,0,500600,167300,0,Kartu Debit,L,27.0,3875880,0.66,C,Kelas C (Menengah),Surabaya,Kota Besar,3100000,0.30119883472727516,0.0,0.10165259300030877,0.10221643464135644,0.0,0.0,0.0,0.05326961027802763,0.2593940044838835,0.0,0.0853011854099263,0.0,0.007303091731665078,0.0,0.06720455369249151,0.02245969203506558,0.0,1,Emotional Spender,0
BUDU00877,2081900,59482.857142857145,43100.0,261600,35,54743.97353732612,0.2571428571428571,0.11428571428571428,0.05714285714285714,0.2571428571428571,0.0,0.08571428571428572,8,25,11,0.0,0.37291142857142856,0.9203319438044162,0.1371,0,0,189500,64500,0,0,276100,0,536800,0,280400,0,194400,0,477600,62600,0,Gopay,L,42.0,2432736,0.846,D,Kelas D (Menengah Bawah),Tegal,Kota Kecil,285000,0.0,0.0,0.09102262356501273,0.030981315144819634,0.0,0.0,0.13261924203852252,0.0,0.2578413948796772,0.0,0.13468466304817714,0.0,0.0933762428550843,0.0,0.22940583121187377,0.0300686872568327,0.0,0,Rational Spender,2
BUDU00878,8261600,144940.35087719298,139700.0,499300,57,99848.14695263344,0.2982456140350877,0.19298245614035087,0.10526315789473684,0.2631578947368421,0.0,0.08771929824561403,9,39,12,0.017543859649122806,0.2239,0.6888913014791452,0.1754,1498900,0,931200,767500,0,0,0,301700,3148900,0,344000,0,35200,0,912500,321700,0,Gopay,L,36.0,4837933,0.779,C,Kelas C (Menengah),Bogor,Metropolitan,1100000,0.1814297472644524,0.0,0.11271424421419579,0.09289968044930765,0.0,0.0,0.0,0.0365183499564249,0.3811489299893483,0.0,0.04163842354991769,0.0,0.004260675898131112,0.0,0.11045076014331365,0.03893918853490849,0.0,1,Emotional Spender,0
BUDU00879,4912400,158464.51612903227,127100.0,665000,31,132080.84783794885,0.1935483870967742,0.3870967741935484,0.0967741935483871,0.3225806451612903,0.0,0.12903225806451613,8,24,11,0.0,0.2990935483870968,0.8335042510741011,0.2032,1798300,0,1104100,0,0,0,0,836600,358400,0,118400,0,131700,0,437800,127100,0,Kartu Debit,P,30.0,3824094,0.726,C,Kelas C (Menengah),Palembang,Kota Besar,1700000,0.36607360964090874,0.0,0.2247577558830714,0.0,0.0,0.0,0.0,0.1703037211953424,0.07295822815731617,0.0,0.024102271801970523,0.0,0.02680970604999593,0.0,0.08912140705154303,0.025873300219851805,0.0,1,Emotional Spender,0
BUDU00880,45450200,745085.2459016393,508900.0,3539400,61,712833.6215031915,0.21311475409836064,0.16393442622950818,0.11475409836065574,0.16393442622950818,0.3442622950819672,0.13114754098360656,10,40,12,0.03278688524590164,0.2847016393442623,0.9567141819330759,0.2123,6571400,12113600,432800,3453100,0,3644800,0,0,6199900,1800400,0,0,0,2478200,0,1175400,7580600,Kartu Kredit,L,33.0,9105573,0.677,B,Kelas B (Menengah Atas),Tangerang Selatan,Metropolitan,1700000,0.1445846222898909,0.266524679759385,0.00952251035198965,0.07597546325428711,0.0,0.08019326647627513,0.0,0.0,0.13641084087638777,0.03961258696331369,0.0,0.0,0.0,0.054525612648569206,0.0,0.025861272337635476,0.16678914504226605,1,Emotional Spender,0
BUDU00881,35955300,579924.1935483871,380400.0,2700000,62,497422.88163650903,0.2903225806451613,0.1935483870967742,0.16129032258064516,0.12903225806451613,0.27419354838709675,0.0967741935483871,10,40,12,0.0,0.3005790322580645,0.8577377649877364,0.229,4321900,1337500,3674200,4500000,0,1855600,0,0,7224900,2346100,0,0,0,5493200,0,1943600,3258300,Kartu Kredit,L,31.0,13979286,0.597,B,Kelas B (Menengah Atas),Tangerang Selatan,Metropolitan,1700000,0.12020202862999335,0.03719896649450846,0.10218799453766204,0.125155401289935,0.0,0.05160852502968964,0.0,0.0,0.2009411686177003,0.06525046377029256,0.0,0.0,0.0,0.15277858897019356,0.0,0.054056008432692815,0.09062085422733226,1,Emotional Spender,0
BUDU00882,2056400,60482.35294117647,49850.0,224800,34,49578.71898419807,0.4117647058823529,0.35294117647058826,0.08823529411764706,0.14705882352941177,0.0,0.11764705882352941,8,26,11,0.0,0.25479411764705884,0.8197220606218316,0.2676,0,0,134300,118300,0,0,15900,0,717400,0,306900,0,284100,0,313900,165600,0,Gopay,P,34.0,2281243,0.879,D,Kelas D (Menengah Bawah),Jombang,Kota Kecil,190000,0.0,0.0,0.06530830577708617,0.057527718342734874,0.0,0.0,0.007731958762886598,0.0,0.34886208908772615,0.0,0.14924139272515075,0.0,0.13815405563120015,0.0,0.15264539972767943,0.08052907994553589,0.0,0,Rational Spender,2
BUDU00883,4642000,154733.33333333334,96500.0,578000,30,145773.55687866532,0.4,0.2,0.2,0.2,0.0,0.13333333333333333,8,26,10,0.03333333333333333,0.1460533333333333,0.9420953697457904,0.22,1369900,0,307700,348400,0,0,0,89600,1483300,0,0,0,208500,0,433900,400700,0,Kartu Debit,P,18.0,3402121,0.785,C,Kelas C (Menengah),Makassar,Kota Besar,1500000,0.29510986643688064,0.0,0.06628608358466179,0.07505385609651012,0.0,0.0,0.0,0.01930202498922878,0.31953899181387335,0.0,0.0,0.0,0.044915984489444206,0.0,0.09347264110297286,0.08632055148642827,0.0,1,Emotional Spender,0
BUDU00884,6067800,178464.70588235295,140200.0,481900,34,121331.01450253311,0.38235294117647056,0.14705882352941177,0.23529411764705882,0.20588235294117646,0.0,0.11764705882352941,6,22,12,0.0,0.22831764705882354,0.6798599975421282,0.1956,728500,0,1000000,696700,0,0,0,0,3002000,0,0,0,0,0,549800,90800,0,Gopay,L,23.0,4074396,0.655,C,Kelas C (Menengah),Medan,Kota Besar,2400000,0.12005998879330235,0.0,0.16480437720425856,0.11481920959820693,0.0,0.0,0.0,0.0,0.49474274036718413,0.0,0.0,0.0,0.0,0.0,0.09060944658690134,0.014964237450146675,0.0,1,Emotional Spender,0
BUDU00885,1903000,51432.43243243243,35600.0,182800,37,48590.01414359204,0.32432432432432434,0.1891891891891892,0.10810810810810811,0.2702702702702703,0.0,0.13513513513513514,8,27,10,0.0,0.1699108108108108,0.9447349045259619,0.1905,0,0,272500,24600,0,0,220300,0,619300,0,84100,0,275500,0,326500,80200,0,Tunai,P,29.0,2984279,0.867,D,Kelas D (Menengah Bawah),Magelang,Kota Kecil,130000,0.0,0.0,0.14319495533368365,0.012926957435627957,0.0,0.0,0.11576458223857068,0.0,0.32543352601156067,0.0,0.0441933788754598,0.0,0.14477141355754072,0.0,0.17157120336311088,0.042143983184445614,0.0,0,Rational Spender,2
BUDU00886,1197900,54450.0,48600.0,112200,22,30866.76051615888,0.2727272727272727,0.22727272727272727,0.13636363636363635,0.13636363636363635,0.0,0.045454545454545456,7,16,11,0.0,0.33143181818181816,0.5668826541076011,0.1705,0,0,55400,79500,0,0,146800,0,220200,0,0,0,196800,0,304400,194800,0,Gopay,P,36.0,2935970,0.863,D,Kelas D (Menengah Bawah),Cirebon,Kota Kecil,320000,0.0,0.0,0.04624759996660823,0.06636614074630603,0.0,0.0,0.12254779196927958,0.0,0.18382168795391937,0.0,0.0,0.0,0.16428750313047832,0.0,0.2541113615493781,0.1626179146840304,0.0,0,Rational Spender,2
BUDU00887,380700,20036.842105263157,14400.0,50800,19,15702.519632435347,0.3157894736842105,0.15789473684210525,0.10526315789473684,0.15789473684210525,0.0,0.15789473684210525,6,13,12,0.0,0.24496842105263159,0.7836823562287145,0.1816,0,0,0,0,0,0,26400,0,98300,0,14400,0,7300,0,226700,7600,0,Tunai,P,41.0,994506,0.944,E,Kelas E (Miskin),Yogyakarta,Kota Besar,420000,0.0,0.0,0.0,0.0,0.0,0.0,0.06934594168636722,0.0,0.2582085631731022,0.0,0.037825059101654845,0.0,0.019175203572366694,0.0,0.5954820068295246,0.0199632256369845,0.0,0,Rational Spender,2
BUDU00888,265850000,3021022.727272727,2387850.0,17054400,88,2945187.1622015936,0.25,0.1590909090909091,0.10227272727272728,0.2159090909090909,0.875,0.09090909090909091,10,54,12,0.011363636363636364,0.2662465909090909,0.9748973867735199,0.3239,15791200,29036600,33100700,8040100,12186100,11657600,0,0,0,8328300,0,34422800,0,72538300,0,0,40748300,Kartu Kredit,P,46.0,80756447,0.411,A,Kelas A (Kaya),Bekasi,Metropolitan,2700000,0.05939890915930036,0.10922174158359978,0.12450893360917811,0.030242994169644537,0.04583825465488057,0.04385029151777318,0.0,0.0,0.0,0.0313270641339101,0.0,0.12948203874365244,0.0,0.27285424111340983,0.0,0.0,0.15327553131465113,2,Impulsive Spender,1
BUDU00889,6814100,200414.70588235295,125850.0,857000,34,201848.88306692563,0.29411764705882354,0.29411764705882354,0.17647058823529413,0.20588235294117646,0.029411764705882353,0.17647058823529413,8,26,12,0.0,0.30672647058823527,1.007156047647594,0.2235,820000,0,1921600,751500,0,0,0,1043400,1314100,0,0,0,65200,0,502000,396300,0,Gopay,P,18.0,5164646,0.786,C,Kelas C (Menengah),Tasikmalaya,Kota Kecil,700000,0.1203387094407185,0.0,0.28200349275766423,0.11028602456670727,0.0,0.0,0.0,0.1531236700371289,0.1928501196049368,0.0,0.0,0.0,0.009568394945774203,0.0,0.07367077090151304,0.05815881774555701,0.0,1,Emotional Spender,0
BUDU00890,1424100,61917.391304347824,39800.0,258000,23,67736.4052255903,0.43478260869565216,0.08695652173913043,0.17391304347826086,0.13043478260869565,0.0,0.13043478260869565,5,19,12,0.0,0.2558478260869565,1.0939802824159657,0.1978,0,0,282500,0,0,0,0,0,766900,0,0,0,69900,0,223000,81800,0,Tunai,P,46.0,2095863,0.813,D,Kelas D (Menengah Bawah),Tegal,Kota Kecil,285000,0.0,0.0,0.19837090091987922,0.0,0.0,0.0,0.0,0.0,0.5385155536830278,0.0,0.0,0.0,0.049083631767432065,0.0,0.15659012709781617,0.05743978653184467,0.0,0,Rational Spender,2
BUDU00891,11650700,194178.33333333334,137000.0,875000,60,170631.01243312954,0.3,0.13333333333333333,0.2,0.21666666666666667,0.016666666666666666,0.13333333333333333,9,39,12,0.0,0.30746333333333337,0.8787335306880936,0.1683,2108900,0,1118900,1279300,0,0,0,737800,4385000,0,446800,0,161800,0,698800,713400,0,Gopay,L,35.0,5901558,0.702,C,Kelas C (Menengah),Pekalongan,Kota Kecil,310000,0.1810105830550954,0.0,0.09603714798252465,0.10980456109933309,0.0,0.0,0.0,0.06332666706721485,0.37637223514466944,0.0,0.03834962706103496,0.0,0.01388757757044641,0.0,0.05997922871587115,0.061232372303810075,0.0,1,Emotional Spender,0
BUDU00892,431504500,2647266.8711656444,2012000.0,12176600,163,2175812.8293586927,0.3803680981595092,0.22085889570552147,0.20245398773006135,0.147239263803681,0.901840490797546,0.09815950920245399,10,65,12,0.018404907975460124,0.16052208588957054,0.8219091369509863,0.3945,31822700,65555700,38576800,12424900,23246200,36730000,0,0,0,10443700,0,22093200,0,102989500,0,0,87621800,Kartu Kredit,P,36.0,125257653,0.366,A,Kelas A (Kaya),Jakarta,Metropolitan,10500000,0.07374824596267246,0.15192356047271813,0.0894006899116927,0.02879436946775758,0.05387243933724909,0.08512078089568012,0.0,0.0,0.0,0.02420299208930614,0.0,0.051200393043409745,0.0,0.2386753788199196,0.0,0.0,0.20306114999959443,2,Impulsive Spender,1
BUDU00893,10094700,155303.07692307694,104600.0,681400,65,136017.3081463702,0.2923076923076923,0.15384615384615385,0.16923076923076924,0.2153846153846154,0.0,0.1076923076923077,9,37,12,0.03076923076923077,0.11157538461538462,0.875818501739929,0.1646,1350700,0,781300,1971000,0,0,0,413600,3727400,0,74200,0,661600,0,367000,747900,0,Kartu Debit,L,36.0,4375414,0.613,C,Kelas C (Menengah),Medan,Kota Besar,2400000,0.13380288666329856,0.0,0.0773970499370957,0.1952509732830099,0.0,0.0,0.0,0.040971995205404815,0.3692432662684379,0.0,0.0073503917897510575,0.0,0.06553934242721428,0.0,0.03635571141291965,0.07408838301286814,0.0,1,Emotional Spender,0
BUDU00894,7917300,172115.21739130435,145200.0,624100,46,129508.97346411741,0.1956521739130435,0.2608695652173913,0.17391304347826086,0.32608695652173914,0.0,0.06521739130434782,9,33,10,0.021739130434782608,0.26956086956521735,0.752455102035972,0.1565,1574900,0,602200,566700,0,0,0,926200,3250200,0,272400,0,164200,0,524900,35600,0,Transfer Bank,P,21.0,4390951,0.713,C,Kelas C (Menengah),Jakarta,Metropolitan,10500000,0.19891882333623837,0.0,0.07606128351837116,0.07157743170020082,0.0,0.0,0.0,0.11698432546448916,0.41051873744837253,0.0,0.034405668599143645,0.0,0.02073939348010054,0.0,0.06629785406641153,0.004496482386672224,0.0,1,Emotional Spender,0
BUDU00895,2345300,68979.41176470589,44100.0,250000,34,61204.25702866896,0.20588235294117646,0.23529411764705882,0.2647058823529412,0.23529411764705882,0.0,0.11764705882352941,8,21,12,0.0,0.23220588235294115,0.8872829654947104,0.1603,0,0,41400,35100,0,0,250000,0,1004600,0,90000,0,341000,0,467800,115400,0,Gopay,P,21.0,2320019,0.84,D,Kelas D (Menengah Bawah),Yogyakarta,Kota Besar,420000,0.0,0.0,0.01765232592845265,0.01496610241760116,0.0,0.0,0.10659617106553533,0.0,0.42834605380974716,0.0,0.03837462158359272,0.0,0.1453971773333902,0.0,0.1994627552978297,0.04920479256385111,0.0,0,Rational Spender,2
BUDU00896,1268000,55130.434782608696,46200.0,150000,23,40071.07815304981,0.2608695652173913,0.21739130434782608,0.21739130434782608,0.17391304347826086,0.0,0.08695652173913043,6,15,9,0.0,0.2954173913043478,0.7268413229654146,0.1696,0,0,250400,0,0,0,16900,0,541600,0,0,0,14600,0,348200,96300,0,Tunai,P,38.0,2794318,0.868,D,Kelas D (Menengah Bawah),Desa Cikaret,Desa,2800,0.0,0.0,0.1974763406940063,0.0,0.0,0.0,0.01332807570977918,0.0,0.42712933753943216,0.0,0.0,0.0,0.011514195583596214,0.0,0.2746056782334385,0.07594637223974764,0.0,0,Rational Spender,2
BUDU00897,32231400,495867.6923076923,372900.0,1693500,65,371191.5021705829,0.35384615384615387,0.18461538461538463,0.18461538461538463,0.24615384615384617,0.24615384615384617,0.06153846153846154,10,42,12,0.03076923076923077,0.12813384615384615,0.7485696445419029,0.2377,3703700,3633400,4144100,2694900,0,1773600,0,0,7706900,1657000,0,0,0,4041700,0,1182600,1693500,Kartu Kredit,L,38.0,11887198,0.616,B,Kelas B (Menengah Atas),Tangerang,Metropolitan,2100000,0.11490968434507964,0.11272858144542279,0.1285733787548788,0.08361101286323275,0.0,0.05502708538878237,0.0,0.0,0.23911154960690506,0.05140949508864027,0.0,0.0,0.0,0.1253963526250799,0.0,0.036690928721681344,0.0525419311602971,1,Emotional Spender,0
BUDU00898,11532000,172119.40298507462,134700.0,665000,67,122007.7136642498,0.29850746268656714,0.208955223880597,0.208955223880597,0.22388059701492538,0.0,0.05970149253731343,9,40,12,0.0,0.26847611940298505,0.7088550828568103,0.1761,1903500,0,3026200,859600,0,0,0,876900,2565300,0,448300,0,401100,0,742400,708700,0,Ovo,P,20.0,5535070,0.605,C,Kelas C (Menengah),Pekalongan,Kota Kecil,310000,0.1650624349635796,0.0,0.2624176205341658,0.07454040929587236,0.0,0.0,0.0,0.07604058272632674,0.22245057232049947,0.0,0.03887443635102324,0.0,0.034781477627471385,0.0,0.06437738466874783,0.06145508151231356,0.0,1,Emotional Spender,0
BUDU00899,1033700,57427.77777777778,51550.0,138000,18,36345.44725199722,0.2777777777777778,0.2777777777777778,0.2777777777777778,0.2222222222222222,0.0,0.05555555555555555,7,17,12,0.05555555555555555,0.13884444444444444,0.6328896687007352,0.1889,0,0,55500,0,0,0,288600,0,199800,0,138000,0,38300,0,192200,121300,0,Gopay,P,18.0,1644010,0.777,D,Kelas D (Menengah Bawah),Magelang,Kota Kecil,130000,0.0,0.0,0.05369062590693625,0.0,0.0,0.0,0.2791912547160685,0.0,0.19328625326497048,0.0,0.13350101576859824,0.0,0.03705136886911096,0.0,0.1859340234110477,0.11734545806326788,0.0,0,Rational Spender,2
BUDU00900,199900,19990.0,11450.0,49900,10,14785.011178743003,0.5,0.1,0.1,0.3,0.0,0.0,3,8,8,0.0,0.37471,0.739620369121711,0.205,0,0,0,0,0,0,0,0,0,0,0,0,30500,0,95800,73600,0,Tunai,L,51.0,1248975,0.878,E,Kelas E (Miskin),Pekalongan,Kota Kecil,310000,0.0,0.0,0.0,0.0,0.0,0.0,0.0,0.0,0.0,0.0,0.0,0.0,0.15257628814407204,0.0,0.4792396198099049,0.36818409204602304,0.0,0,Rational Spender,2
BUDU00901,7293500,191934.2105263158,164100.0,690800,38,132960.99463867527,0.2894736842105263,0.39473684210526316,0.18421052631578946,0.21052631578947367,0.0,0.07894736842105263,8,23,11,0.0,0.3425263157894737,0.6927425510755687,0.2316,2608700,0,105300,725800,0,0,0,180700,2553100,0,217000,0,244900,0,658000,0,0,Gopay,L,38.0,4141621,0.803,C,Kelas C (Menengah),Surabaya,Kota Besar,3100000,0.3576746418043463,0.0,0.014437512853911016,0.09951326523616918,0.0,0.0,0.0,0.024775485020909028,0.3500514156440666,0.0,0.029752519366559264,0.0,0.033577843285116885,0.0,0.09021731678892164,0.0,0.0,1,Emotional Spender,0
BUDU00902,5502600,177503.2258064516,130900.0,735000,31,157794.77491110822,0.3225806451612903,0.1935483870967742,0.06451612903225806,0.2903225806451613,0.03225806451612903,0.0967741935483871,8,23,12,0.0,0.22956774193548388,0.8889684916665495,0.1919,1161200,0,285500,251900,0,0,0,468600,2381500,0,108800,0,519000,0,326100,0,0,Gopay,L,26.0,5902272,0.685,C,Kelas C (Menengah),Pekalongan,Kota Kecil,310000,0.21102751426598335,0.0,0.05188456366081489,0.045778359321048234,0.0,0.0,0.0,0.08515974266710283,0.4327954058081634,0.0,0.019772471195434887,0.0,0.09431904917675281,0.0,0.0592628939046996,0.0,0.0,1,Emotional Spender,0
BUDU00903,1315600,59800.0,45650.0,237500,22,56578.76094857673,0.3181818181818182,0.2727272727272727,0.2727272727272727,0.4090909090909091,0.0,0.09090909090909091,7,18,10,0.0,0.30250454545454547,0.9461331262303802,0.2068,0,0,371800,0,0,0,91600,0,243100,0,76200,0,35600,0,351700,145600,0,Dana,L,19.0,2955859,0.901,D,Kelas D (Menengah Bawah),Makassar,Kota Besar,1500000,0.0,0.0,0.2826086956521739,0.0,0.0,0.0,0.06962602614776528,0.0,0.18478260869565216,0.0,0.057920340529036184,0.0,0.027059896625114016,0.0,0.2673304955913652,0.11067193675889328,0.0,0,Rational Spender,2
BUDU00904,335400,18633.333333333332,13950.0,45900,18,14598.750953823574,0.1111111111111111,0.2222222222222222,0.16666666666666666,0.1111111111111111,0.0,0.16666666666666666,4,13,10,0.0,0.2756166666666667,0.7834750064663815,0.1306,0,0,0,0,0,0,0,0,45900,0,0,0,100000,0,76600,112900,0,Tunai,L,48.0,1013415,0.946,E,Kelas E (Miskin),Surabaya,Kota Besar,3100000,0.0,0.0,0.0,0.0,0.0,0.0,0.0,0.0,0.1368515205724508,0.0,0.0,0.0,0.2981514609421586,0.0,0.2283840190816935,0.3366129994036971,0.0,0,Rational Spender,2
BUDU00905,8206000,174595.74468085106,132700.0,910000,47,160774.2056391196,0.40425531914893614,0.14893617021276595,0.19148936170212766,0.23404255319148937,0.02127659574468085,0.10638297872340426,9,34,12,0.0,0.10649574468085106,0.920836907755133,0.2064,1244400,0,2050700,272400,0,0,0,1526100,1438100,0,51200,0,283400,0,624400,715300,0,Ovo,L,37.0,4129588,0.794,C,Kelas C (Menengah),Yogyakarta,Kota Besar,420000,0.15164513770411894,0.0,0.24990251035827443,0.033195223007555445,0.0,0.0,0.0,0.1859736777967341,0.17524981720692176,0.0,0.006239337070436266,0.0,0.03453570558128199,0.0,0.07609066536680478,0.08716792590787228,0.0,1,Emotional Spender,0
BUDU00906,2061000,52846.153846153844,38600.0,188400,39,46406.0162056707,0.20512820512820512,0.15384615384615385,0.1794871794871795,0.2564102564102564,0.0,0.1282051282051282,6,24,12,0.0,0.10991794871794873,0.8781342222324877,0.1372,0,0,72400,0,0,0,48500,0,963100,0,0,0,235400,0,531300,210300,0,Gopay,P,30.0,1616758,0.887,D,Kelas D (Menengah Bawah),Purwokerto,Kota Kecil,290000,0.0,0.0,0.03512857836001941,0.0,0.0,0.0,0.023532265890344493,0.0,0.4672974284327996,0.0,0.0,0.0,0.11421639980591945,0.0,0.25778748180494904,0.10203784570596798,0.0,0,Rational Spender,2
BUDU00907,461200,21961.904761904763,17900.0,85200,21,17987.814658553612,0.19047619047619047,0.3333333333333333,0.23809523809523808,0.09523809523809523,0.0,0.047619047619047616,5,16,9,0.0,0.3622952380952381,0.8190462008448088,0.1738,0,0,0,0,0,0,51000,0,93000,0,0,0,38600,0,131100,147500,0,Tunai,L,21.0,1054327,0.958,E,Kelas E (Miskin),Blitar,Kota Kecil,150000,0.0,0.0,0.0,0.0,0.0,0.0,0.11058109280138768,0.0,0.20164787510841284,0.0,0.0,0.0,0.0836947094535993,0.0,0.2842584562012142,0.31981786643538596,0.0,0,Rational Spender,2
BUDU00908,6556800,149018.18181818182,116400.0,565900,44,110722.81391925845,0.3181818181818182,0.20454545454545456,0.1590909090909091,0.09090909090909091,0.0,0.06818181818181818,9,28,12,0.045454545454545456,0.3796181818181818,0.743015466759299,0.183,1182600,0,1114200,523400,0,0,0,1184500,870200,0,281400,0,244300,0,815600,340600,0,Gopay,L,43.0,3858940,0.72,C,Kelas C (Menengah),Surabaya,Kota Besar,3100000,0.1803623718887262,0.0,0.16993045387994143,0.07982552464616886,0.0,0.0,0.0,0.18065214738897023,0.13271717911176184,0.0,0.042917276720351394,0.0,0.03725902879453392,0.0,0.12438994631527575,0.05194607125427038,0.0,1,Emotional Spender,0
BUDU00909,6703400,163497.56097560975,134700.0,656200,41,116422.46666302187,0.21951219512195122,0.07317073170731707,0.24390243902439024,0.2926829268292683,0.0,0.07317073170731707,9,29,12,0.0,0.16462926829268293,0.7120746387182469,0.1098,433400,0,552500,811200,0,0,0,1356300,1439400,0,452800,0,44700,0,1241000,372100,0,Gopay,L,33.0,3246567,0.642,C,Kelas C (Menengah),Bekasi,Metropolitan,2700000,0.06465375779455201,0.0,0.08242086105558373,0.12101321717337471,0.0,0.0,0.0,0.20233016081391533,0.21472685502879135,0.0,0.06754781155831369,0.0,0.006668257898976639,0.0,0.18512993406331116,0.05550914461318137,0.0,1,Emotional Spender,0
BUDU00910,8013400,174204.34782608695,147800.0,735000,46,136938.63663297717,0.2391304347826087,0.15217391304347827,0.17391304347826086,0.21739130434782608,0.021739130434782608,0.06521739130434782,8,34,12,0.0,0.28542391304347825,0.7860804758425824,0.1435,1236300,0,716900,793400,0,0,0,635100,2475200,0,0,0,188600,0,1181600,786300,0,Ovo,L,34.0,6756434,0.815,C,Kelas C (Menengah),Makassar,Kota Besar,1500000,0.15427908253675093,0.0,0.08946265006114758,0.09900915965757356,0.0,0.0,0.0,0.07925474829660319,0.30888262160880525,0.0,0.0,0.0,0.023535577907005764,0.0,0.14745301619786857,0.09812314373424513,0.0,1,Emotional Spender,0
BUDU00911,412838200,3151436.6412213743,2054900.0,25668600,131,3560753.0162810776,0.32061068702290074,0.21374045801526717,0.16793893129770993,0.16030534351145037,0.9312977099236641,0.10687022900763359,10,66,12,0.030534351145038167,0.30800687022900763,1.129882470015665,0.3786,16042300,61223800,26660700,20196900,56863100,12292900,0,0,0,12624600,0,13594600,0,134569900,0,0,58769400,Kartu Kredit,P,57.0,67207236,0.451,A,Kelas A (Kaya),Yogyakarta,Kota Besar,420000,0.03885856492931129,0.14829974551773553,0.06457905300430047,0.04892207164937741,0.1377370117397082,0.029776556529894763,0.0,0.0,0.0,0.03058001900017973,0.0,0.032929607773699236,0.0,0.3259628106120025,0.0,0.0,0.1423545592437909,2,Impulsive Spender,1
BUDU00912,177600,13661.538461538461,11500.0,37600,13,8873.512876489827,0.3076923076923077,0.23076923076923078,0.07692307692307693,0.07692307692307693,0.0,0.0,3,7,8,0.0,0.22956923076923078,0.6495251542475662,0.1769,0,0,0,0,0,0,0,0,21200,0,0,0,0,0,138800,17600,0,Tunai,P,30.0,1043578,0.904,E,Kelas E (Miskin),Cirebon,Kota Kecil,320000,0.0,0.0,0.0,0.0,0.0,0.0,0.0,0.0,0.11936936936936937,0.0,0.0,0.0,0.0,0.0,0.7815315315315315,0.0990990990990991,0.0,0,Rational Spender,2
BUDU00913,11815600,210992.85714285713,136850.0,945000,56,197819.32882593366,0.32142857142857145,0.19642857142857142,0.125,0.23214285714285715,0.017857142857142856,0.10714285714285714,9,40,12,0.017857142857142856,0.10809821428571428,0.937564102902289,0.1911,2517300,0,1769700,662900,0,0,0,636500,4205600,0,97000,0,334200,0,851700,740700,0,Gopay,P,43.0,5933446,0.661,C,Kelas C (Menengah),Surabaya,Kota Besar,3100000,0.21304885067199295,0.0,0.14977656657300517,0.05610379498290396,0.0,0.0,0.0,0.05386946071295575,0.35593621991265784,0.0,0.008209485764582417,0.0,0.028284640644571583,0.0,0.07208267036798809,0.06268831036934222,0.0,1,Emotional Spender,0
BUDU00914,9518600,202523.40425531915,158800.0,854500,47,174600.31900559276,0.2127659574468085,0.0851063829787234,0.19148936170212766,0.19148936170212766,0.02127659574468085,0.10638297872340426,8,33,12,0.02127659574468085,0.2041404255319149,0.8621241562060449,0.1202,1402500,0,104700,1339500,0,0,0,956400,4311400,0,0,0,540300,0,614600,249200,0,Gopay,P,19.0,5762804,0.697,C,Kelas C (Menengah),Palembang,Kota Besar,1700000,0.14734309667388062,0.0,0.010999516735654403,0.14072447628852983,0.0,0.0,0.0,0.10047696089761099,0.4529447607841489,0.0,0.0,0.0,0.05676254911436556,0.0,0.06456831887042212,0.02618032063538756,0.0,1,Emotional Spender,0
BUDU00915,10186800,192203.77358490566,155900.0,735000,53,152575.85876472693,0.41509433962264153,0.22641509433962265,0.1320754716981132,0.18867924528301888,0.018867924528301886,0.1320754716981132,8,31,12,0.0,0.10915283018867925,0.793823429784675,0.2368,2091600,0,874600,0,0,0,0,724900,3060100,0,1374500,0,1248300,0,412000,400800,0,Gopay,P,22.0,3825780,0.763,C,Kelas C (Menengah),Palembang,Kota Besar,1700000,0.20532453763694192,0.0,0.08585620607060117,0.0,0.0,0.0,0.0,0.07116071779165194,0.3003985549927357,0.0,0.13492951662936348,0.0,0.12254093532807163,0.0,0.04044449679978011,0.03934503475085405,0.0,1,Emotional Spender,0
BUDU00916,1499800,53564.28571428572,50750.0,208700,28,40568.06091172668,0.35714285714285715,0.21428571428571427,0.32142857142857145,0.25,0.0,0.10714285714285714,6,21,11,0.0,0.390075,0.7573714532126596,0.2054,0,0,240900,0,0,0,0,0,388900,0,54200,0,160300,0,487600,167900,0,Gopay,P,28.0,1521303,0.819,D,Kelas D (Menengah Bawah),Desa Makmur,Desa,3200,0.0,0.0,0.16062141618882517,0.0,0.0,0.0,0.0,0.0,0.2593012401653554,0.0,0.03613815175356714,0.0,0.10688091745566075,0.0,0.3251100146686225,0.11194825976796906,0.0,0,Rational Spender,2
BUDU00917,40708500,626284.6153846154,422200.0,3900000,65,676408.7346583538,0.23076923076923078,0.15384615384615385,0.13846153846153847,0.12307692307692308,0.23076923076923078,0.12307692307692308,10,43,12,0.0,0.24488307692307693,1.0800340900006877,0.1915,7002600,7521300,1167600,4295200,0,3065700,0,0,3128300,573500,0,0,0,11813700,0,1244600,896000,Gopay,P,28.0,16449226,0.464,B,Kelas B (Menengah Atas),Tangerang Selatan,Metropolitan,1700000,0.17201812889200044,0.18475993957036,0.02868197059582151,0.1055111340383458,0.0,0.07530859648476362,0.0,0.0,0.07684635886854096,0.01408796688652247,0.0,0.0,0.0,0.2902022919046391,0.0,0.030573467457656264,0.02201014530134984,1,Emotional Spender,0
BUDU00918,2275800,56895.0,33200.0,237500,40,54261.054409594966,0.325,0.125,0.2,0.1,0.0,0.2,7,30,12,0.0,0.0861825,0.9537051482484395,0.1812,0,0,565500,0,0,0,317600,0,516500,0,93800,0,167300,0,334700,280400,0,Tunai,L,23.0,1565856,0.791,D,Kelas D (Menengah Bawah),Makassar,Kota Besar,1500000,0.0,0.0,0.24848404956498812,0.0,0.0,0.0,0.13955532120572986,0.0,0.22695315932858776,0.0,0.04121627559539503,0.0,0.0735126109499956,0.0,0.1470691624923104,0.12320942086299323,0.0,0,Rational Spender,2
BUDU00919,9191200,148245.16129032258,123050.0,468600,62,98459.84898144504,0.22580645161290322,0.1774193548387097,0.11290322580645161,0.25806451612903225,0.0,0.08064516129032258,9,38,12,0.0,0.13550483870967742,0.6641690570164498,0.1444,1710700,0,792600,180100,0,0,0,196500,2807900,0,1243900,0,140600,0,1500300,618600,0,Gopay,P,42.0,3417485,0.636,C,Kelas C (Menengah),Jakarta,Metropolitan,10500000,0.1861236835233702,0.0,0.08623465923927234,0.019594829837235615,0.0,0.0,0.0,0.02137914526938811,0.3054987379232309,0.0,0.13533597353990773,0.0,0.015297240839063453,0.0,0.16323222212551136,0.06730350770302028,0.0,1,Emotional Spender,0
BUDU00920,6260400,173900.0,124050.0,525400,36,134524.4555568137,0.19444444444444445,0.16666666666666666,0.08333333333333333,0.3055555555555556,0.0,0.1111111111111111,8,25,11,0.027777777777777776,0.3069777777777778,0.7735736374744893,0.1347,1158500,0,136100,421600,0,0,0,651600,2245200,0,0,0,29800,0,508100,1109500,0,Gopay,L,28.0,4321176,0.81,C,Kelas C (Menengah),Palembang,Kota Besar,1700000,0.1850520733499457,0.0,0.021739824931314294,0.06734393968436522,0.0,0.0,0.0,0.10408280621046578,0.3586352309756565,0.0,0.0,0.0,0.004760079228164334,0.0,0.08116094818222477,0.17722509743786338,0.0,1,Emotional Spender,0
BUDU00921,12632600,191403.0303030303,158600.0,735000,66,149982.1353153532,0.2727272727272727,0.24242424242424243,0.18181818181818182,0.22727272727272727,0.015151515151515152,0.12121212121212122,9,38,12,0.030303030303030304,0.23586969696969695,0.7835933165629649,0.1894,1987300,0,1429400,2709500,0,0,0,96200,3786000,0,1067300,0,35200,0,687900,833800,0,Gopay,L,23.0,6745410,0.642,C,Kelas C (Menengah),Purwokerto,Kota Kecil,290000,0.157315200354638,0.0,0.11315168690530848,0.21448474581637983,0.0,0.0,0.0,0.007615217769896933,0.29970077418741986,0.0,0.08448775390655922,0.0,0.0027864414293177968,0.0,0.05445434827351456,0.06600383135696532,0.0,1,Emotional Spender,0
BUDU00922,405200,25325.0,22400.0,60500,16,17579.135359852033,0.1875,0.0,0.1875,0.125,0.0,0.0625,4,14,9,0.0,0.1965125,0.694141573932953,0.075,0,0,0,0,0,0,0,0,142700,0,0,0,22800,0,157100,82600,0,Tunai,L,33.0,1383087,0.871,E,Kelas E (Miskin),Makassar,Kota Besar,1500000,0.0,0.0,0.0,0.0,0.0,0.0,0.0,0.0,0.35217176702862785,0.0,0.0,0.0,0.0562685093780849,0.0,0.38770977295162884,0.20384995064165845,0.0,0,Rational Spender,2
BUDU00923,13621000,203298.50746268657,139500.0,945000,67,188944.10388175116,0.29850746268656714,0.16417910447761194,0.11940298507462686,0.19402985074626866,0.029850746268656716,0.1044776119402985,9,39,12,0.0,0.33095223880597013,0.9293924792656433,0.1754,1974600,0,546500,1920300,0,0,0,368500,5301200,0,657200,0,1191500,0,1397500,263700,0,Gopay,P,28.0,6608488,0.656,C,Kelas C (Menengah),Depok,Metropolitan,2200000,0.14496732985830701,0.0,0.040121870640922104,0.1409808384112767,0.0,0.0,0.0,0.027053813963732472,0.38919315762425666,0.0,0.04824902723735409,0.0,0.08747522208354747,0.0,0.10259892812568827,0.019359812054915205,0.0,1,Emotional Spender,0
BUDU00924,1861400,50308.10810810811,43300.0,144100,37,29826.185162057205,0.2702702702702703,0.24324324324324326,0.16216216216216217,0.32432432432432434,0.0,0.05405405405405406,7,25,10,0.0,0.27007027027027025,0.5928703400645302,0.1757,0,0,322500,34200,0,0,108200,0,300900,0,0,0,210600,0,334500,550500,0,Gopay,P,19.0,1828942,0.867,D,Kelas D (Menengah Bawah),Makassar,Kota Besar,1500000,0.0,0.0,0.1732566885140217,0.01837326743311486,0.0,0.0,0.058128290534006664,0.0,0.16165251960889654,0.0,0.0,0.0,0.11314064682497045,0.0,0.17970344901686902,0.29574513806812075,0.0,0,Rational Spender,2
BUDU00925,1223600,43700.0,27450.0,176000,28,39269.90177203382,0.21428571428571427,0.03571428571428571,0.17857142857142858,0.25,0.0,0.14285714285714285,8,22,12,0.0,0.289475,0.8986247545087831,0.1071,0,0,82000,176000,0,0,49500,0,247000,0,123400,0,63000,0,296000,186700,0,Gopay,L,34.0,2380768,0.905,D,Kelas D (Menengah Bawah),Kediri,Kota Kecil,320000,0.0,0.0,0.06701536449820203,0.14383785550833605,0.0,0.0,0.04045439686171952,0.0,0.20186335403726707,0.0,0.10084995096436744,0.0,0.05148741418764302,0.0,0.2419091206276561,0.15258254331480875,0.0,0,Rational Spender,2
BUDU00926,6144700,198216.12903225806,145800.0,637800,31,159464.68385774156,0.1935483870967742,0.22580645161290322,0.22580645161290322,0.25806451612903225,0.0,0.12903225806451613,8,24,11,0.0,0.27450322580645165,0.8044990316191171,0.1548,1179100,0,926300,571700,0,0,0,1043300,1861600,0,0,0,40900,0,377300,144500,0,Gopay,L,24.0,3040284,0.786,C,Kelas C (Menengah),Purwokerto,Kota Kecil,290000,0.19188894494442366,0.0,0.15074779891613913,0.09303953000146467,0.0,0.0,0.0,0.16978859830422965,0.3029602747082852,0.0,0.0,0.0,0.006656142692076098,0.0,0.06140250947971423,0.02351620095366739,0.0,1,Emotional Spender,0
BUDU00927,1165300,48554.166666666664,35750.0,186800,24,38733.930515613894,0.4166666666666667,0.3333333333333333,0.16666666666666666,0.125,0.0,0.08333333333333333,5,18,8,0.0,0.29875416666666665,0.7977467882731774,0.2583,0,0,336400,0,0,0,0,0,319200,0,0,0,111700,0,216800,181200,0,Tunai,P,21.0,2101267,0.886,D,Kelas D (Menengah Bawah),Kediri,Kota Kecil,320000,0.0,0.0,0.2886810263451472,0.0,0.0,0.0,0.0,0.0,0.27392087874367116,0.0,0.0,0.0,0.0958551445979576,0.0,0.18604651162790697,0.1554964386853171,0.0,0,Rational Spender,2
BUDU00928,9035200,173753.84615384616,151300.0,515100,52,111892.23012071764,0.2692307692307692,0.23076923076923078,0.1346153846153846,0.25,0.0,0.07692307692307693,8,37,12,0.0,0.16479038461538462,0.6439698032447889,0.175,2414600,0,1150500,1147500,0,0,0,973800,1548900,0,0,0,902800,0,472400,424700,0,Gopay,P,41.0,4999909,0.65,C,Kelas C (Menengah),Pekalongan,Kota Kecil,310000,0.26724366920488757,0.0,0.12733531078448734,0.12700327607579245,0.0,0.0,0.0,0.10777846644235878,0.1714295200991677,0.0,0.0,0.0,0.09992031166991323,0.0,0.05228439879582079,0.04700504692757216,0.0,1,Emotional Spender,0
BUDU00929,9196900,164230.35714285713,140850.0,630000,56,137293.7115949106,0.21428571428571427,0.14285714285714285,0.17857142857142858,0.23214285714285715,0.0,0.10714285714285714,9,39,12,0.0,0.37090357142857144,0.8359825429563216,0.1339,3273300,0,1408800,551600,0,0,0,113300,1428100,0,786500,0,391000,0,979300,265000,0,Gopay,L,22.0,5873840,0.657,C,Kelas C (Menengah),Makassar,Kota Besar,1500000,0.35591340560406226,0.0,0.15318205047352912,0.05997673128989116,0.0,0.0,0.0,0.012319368482858355,0.15528058367493394,0.0,0.08551794626450217,0.0,0.04251432547923757,0.0,0.10648153182050474,0.028814056910480706,0.0,1,Emotional Spender,0
BUDU00930,272109600,2990215.3846153845,1773400.0,12419600,91,2867610.235057256,0.25274725274725274,0.2967032967032967,0.2087912087912088,0.10989010989010989,0.8791208791208791,0.16483516483516483,10,53,12,0.0,0.27010879120879117,0.9589978868448975,0.378,9493500,35605800,21034200,11100500,40735400,10047800,0,0,0,7477600,0,29497200,0,35934200,0,0,71183400,Kartu Kredit,P,29.0,79483950,0.379,A,Kelas A (Kaya),Tangerang,Metropolitan,2100000,0.03488851550992688,0.13085095123435556,0.07730047010469311,0.040794224092057026,0.14970217882794284,0.036925562346936676,0.0,0.0,0.0,0.027480103605311976,0.0,0.10840190864269397,0.0,0.1320578178792663,0.0,0.0,0.26159826775681566,2,Impulsive Spender,1
BUDU00931,6610900,183636.11111111112,160500.0,504900,36,110743.1962509346,0.3055555555555556,0.19444444444444445,0.08333333333333333,0.19444444444444445,0.0,0.08333333333333333,9,25,12,0.0,0.22359444444444446,0.6030578385747244,0.1778,2102100,0,863300,466700,0,0,0,386800,1072700,0,319500,0,190700,0,747400,461700,0,Gopay,L,38.0,4700757,0.751,C,Kelas C (Menengah),Denpasar,Kota Besar,900000,0.3179748597014022,0.0,0.13058736329395393,0.07059553162201818,0.0,0.0,0.0,0.05850943139360753,0.1622623243431303,0.0,0.048329274380190294,0.0,0.028846299293590887,0.0,0.11305571102270492,0.06983920494940174,0.0,1,Emotional Spender,0
BUDU00932,11819900,181844.61538461538,149600.0,548300,65,136466.91337872116,0.3230769230769231,0.1076923076923077,0.16923076923076924,0.18461538461538463,0.0,0.06153846153846154,9,43,12,0.015384615384615385,0.08773076923076922,0.7504589184017526,0.1546,1527100,0,1277600,1346100,0,0,0,1072200,3893700,0,350100,0,199100,0,1483100,670900,0,Gopay,P,40.0,5589787,0.659,C,Kelas C (Menengah),Surabaya,Kota Besar,3100000,0.12919737053612976,0.0,0.10808890092132759,0.11388421221837748,0.0,0.0,0.0,0.09071142733864077,0.3294190306178563,0.0,0.02961953992842579,0.0,0.016844474149527493,0.0,0.12547483481247726,0.05676020947723754,0.0,1,Emotional Spender,0
BUDU00933,350200,15226.08695652174,11200.0,50700,23,10971.915279530085,0.30434782608695654,0.21739130434782608,0.13043478260869565,0.30434782608695654,0.0,0.043478260869565216,6,19,11,0.0,0.39053043478260874,0.720599804195294,0.1783,0,0,0,0,0,0,24300,0,97700,0,29100,0,27900,0,71600,99600,0,Tunai,L,52.0,801352,0.878,E,Kelas E (Miskin),Kediri,Kota Kecil,320000,0.0,0.0,0.0,0.0,0.0,0.0,0.0693889206167904,0.0,0.2789834380354083,0.0,0.08309537407195888,0.0,0.07966876070816677,0.0,0.20445459737292976,0.2844089091947459,0.0,0,Rational Spender,2
BUDU00934,48989800,620124.0506329114,515600.0,1838700,79,392752.9899069107,0.2911392405063291,0.20253164556962025,0.17721518987341772,0.20253164556962025,0.2911392405063291,0.05063291139240506,10,52,12,0.0,0.3003139240506329,0.6333458434744772,0.2285,4918500,3733400,10520700,4125600,0,3026100,0,0,9269200,3456200,0,0,0,5837700,0,875300,3227100,Kartu Kredit,L,45.0,10527667,0.584,B,Kelas B (Menengah Atas),Yogyakarta,Kota Besar,420000,0.10039845028965214,0.07620770037844612,0.21475286692331874,0.08421344851377226,0.0,0.06177000110227027,0.0,0.0,0.18920673283009934,0.07054937966678779,0.0,0.0,0.0,0.11916153974909063,0.0,0.017866984555968794,0.06587289599059395,1,Emotional Spender,0
BUDU00935,260600,21716.666666666668,18250.0,79200,12,21894.36761665733,0.25,0.16666666666666666,0.25,0.16666666666666666,0.0,0.16666666666666666,4,10,9,0.0,0.19776666666666667,1.0081826991553644,0.1625,0,0,0,0,0,0,79200,0,0,0,18800,0,86400,0,76200,0,0,Gopay,L,51.0,828875,0.862,E,Kelas E (Miskin),Desa Sukamaju,Desa,5000,0.0,0.0,0.0,0.0,0.0,0.0,0.3039140445126631,0.0,0.0,0.0,0.07214121258633922,0.0,0.33154259401381425,0.0,0.2924021488871834,0.0,0.0,0,Rational Spender,2
BUDU00936,144200,11092.307692307691,8000.0,35200,13,8740.467334803629,0.3076923076923077,0.07692307692307693,0.15384615384615385,0.07692307692307693,0.0,0.07692307692307693,4,9,8,0.0,0.2966153846153846,0.787975557229176,0.1423,0,0,0,0,0,0,0,0,16200,0,0,0,37700,0,85900,4400,0,Tunai,L,37.0,810472,0.971,E,Kelas E (Miskin),Desa Panyingkiran,Desa,3700,0.0,0.0,0.0,0.0,0.0,0.0,0.0,0.0,0.11234396671289876,0.0,0.0,0.0,0.26144244105409153,0.0,0.5957004160887656,0.030513176144244106,0.0,0,Rational Spender,2
BUDU00937,5601200,186706.66666666666,150800.0,803200,30,173502.8151085011,0.3333333333333333,0.1,0.26666666666666666,0.2,0.03333333333333333,0.1,9,21,11,0.0,0.21300666666666668,0.9292802351737187,0.1683,1931200,0,176100,567300,0,0,0,83400,1672400,0,40100,0,148600,0,515500,466600,0,Gopay,P,23.0,3523369,0.656,C,Kelas C (Menengah),Semarang,Kota Besar,1800000,0.3447832607298436,0.0,0.03143969149467971,0.1012818681711062,0.0,0.0,0.0,0.014889666500035707,0.2985788759551525,0.0,0.007159180175676641,0.0,0.02653002927944012,0.0,0.09203384988930943,0.08330357780475613,0.0,1,Emotional Spender,0
BUDU00938,497699800,2927645.882352941,2178700.0,22797500,170,2976999.8466965808,0.2823529411764706,0.24705882352941178,0.17647058823529413,0.18235294117647058,0.9058823529411765,0.11176470588235295,10,69,12,0.01764705882352941,0.3230341176470588,1.0168579009644343,0.3709,54139000,62978300,34803000,23262400,21169000,26578100,0,0,0,20633900,0,39839100,0,99900800,0,0,114396200,Kartu Kredit,P,53.0,52740937,0.257,A,Kelas A (Kaya),Surabaya,Kota Besar,3100000,0.10877842426297941,0.1265387287678235,0.06992769536977914,0.04673982187656093,0.04253367190422821,0.053401869962575836,0.0,0.0,0.0,0.04145852580209998,0.0,0.08004644566865407,0.0,0.2007250153606652,0.0,0.0,0.22984980102463373,2,Impulsive Spender,1
BUDU00939,953000,47650.0,26550.0,120400,20,37071.90026790756,0.3,0.3,0.05,0.3,0.0,0.05,5,19,10,0.0,0.327895,0.7780042028941775,0.2025,0,0,190500,0,0,0,0,0,214300,0,0,0,34200,0,270900,243100,0,Tunai,L,42.0,2517775,0.848,D,Kelas D (Menengah Bawah),Desa Sejahtera,Desa,4100,0.0,0.0,0.19989506820566633,0.0,0.0,0.0,0.0,0.0,0.2248688352570829,0.0,0.0,0.0,0.035886673662119624,0.0,0.28426023084994756,0.25508919202518365,0.0,0,Rational Spender,2
BUDU00940,57623500,702725.6097560975,483900.0,3023500,82,666775.7701113984,0.34146341463414637,0.24390243902439024,0.13414634146341464,0.2926829268292683,0.32926829268292684,0.10975609756097561,10,50,12,0.012195121951219513,0.2937134146341463,0.9488422804781846,0.275,9472400,6752700,7683100,6252600,0,2944300,0,0,7214300,806600,0,0,0,12637700,0,1534300,2325500,Kartu Kredit,P,42.0,14847217,0.511,B,Kelas B (Menengah Atas),Tangerang,Metropolitan,2100000,0.16438432236847814,0.1171865645092714,0.13333275486563642,0.10850781365241612,0.0,0.05109547320103777,0.0,0.0,0.1251971851761868,0.01399776133001293,0.0,0.0,0.0,0.21931503640007982,0.0,0.026626289621421814,0.040356798875458795,1,Emotional Spender,0
BUDU00941,157600,12123.076923076924,12800.0,21100,13,4805.40561003159,0.3076923076923077,0.15384615384615385,0.15384615384615385,0.15384615384615385,0.0,0.0,6,12,9,0.0,0.20493076923076922,0.3963849805229103,0.1538,0,0,0,0,0,0,21900,0,9800,0,10300,0,28500,0,58400,28700,0,Tunai,P,33.0,1376343,0.931,E,Kelas E (Miskin),Tasikmalaya,Kota Kecil,700000,0.0,0.0,0.0,0.0,0.0,0.0,0.13895939086294415,0.0,0.06218274111675127,0.0,0.06535532994923858,0.0,0.18083756345177665,0.0,0.37055837563451777,0.18210659898477158,0.0,0,Rational Spender,2
BUDU00942,8203400,154781.1320754717,134000.0,601600,53,124398.50521084954,0.3018867924528302,0.16981132075471697,0.18867924528301888,0.1509433962264151,0.0,0.09433962264150944,7,33,12,0.0,0.1413830188679245,0.803705875146284,0.1708,2507300,0,466800,1371300,0,0,0,403600,1707400,0,0,0,0,0,995900,751100,0,Gopay,P,19.0,5295846,0.674,C,Kelas C (Menengah),Tangerang Selatan,Metropolitan,1700000,0.30564156325426045,0.0,0.05690323524392325,0.16716239607967429,0.0,0.0,0.0,0.0491991125630836,0.20813321305800034,0.0,0.0,0.0,0.0,0.0,0.12140088256088939,0.09155959724016871,0.0,1,Emotional Spender,0
BUDU00943,2215900,67148.48484848485,31700.0,337500,33,79949.31644959557,0.18181818181818182,0.06060606060606061,0.18181818181818182,0.2727272727272727,0.0,0.12121212121212122,6,20,11,0.0,0.23388484848484847,1.190634705012254,0.1,0,0,224500,0,0,0,88400,0,1299400,0,0,0,99800,0,313700,190100,0,Gopay,P,39.0,2967488,0.905,D,Kelas D (Menengah Bawah),Makassar,Kota Besar,1500000,0.0,0.0,0.10131323615686628,0.0,0.0,0.0,0.039893496998962046,0.0,0.5863983031725258,0.0,0.0,0.0,0.04503813348977842,0.0,0.1415677602779909,0.08578906990387652,0.0,0,Rational Spender,2
BUDU00944,2127000,55973.68421052631,41350.0,216500,38,47139.45202705579,0.2894736842105263,0.18421052631578946,0.07894736842105263,0.21052631578947367,0.0,0.07894736842105263,7,27,12,0.0,0.2873973684210526,0.8421716864260086,0.1684,0,0,57100,0,0,0,102400,0,918200,0,265500,0,157200,0,334600,292000,0,Gopay,L,24.0,2398648,0.875,D,Kelas D (Menengah Bawah),Desa Sukamaju,Desa,5000,0.0,0.0,0.02684532204983545,0.0,0.0,0.0,0.04814292430653502,0.0,0.43168782322519983,0.0,0.12482369534555712,0.0,0.07390691114245417,0.0,0.15731076633756463,0.1372825575928538,0.0,0,Rational Spender,2
BUDU00945,6535200,171978.94736842104,129650.0,875000,38,173436.73066801034,0.18421052631578946,0.10526315789473684,0.07894736842105263,0.21052631578947367,0.02631578947368421,0.07894736842105263,9,29,12,0.02631578947368421,0.3004842105263158,1.0084765218179081,0.1132,1150900,0,351100,701800,0,0,0,216000,2298000,0,958300,0,72700,0,521000,265400,0,Gopay,P,23.0,5856527,0.665,C,Kelas C (Menengah),Denpasar,Kota Besar,900000,0.1761078467376668,0.0,0.05372444607663117,0.1073876851511813,0.0,0.0,0.0,0.03305178112376056,0.35163422695556373,0.0,0.14663667523564697,0.0,0.01112437262822867,0.0,0.07972212021055208,0.04061084588076876,0.0,1,Emotional Spender,0
BUDU00946,965000,53611.11111111111,41850.0,171100,18,36543.17171090668,0.2222222222222222,0.2222222222222222,0.2777777777777778,0.2222222222222222,0.0,0.05555555555555555,4,13,10,0.0,0.17235,0.6816342909806428,0.1528,0,0,0,0,0,0,0,0,321400,0,0,0,68600,0,281700,293300,0,Tunai,P,41.0,2691090,0.757,D,Kelas D (Menengah Bawah),Makassar,Kota Besar,1500000,0.0,0.0,0.0,0.0,0.0,0.0,0.0,0.0,0.33305699481865286,0.0,0.0,0.0,0.0710880829015544,0.0,0.2919170984455959,0.3039378238341969,0.0,0,Rational Spender,2
BUDU00947,5666000,161885.7142857143,128900.0,414700,35,108777.66623838234,0.2571428571428571,0.08571428571428572,0.11428571428571428,0.22857142857142856,0.0,0.05714285714285714,8,26,12,0.0,0.15958,0.6719411080733113,0.1243,2410600,0,196100,744900,0,0,0,244900,974800,0,372400,0,332800,0,389500,0,0,Gopay,L,43.0,4374126,0.607,C,Kelas C (Menengah),Jakarta,Metropolitan,10500000,0.42545005294740557,0.0,0.0346099541122485,0.13146840804800564,0.0,0.0,0.0,0.04322273208612778,0.17204376985527708,0.0,0.06572537945640664,0.0,0.05873632192022591,0.0,0.06874338157430286,0.0,0.0,1,Emotional Spender,0
BUDU00948,62945500,617112.7450980392,488700.0,3300000,102,490766.951139748,0.27450980392156865,0.17647058823529413,0.21568627450980393,0.16666666666666666,0.23529411764705882,0.0784313725490196,10,54,12,0.0,0.2345245098039216,0.7952630293866011,0.2078,8636500,10434300,8719400,5745900,0,3162600,0,0,14743200,1413000,0,0,0,6069400,0,2709700,1311500,Kartu Kredit,L,34.0,19200086,0.526,B,Kelas B (Menengah Atas),Bandung,Kota Besar,2500000,0.13720599566291475,0.16576721131772723,0.13852300799898326,0.09128372957558523,0.0,0.050243464584442094,0.0,0.0,0.23422166795084637,0.02244799072213264,0.0,0.0,0.0,0.0964230961704967,0.0,0.04304835135156604,0.0208354846653057,1,Emotional Spender,0
BUDU00949,65342300,653423.0,424100.0,3900000,100,704837.3585380595,0.29,0.24,0.21,0.2,0.29,0.11,9,48,12,0.0,0.295368,1.0786846476754866,0.248,10677100,6878400,3734500,6454000,0,5400100,0,0,12985000,0,0,0,0,7065400,0,1531900,10615900,Kartu Debit,P,38.0,15413181,0.507,B,Kelas B (Menengah Atas),Tangerang,Metropolitan,2100000,0.1634025738304284,0.10526718526896053,0.057152870345855596,0.0987721583109257,0.0,0.08264324947239383,0.0,0.0,0.19872272631970408,0.0,0.0,0.0,0.0,0.10812903739231708,0.0,0.02344423137844857,0.16246596768096624,1,Emotional Spender,0
BUDU00950,329186900,2493840.1515151514,1973450.0,12674000,132,2002353.093861741,0.2878787878787879,0.20454545454545456,0.14393939393939395,0.20454545454545456,0.8939393939393939,0.10606060606060606,10,60,12,0.007575757575757576,0.12343257575757575,0.802919582734762,0.3568,25613300,46206600,24760300,13657300,23661200,20295000,0,0,0,8403100,0,22711400,0,76844400,0,0,67034300,Kartu Kredit,L,46.0,30755560,0.254,A,Kelas A (Kaya),Palembang,Kota Besar,1700000,0.07780777424618052,0.1403658529546589,0.07521654111995343,0.0414879814476214,0.07187770837782427,0.06165190656128783,0.0,0.0,0.0,0.025526835970690206,0.0,0.06899241737748374,0.0,0.23343699278434227,0.0,0.0,0.20363598915995745,2,Impulsive Spender,1
BUDU00951,428700,23816.666666666668,19600.0,62900,18,16785.261392066554,0.3333333333333333,0.16666666666666666,0.1111111111111111,0.4444444444444444,0.0,0.1111111111111111,5,14,8,0.05555555555555555,0.2578388888888889,0.7047695476025144,0.1833,0,0,0,0,0,0,118100,0,27400,0,0,0,66500,0,193100,23600,0,Gopay,L,51.0,1129198,0.872,E,Kelas E (Miskin),Purwokerto,Kota Kecil,290000,0.0,0.0,0.0,0.0,0.0,0.0,0.2754840214602286,0.0,0.06391415908560764,0.0,0.0,0.0,0.15512013062747843,0.0,0.450431537205505,0.055050151621180314,0.0,0,Rational Spender,2
BUDU00952,2019500,59397.05882352941,47350.0,170700,34,45737.177274365524,0.2647058823529412,0.11764705882352941,0.23529411764705882,0.17647058823529413,0.0,0.08823529411764706,7,26,12,0.0,0.2838,0.7700242769638167,0.1412,0,0,343000,0,0,0,128900,0,681600,0,282700,0,17500,0,321000,244800,0,Gopay,P,43.0,2966511,0.834,D,Kelas D (Menengah Bawah),Medan,Kota Besar,2400000,0.0,0.0,0.16984402079722705,0.0,0.0,0.0,0.0638276801188413,0.0,0.33750928447635553,0.0,0.13998514483783114,0.0,0.008665511265164644,0.0,0.15895023520673435,0.121218123297846,0.0,0,Rational Spender,2
BUDU00953,5987400,161821.62162162163,133500.0,649800,37,140555.5902978034,0.2972972972972973,0.16216216216216217,0.24324324324324326,0.24324324324324326,0.0,0.08108108108108109,7,27,11,0.0,0.20932432432432432,0.8685834988507074,0.1649,735000,0,395200,190100,0,0,0,286600,2173200,0,0,0,0,0,1515300,692000,0,Kartu Debit,P,26.0,4347170,0.698,C,Kelas C (Menengah),Medan,Kota Besar,2400000,0.12275779136185991,0.0,0.06600527774994154,0.03175000835087016,0.0,0.0,0.0,0.04786718776096469,0.3629622206633931,0.0,0.0,0.0,0.0,0.0,0.2530814710892875,0.11557604302368307,0.0,1,Emotional Spender,0
BUDU00954,11661800,171497.0588235294,123400.0,875000,68,151847.33001607703,0.3382352941176471,0.2647058823529412,0.11764705882352941,0.22058823529411764,0.014705882352941176,0.08823529411764706,9,44,12,0.014705882352941176,0.1386779411764706,0.8854223568482772,0.214,2921900,0,1720600,1355100,0,0,0,1813100,1806300,0,764100,0,192400,0,660800,427500,0,Gopay,L,21.0,5317976,0.723,C,Kelas C (Menengah),Palembang,Kota Besar,1700000,0.2505530878595071,0.0,0.14754154590200483,0.11619990052993534,0.0,0.0,0.0,0.15547342605772693,0.1548903256787117,0.0,0.06552161758905144,0.0,0.016498310723901972,0.0,0.05666363683136394,0.036658148827796735,0.0,1,Emotional Spender,0
BUDU00955,1274600,45521.42857142857,33550.0,140600,28,36602.42207268942,0.35714285714285715,0.25,0.25,0.17857142857142858,0.0,0.14285714285714285,8,23,10,0.03571428571428571,0.2069464285714286,0.8040701538014309,0.2214,0,0,376900,56100,0,0,106200,0,202400,0,11500,0,230400,0,243600,47500,0,Tunai,L,36.0,2921805,0.903,D,Kelas D (Menengah Bawah),Pekalongan,Kota Kecil,310000,0.0,0.0,0.2957006119566923,0.04401380825356975,0.0,0.0,0.08332025733563471,0.0,0.15879491605209478,0.0,0.00902243841205084,0.0,0.18076259218578378,0.0,0.1911187823630943,0.037266593441079555,0.0,0,Rational Spender,2
BUDU00956,7332400,159400.0,136250.0,507300,46,111766.4429861565,0.2826086956521739,0.10869565217391304,0.21739130434782608,0.2391304347826087,0.0,0.08695652173913043,9,33,12,0.0,0.15295434782608694,0.7011696548692378,0.1446,1688100,0,935500,551700,0,0,0,107600,1847900,0,501900,0,671800,0,257900,770000,0,Kartu Debit,L,38.0,3719585,0.607,C,Kelas C (Menengah),Depok,Metropolitan,2200000,0.23022475587802083,0.0,0.12758441983525176,0.0752413943592821,0.0,0.0,0.0,0.014674594948447984,0.2520184387103813,0.0,0.06844962086083684,0.0,0.09162075173203862,0.0,0.03517265833833397,0.10501336533740657,0.0,1,Emotional Spender,0
BUDU00957,1540600,51353.333333333336,46200.0,196600,30,38109.64882196284,0.2,0.06666666666666667,0.13333333333333333,0.23333333333333334,0.0,0.06666666666666667,7,22,12,0.03333333333333333,0.21228333333333332,0.7421066238211639,0.1,0,0,413400,0,0,0,92800,0,532200,0,51300,0,142200,0,77300,231400,0,Gopay,L,41.0,2891715,0.767,D,Kelas D (Menengah Bawah),Blitar,Kota Kecil,150000,0.0,0.0,0.26833701155394,0.0,0.0,0.0,0.06023627158250033,0.0,0.34544982474360636,0.0,0.03329871478644684,0.0,0.0923017006361158,0.0,0.05017525639361288,0.15020122030377775,0.0,0,Rational Spender,2
BUDU00958,5839800,182493.75,127250.0,910000,32,178245.9191723976,0.40625,0.21875,0.1875,0.1875,0.03125,0.09375,8,21,11,0.0625,0.219196875,0.9767234175000383,0.2281,1762800,0,542200,290900,0,0,0,261200,2211200,0,0,0,46400,0,188500,536600,0,Ovo,P,33.0,3048250,0.645,C,Kelas C (Menengah),Jombang,Kota Kecil,190000,0.30185965272783316,0.0,0.09284564539881503,0.04981334977225248,0.0,0.0,0.0,0.044727559162985035,0.3786431042158978,0.0,0.0,0.0,0.007945477584848796,0.0,0.032278502688448237,0.09188670844891948,0.0,1,Emotional Spender,0
BUDU00959,6229800,168372.97297297296,124300.0,529200,37,136461.4916146445,0.24324324324324326,0.21621621621621623,0.2972972972972973,0.21621621621621623,0.0,0.10810810810810811,9,28,12,0.02702702702702703,0.24224864864864867,0.810471474163191,0.1662,1482100,0,1313200,970500,0,0,0,35200,964400,0,113200,0,20700,0,979600,350900,0,Gopay,P,43.0,6837519,0.622,C,Kelas C (Menengah),Tegal,Kota Kecil,285000,0.23790490866480465,0.0,0.21079328389354393,0.15578349224694213,0.0,0.0,0.0,0.005650261645638704,0.1548043275867604,0.0,0.01817072779222447,0.0,0.0033227390927477608,0.0,0.15724421329737712,0.05632604577996083,0.0,1,Emotional Spender,0
BUDU00960,406929200,2731068.4563758387,1778900.0,13699600,149,2595481.91109524,0.2348993288590604,0.21476510067114093,0.2080536912751678,0.21476510067114093,0.8590604026845637,0.11409395973154363,10,66,12,0.020134228187919462,0.1767530201342282,0.9503540290379526,0.3356,19440300,42894600,27356700,21264600,53713800,6207900,0,0,0,14967300,0,27654300,0,104442900,0,0,88986800,Kartu Kredit,L,41.0,35158385,0.515,A,Kelas A (Kaya),Tangerang,Metropolitan,2100000,0.04777317528454581,0.10541047435278668,0.06722717367050583,0.05225626472614892,0.1319979003718583,0.015255479331539737,0.0,0.0,0.0,0.03678109115787218,0.0,0.06795850482098606,0.0,0.2566611095984265,0.0,0.0,0.21867882668533004,2,Impulsive Spender,1
BUDU00961,30557400,576554.716981132,358300.0,2051600,53,489988.34545246616,0.2830188679245283,0.1509433962264151,0.18867924528301888,0.24528301886792453,0.24528301886792453,0.11320754716981132,10,35,12,0.0,0.3220830188679245,0.8498557570009461,0.2104,3100200,2051500,5468800,2885100,0,2437600,0,0,6927800,2034700,0,0,0,2940700,0,71300,2639700,Kartu Kredit,L,35.0,12819110,0.632,B,Kelas B (Menengah Atas),Bekasi,Metropolitan,2700000,0.10145496671837263,0.0671359474300824,0.17896810592524234,0.09441575526713661,0.0,0.0797711847212132,0.0,0.0,0.22671431469954906,0.06658616243528573,0.0,0.0,0.0,0.09623528179753513,0.0,0.0023333136981549475,0.08638496730742799,1,Emotional Spender,0
BUDU00962,9126200,165930.9090909091,123300.0,457000,55,112812.90783897103,0.3090909090909091,0.21818181818181817,0.21818181818181817,0.21818181818181817,0.0,0.09090909090909091,8,35,12,0.01818181818181818,0.23805636363636362,0.6798788029128671,0.1873,2691700,0,1822800,692800,0,0,0,733000,1482700,0,290200,0,0,0,591200,821800,0,Gopay,L,35.0,5724837,0.818,C,Kelas C (Menengah),Surabaya,Kota Besar,3100000,0.2949420350200522,0.0,0.19973263789967347,0.07591330455173019,0.0,0.0,0.0,0.08031820472924109,0.16246630580088098,0.0,0.03179855799785234,0.0,0.0,0.0,0.06478052201354342,0.09004843198702636,0.0,1,Emotional Spender,0
BUDU00963,5684500,142112.5,123150.0,494800,40,100231.4710480772,0.2,0.275,0.125,0.3,0.0,0.075,8,28,11,0.025,0.21509499999999998,0.7052966561567575,0.1638,1446200,0,315600,468900,0,0,0,209500,1334100,0,0,0,548600,0,1000700,360900,0,Kartu Debit,L,25.0,3810627,0.605,C,Kelas C (Menengah),Medan,Kota Besar,2400000,0.2544111179523265,0.0,0.05551939484563286,0.0824874659160876,0.0,0.0,0.0,0.03685460462661624,0.23469082593016097,0.0,0.0,0.0,0.09650804820124902,0.0,0.17604010906851966,0.06348843345940716,0.0,1,Emotional Spender,0
BUDU00964,6328800,137582.60869565216,117200.0,456100,46,100714.3514088739,0.17391304347826086,0.30434782608695654,0.2608695652173913,0.1956521739130435,0.0,0.08695652173913043,9,34,12,0.021739130434782608,0.17973695652173916,0.7320282146391417,0.1652,1506300,0,1226800,1029600,0,0,0,480600,905100,0,118100,0,381800,0,262700,417800,0,Gopay,L,34.0,5864695,0.669,C,Kelas C (Menengah),Medan,Kota Besar,2400000,0.2380072051573758,0.0,0.19384401466312728,0.1626848691695108,0.0,0.0,0.0,0.07593856655290103,0.1430128934395146,0.0,0.01866072557198837,0.0,0.06032739223865504,0.0,0.04150865882947794,0.06601567437744912,0.0,1,Emotional Spender,0
BUDU00965,5085500,121083.33333333333,100950.0,372700,42,74101.41671621126,0.11904761904761904,0.16666666666666666,0.09523809523809523,0.21428571428571427,0.0,0.047619047619047616,9,32,12,0.0,0.3055452380952381,0.6119869240155094,0.0988,1329200,0,292000,494900,0,0,0,372800,1138200,0,278700,0,123700,0,405500,650500,0,Gopay,P,25.0,4210368,0.816,C,Kelas C (Menengah),Cirebon,Kota Kecil,320000,0.261370563366434,0.0,0.05741814964113656,0.09731589814177563,0.0,0.0,0.0,0.07330645954183462,0.22381280110117,0.0,0.05480287090748206,0.0,0.024324058597974634,0.0,0.07973650575164684,0.12791269295054566,0.0,1,Emotional Spender,0
BUDU00966,1123500,43211.53846153846,32450.0,148900,26,29922.838460588286,0.34615384615384615,0.23076923076923078,0.15384615384615385,0.19230769230769232,0.0,0.038461538461538464,5,18,11,0.0,0.0983346153846154,0.692473342212101,0.1962,0,0,0,0,0,0,99300,0,386400,0,0,0,181900,0,318100,137800,0,Tunai,L,39.0,2449968,0.856,D,Kelas D (Menengah Bawah),Purwokerto,Kota Kecil,290000,0.0,0.0,0.0,0.0,0.0,0.0,0.08838451268357811,0.0,0.34392523364485983,0.0,0.0,0.0,0.1619047619047619,0.0,0.2831330663106364,0.12265242545616377,0.0,0,Rational Spender,2
BUDU00967,2110600,60302.857142857145,45900.0,208300,35,48381.872429991105,0.3142857142857143,0.17142857142857143,0.14285714285714285,0.14285714285714285,0.0,0.11428571428571428,6,21,11,0.0,0.13747714285714285,0.8023147612288869,0.1786,0,0,47000,0,0,0,177000,0,885100,0,0,0,368600,0,462900,170000,0,Gopay,L,21.0,2631423,0.753,D,Kelas D (Menengah Bawah),Desa Sukamaju,Desa,5000,0.0,0.0,0.02226854922770776,0.0,0.0,0.0,0.08386240879370795,0.0,0.4193594238605136,0.0,0.0,0.0,0.17464228181559746,0.0,0.21932151994693452,0.08054581635553872,0.0,0,Rational Spender,2
BUDU00968,37590100,569546.9696969697,425550.0,2700000,66,482359.5589055938,0.2878787878787879,0.16666666666666666,0.15151515151515152,0.2727272727272727,0.30303030303030304,0.07575757575757576,10,41,12,0.0,0.19268787878787877,0.8469179621168657,0.2227,5431100,3253500,3904100,2572900,0,3691000,0,0,8274000,1571900,0,0,0,6454200,0,1638100,799300,Kartu Kredit,L,38.0,15863829,0.572,B,Kelas B (Menengah Atas),Jakarta,Metropolitan,10500000,0.1444821907895962,0.08655204428825675,0.10385979287099528,0.06844621323167537,0.0,0.09819074703179827,0.0,0.0,0.22011114628585718,0.04181686135445237,0.0,0.0,0.0,0.17169946342255007,0.0,0.04357796334673225,0.021263577378086252,1,Emotional Spender,0
BUDU00969,441700,25982.352941176472,18700.0,100000,17,24043.560346122762,0.29411764705882354,0.11764705882352941,0.17647058823529413,0.11764705882352941,0.0,0.11764705882352941,6,15,8,0.0,0.2806588235294118,0.925380407253989,0.1559,0,0,0,0,0,0,19000,0,125100,0,61400,0,48800,0,110000,77400,0,Tunai,P,29.0,1001585,0.951,E,Kelas E (Miskin),Makassar,Kota Besar,1500000,0.0,0.0,0.0,0.0,0.0,0.0,0.04301562146253113,0.0,0.28322390762961286,0.0,0.1390083767262848,0.0,0.11048222775639574,0.0,0.2490378084672855,0.17523205795788996,0.0,0,Rational Spender,2
BUDU00970,36163200,475831.5789473684,365300.0,1764200,76,357252.9222499662,0.3684210526315789,0.11842105263157894,0.23684210526315788,0.15789473684210525,0.2236842105263158,0.07894736842105263,9,43,12,0.0,0.26971842105263155,0.7507970005695688,0.2211,6271800,3138600,5040700,5105800,0,2565100,0,0,9090800,0,0,0,0,1164500,0,3188900,597000,Kartu Kredit,P,46.0,10122953,0.514,B,Kelas B (Menengah Atas),Semarang,Kota Besar,1800000,0.17343044863286436,0.08678988585080966,0.13938755419874346,0.14118772674984514,0.0,0.07093122290062827,0.0,0.0,0.25138262100699055,0.0,0.0,0.0,0.0,0.032201243252809486,0.0,0.08818080258384214,0.01650849482346695,1,Emotional Spender,0
BUDU00971,1845200,54270.58823529412,30100.0,323700,34,60853.926092369875,0.3235294117647059,0.17647058823529413,0.23529411764705882,0.17647058823529413,0.0,0.08823529411764706,7,25,11,0.0,0.26890294117647057,1.12130581353814,0.1794,0,0,240800,0,0,0,175800,0,773000,0,30100,0,118300,0,214000,293200,0,Tunai,P,43.0,2742089,0.821,D,Kelas D (Menengah Bawah),Pekalongan,Kota Kecil,310000,0.0,0.0,0.13050075872534142,0.0,0.0,0.0,0.0952742250162584,0.0,0.4189247778018643,0.0,0.016312594840667678,0.0,0.0641122913505311,0.0,0.11597658790375028,0.15889876436158681,0.0,0,Rational Spender,2
BUDU00972,11640000,168695.65217391305,128400.0,717300,69,141020.81034870935,0.30434782608695654,0.18840579710144928,0.15942028985507245,0.2318840579710145,0.0,0.10144927536231885,9,42,12,0.0,0.2543695652173913,0.8359481025825554,0.1783,1309300,0,1352900,1505300,0,0,0,1537800,4150100,0,395400,0,153100,0,640000,596100,0,Ovo,P,18.0,3909963,0.768,C,Kelas C (Menengah),Palembang,Kota Besar,1700000,0.1124828178694158,0.0,0.11622852233676977,0.1293213058419244,0.0,0.0,0.0,0.13211340206185568,0.35653780068728524,0.0,0.033969072164948454,0.0,0.013152920962199314,0.0,0.054982817869415807,0.05121134020618557,0.0,1,Emotional Spender,0
BUDU00973,10011100,164116.39344262294,133500.0,621000,61,113152.52270030316,0.3442622950819672,0.19672131147540983,0.11475409836065574,0.21311475409836064,0.0,0.09836065573770492,9,37,12,0.0,0.24787868852459016,0.6894650822305733,0.1943,1615900,0,2590000,80800,0,0,0,614500,3388800,0,133500,0,388400,0,916900,282300,0,Gopay,L,29.0,5154333,0.787,C,Kelas C (Menengah),Pekalongan,Kota Kecil,310000,0.16141083397428854,0.0,0.25871282876007634,0.008071041144329794,0.0,0.0,0.0,0.06138186612859726,0.3385042602710991,0.0,0.01333519793029737,0.0,0.038796935401704105,0.0,0.09158833694598995,0.028198699443617584,0.0,1,Emotional Spender,0
BUDU00974,220100,18341.666666666668,15800.0,37600,12,10798.52332777987,0.16666666666666666,0.0,0.0,0.3333333333333333,0.0,0.0,4,10,7,0.0,0.2563166666666667,0.5887427529911787,0.0583,0,0,0,0,0,0,0,0,61400,0,0,0,17800,0,15000,125900,0,Tunai,L,18.0,1164013,0.943,E,Kelas E (Miskin),Magelang,Kota Kecil,130000,0.0,0.0,0.0,0.0,0.0,0.0,0.0,0.0,0.2789641072239891,0.0,0.0,0.0,0.08087233075874603,0.0,0.06815084052703317,0.5720127214902317,0.0,0,Rational Spender,2
BUDU00975,7195400,232109.67741935485,209500.0,632800,31,175196.68823894038,0.25806451612903225,0.25806451612903225,0.25806451612903225,0.0967741935483871,0.0,0.0967741935483871,7,23,11,0.0,0.17841290322580647,0.7548013085314439,0.1823,1467800,0,232900,1542300,0,0,0,392500,2216500,0,0,0,0,0,339200,1004200,0,Gopay,L,23.0,6404443,0.637,C,Kelas C (Menengah),Semarang,Kota Besar,1800000,0.20399143897490063,0.0,0.032367901714984576,0.21434527614865054,0.0,0.0,0.0,0.054548739472440724,0.3080440281290825,0.0,0.0,0.0,0.0,0.0,0.04714122911860355,0.13956138644133753,0.0,1,Emotional Spender,0
BUDU00976,6797800,165800.0,130100.0,610900,41,129278.91939523627,0.21951219512195122,0.1951219512195122,0.21951219512195122,0.2682926829268293,0.0,0.07317073170731707,8,23,12,0.0,0.13922439024390243,0.7797281025044407,0.1463,1823300,0,676500,0,0,0,0,929600,2016400,0,133100,0,273400,0,874100,71400,0,Gopay,P,21.0,5281549,0.719,C,Kelas C (Menengah),Bogor,Metropolitan,1100000,0.2682191297184383,0.0,0.09951749095295537,0.0,0.0,0.0,0.0,0.13675012504045425,0.29662537879902323,0.0,0.019579864073670895,0.0,0.04021889434817147,0.0,0.12858571890905882,0.010503398158227662,0.0,1,Emotional Spender,0
BUDU00977,1761900,55059.375,40600.0,158600,32,39027.12753288079,0.46875,0.0625,0.125,0.28125,0.0,0.0625,7,22,10,0.0,0.037140625,0.7088189347024152,0.1922,0,0,34300,0,0,0,64700,0,297400,0,487900,0,148300,0,512400,216900,0,Ovo,L,46.0,2801946,0.783,D,Kelas D (Menengah Bawah),Cirebon,Kota Kecil,320000,0.0,0.0,0.019467620182757252,0.0,0.0,0.0,0.03672172086951586,0.0,0.1687950507974346,0.0,0.27691696464044496,0.0,0.08417049775810205,0.0,0.2908224076281287,0.12310573812361655,0.0,0,Rational Spender,2
BUDU00978,1500500,78973.68421052632,44800.0,271700,19,73689.29397669397,0.3684210526315789,0.10526315789473684,0.15789473684210525,0.2631578947368421,0.0,0.15789473684210525,6,17,10,0.0,0.08581052631578948,0.9330866948065214,0.1842,0,0,109400,0,0,0,118100,0,759300,0,0,0,32400,0,347600,133700,0,Gopay,L,38.0,2177612,0.891,D,Kelas D (Menengah Bawah),Semarang,Kota Besar,1800000,0.0,0.0,0.07290903032322558,0.0,0.0,0.0,0.07870709763412195,0.0,0.5060313228923692,0.0,0.0,0.0,0.021592802399200268,0.0,0.23165611462845717,0.08910363212262579,0.0,0,Rational Spender,2
BUDU00979,1907500,63583.333333333336,39050.0,302200,30,63268.63952327753,0.2,0.1,0.13333333333333333,0.3,0.0,0.13333333333333333,8,23,11,0.06666666666666667,0.2306966666666667,0.9950506871288733,0.12,0,0,114000,25900,0,0,568700,0,532900,0,100000,0,89900,0,365900,110200,0,Dana,L,28.0,2589273,0.917,D,Kelas D (Menengah Bawah),Jombang,Kota Kecil,190000,0.0,0.0,0.059764089121887284,0.013577981651376147,0.0,0.0,0.2981389252948886,0.0,0.27937090432503275,0.0,0.05242463958060288,0.0,0.047129750982961995,0.0,0.19182175622542594,0.05777195281782438,0.0,0,Rational Spender,2
BUDU00980,9157600,166501.81818181818,154600.0,489900,55,109662.51848100133,0.32727272727272727,0.18181818181818182,0.10909090909090909,0.12727272727272726,0.0,0.09090909090909091,8,31,12,0.0,0.3503872727272727,0.658626552421494,0.1827,3050400,0,421100,505300,0,0,0,434300,2823400,0,0,0,147300,0,1590800,185000,0,Gopay,L,42.0,5665080,0.66,C,Kelas C (Menengah),Pekalongan,Kota Kecil,310000,0.3331003756442736,0.0,0.045983663842054684,0.05517821263213069,0.0,0.0,0.0,0.04742508954311173,0.3083122215427623,0.0,0.0,0.0,0.016085000436795668,0.0,0.17371363676072332,0.020201799598147985,0.0,1,Emotional Spender,0
BUDU00981,7825200,177845.45454545456,135650.0,713400,44,138021.10127608388,0.22727272727272727,0.20454545454545456,0.22727272727272727,0.18181818181818182,0.0,0.06818181818181818,8,29,12,0.022727272727272728,0.2909568181818182,0.7760732576991886,0.1511,1297500,0,89300,2197100,0,0,0,508100,3034200,0,0,0,272300,0,127600,299100,0,Transfer Bank,P,40.0,3167890,0.779,C,Kelas C (Menengah),Bandung,Kota Besar,2500000,0.1658104585186321,0.0,0.01141184889843071,0.28077237642488373,0.0,0.0,0.0,0.06493124776363543,0.3877472780248428,0.0,0.0,0.0,0.034797832643255124,0.0,0.01630629249092675,0.03822266523539335,0.0,1,Emotional Spender,0
BUDU00982,10880500,175491.93548387097,145650.0,735000,62,142477.13339499358,0.25806451612903225,0.22580645161290322,0.11290322580645161,0.1774193548387097,0.016129032258064516,0.08064516129032258,9,39,11,0.0,0.25421935483870967,0.8118728248232712,0.1734,1115500,0,2439800,1575800,0,0,0,399000,3183400,0,385400,0,113000,0,1347300,321300,0,Kartu Debit,P,42.0,4920946,0.729,C,Kelas C (Menengah),Surabaya,Kota Besar,3100000,0.10252286200082716,0.0,0.2242360185653233,0.14482790312945176,0.0,0.0,0.0,0.036671108864482334,0.2925784660631405,0.0,0.035421166306695465,0.0,0.010385552134552641,0.0,0.12382703000781214,0.02952989292771472,0.0,1,Emotional Spender,0
BUDU00983,1174700,58735.0,42000.0,312500,20,72315.75700029916,0.4,0.15,0.1,0.2,0.0,0.2,7,15,11,0.0,0.174705,1.2312208563939586,0.215,0,0,0,6900,0,0,362400,0,280600,0,79300,0,36200,0,282300,127000,0,Ovo,P,21.0,1662185,0.76,D,Kelas D (Menengah Bawah),Kediri,Kota Kecil,320000,0.0,0.0,0.0,0.005873840129394739,0.0,0.0,0.3085042989699498,0.0,0.23886949859538606,0.0,0.06750659742913084,0.0,0.03081637864986805,0.0,0.2403166765982804,0.10811270962799012,0.0,0,Rational Spender,2
BUDU00984,198700,19870.0,18900.0,36600,10,7864.130947253839,0.2,0.1,0.2,0.1,0.0,0.0,5,10,8,0.0,0.17121,0.39577911158801404,0.1,0,0,0,0,0,0,17400,0,62100,0,18900,0,29200,0,71100,0,0,Gopay,L,35.0,1484788,0.946,E,Kelas E (Miskin),Semarang,Kota Besar,1800000,0.0,0.0,0.0,0.0,0.0,0.0,0.08756919979869149,0.0,0.3125314544539507,0.0,0.09511826874685456,0.0,0.14695520885757424,0.0,0.35782586814292905,0.0,0.0,0,Rational Spender,2
BUDU00985,68670600,746419.5652173914,519150.0,3089000,92,723478.2978950256,0.25,0.15217391304347827,0.18478260869565216,0.2826086956521739,0.2717391304347826,0.11956521739130435,10,44,12,0.0,0.2924,0.9692649169563444,0.2054,12733200,10951900,6232600,4384900,0,3351600,0,0,13653400,4136000,0,0,0,8130000,0,918900,4178100,Gopay,L,29.0,16414663,0.554,B,Kelas B (Menengah Atas),Tangerang,Metropolitan,2100000,0.18542433006264689,0.15948455379740384,0.09076082049669,0.06385410932771812,0.0,0.048806913002070754,0.0,0.0,0.19882453335197303,0.060229559665999716,0.0,0.0,0.0,0.11839127661619384,0.0,0.013381272334885671,0.060842631344418134,1,Emotional Spender,0
BUDU00986,1627200,56110.34482758621,37000.0,237500,29,46243.8516749415,0.3103448275862069,0.13793103448275862,0.27586206896551724,0.13793103448275862,0.0,0.10344827586206896,8,20,12,0.0,0.24767586206896552,0.8241591067928364,0.1655,0,0,35000,63400,0,0,352800,0,338000,0,63500,0,241200,0,256700,276600,0,Gopay,P,31.0,2332040,0.793,D,Kelas D (Menengah Bawah),Desa Sukamaju,Desa,5000,0.0,0.0,0.021509341199606687,0.038962635201573254,0.0,0.0,0.2168141592920354,0.0,0.20771878072763028,0.0,0.03902409046214356,0.0,0.14823008849557523,0.0,0.15775565388397247,0.16998525073746312,0.0,0,Rational Spender,2
BUDU00987,7273300,123276.27118644067,102100.0,377100,59,82455.53313439261,0.2033898305084746,0.13559322033898305,0.22033898305084745,0.13559322033898305,0.0,0.06779661016949153,9,35,12,0.0,0.26424745762711865,0.6688678392104223,0.122,1413300,0,642400,163600,0,0,0,359000,2873500,0,429400,0,209600,0,608000,574500,0,Kartu Debit,P,29.0,3930920,0.678,C,Kelas C (Menengah),Makassar,Kota Besar,1500000,0.1943134478159845,0.0,0.08832304456024088,0.022493228658243162,0.0,0.0,0.0,0.049358613009225526,0.39507513783289566,0.0,0.05903785076925192,0.0,0.028817730603714956,0.0,0.0835934170184098,0.0789875297320336,0.0,1,Emotional Spender,0
BUDU00988,6889700,143535.41666666666,125000.0,449100,48,100227.2810561466,0.3125,0.25,0.20833333333333334,0.16666666666666666,0.0,0.08333333333333333,9,31,12,0.0,0.10044166666666667,0.6982756129722684,0.1969,1615800,0,179700,455600,0,0,0,190900,1720300,0,99100,0,538300,0,1019400,1070600,0,Gopay,L,44.0,6122082,0.7,C,Kelas C (Menengah),Pekalongan,Kota Kecil,310000,0.23452399959359624,0.0,0.02608241287719349,0.0661276978678317,0.0,0.0,0.0,0.027708027925744227,0.24969156857337765,0.0,0.014383790295658738,0.0,0.0781311232709697,0.0,0.14795999825826958,0.15539138133735866,0.0,1,Emotional Spender,0
BUDU00989,40930100,649684.126984127,424200.0,3300000,63,620813.9714627389,0.30158730158730157,0.1746031746031746,0.12698412698412698,0.23809523809523808,0.2857142857142857,0.07936507936507936,10,43,12,0.015873015873015872,0.2660492063492063,0.9555627814775081,0.227,6802600,4796100,3016200,5128100,0,2419300,0,0,5396700,2051700,0,0,0,7767200,0,1561100,1991100,Kartu Kredit,L,47.0,13772888,0.641,B,Kelas B (Menengah Atas),Tangerang,Metropolitan,2100000,0.16620042462637521,0.11717782267817572,0.07369148865993487,0.12528921258438167,0.0,0.05910808915687966,0.0,0.0,0.13185162020126998,0.050126923706514274,0.0,0.0,0.0,0.1897674327695266,0.0,0.03814063488728344,0.048646350729658616,1,Emotional Spender,0
BUDU00990,11401700,178151.5625,130550.0,538600,64,129307.57351736366,0.28125,0.25,0.1875,0.265625,0.0,0.09375,9,40,12,0.015625,0.2878671875,0.7258290171738666,0.1875,1729600,0,1022000,768200,0,0,0,1389900,4430100,0,253600,0,428400,0,636000,743900,0,Gopay,L,28.0,3401469,0.771,C,Kelas C (Menengah),Palembang,Kota Besar,1700000,0.15169667681135268,0.0,0.08963575607146303,0.06737591762631888,0.0,0.0,0.0,0.12190287413280476,0.38854732189059527,0.0,0.022242297201294545,0.0,0.03757334432584614,0.0,0.05578115544173237,0.06524465649859232,0.0,1,Emotional Spender,0
BUDU00991,406100,19338.095238095237,16900.0,65200,21,15833.397493604341,0.14285714285714285,0.14285714285714285,0.14285714285714285,0.2857142857142857,0.0,0.09523809523809523,6,16,11,0.0,0.30329047619047617,0.8187671690856715,0.1071,0,0,0,0,0,0,65200,0,99100,0,66100,0,11900,0,140900,22900,0,Tunai,L,30.0,1365654,0.867,E,Kelas E (Miskin),Desa Sukamaju,Desa,5000,0.0,0.0,0.0,0.0,0.0,0.0,0.16055158827874907,0.0,0.24402856439300666,0.0,0.16276779118443732,0.0,0.029303127308544695,0.0,0.34695887712386114,0.056390051711401136,0.0,0,Rational Spender,2
BUDU00992,8910100,151018.64406779662,125100.0,475000,59,105960.4862503264,0.3559322033898305,0.15254237288135594,0.06779661016949153,0.2542372881355932,0.0,0.03389830508474576,9,35,12,0.0,0.24959830508474576,0.7016384427525233,0.1754,1995100,0,644000,473000,0,0,0,987800,2823000,0,162100,0,437500,0,1111800,275800,0,Ovo,L,39.0,6107441,0.676,C,Kelas C (Menengah),Yogyakarta,Kota Besar,420000,0.22391443418143456,0.0,0.07227752774940797,0.05308582395259313,0.0,0.0,0.0,0.110862953277741,0.31683146092636444,0.0,0.01819283734189291,0.0,0.04910158135149998,0.0,0.12477974433508042,0.03095363688398559,0.0,1,Emotional Spender,0
BUDU00993,1907900,79495.83333333333,63000.0,312500,24,74110.29077851039,0.25,0.25,0.20833333333333334,0.20833333333333334,0.0,0.041666666666666664,6,18,10,0.041666666666666664,0.34755416666666666,0.9322537757137426,0.1687,0,0,454500,0,0,0,0,0,377000,0,400700,0,117500,0,364300,193900,0,Gopay,L,45.0,2839854,0.911,D,Kelas D (Menengah Bawah),Bandung,Kota Besar,2500000,0.0,0.0,0.2382200324964621,0.0,0.0,0.0,0.0,0.0,0.19759945489805544,0.0,0.21002148959589076,0.0,0.06158603700403585,0.0,0.19094292153676817,0.10163006446878767,0.0,0,Rational Spender,2
BUDU00994,8901700,161849.0909090909,131300.0,624200,55,115289.53708064475,0.23636363636363636,0.16363636363636364,0.07272727272727272,0.2545454545454545,0.0,0.09090909090909091,8,35,12,0.05454545454545454,0.11252545454545455,0.712327368866111,0.1455,1129000,0,1337600,1106400,0,0,0,1009600,2753800,0,336600,0,0,0,906100,322600,0,Gopay,L,31.0,4967245,0.814,C,Kelas C (Menengah),Jombang,Kota Kecil,190000,0.1268297066852399,0.0,0.15026343282743745,0.12429086578968063,0.0,0.0,0.0,0.11341653841401081,0.30935663974297045,0.0,0.03781300201085186,0.0,0.0,0.0,0.10178954581709111,0.036240268712717794,0.0,1,Emotional Spender,0
BUDU00995,42441700,615097.1014492754,493500.0,2850000,69,539830.8280680638,0.2608695652173913,0.14492753623188406,0.08695652173913043,0.18840579710144928,0.2608695652173913,0.07246376811594203,10,48,12,0.014492753623188406,0.3202188405797101,0.877635135649524,0.1978,5022100,6062500,4120600,2212500,0,1992700,0,0,7809300,1172200,0,0,0,11274700,0,1866900,908200,Kartu Kredit,P,26.0,18244921,0.684,B,Kelas B (Menengah Atas),Bogor,Metropolitan,1100000,0.11832937888915854,0.14284300581739184,0.09708847666328163,0.05213033408181105,0.0,0.04695146518636153,0.0,0.0,0.18400064087913537,0.027619063326869565,0.0,0.0,0.0,0.26565147013432544,0.0,0.043987399185235275,0.021398765836429738,1,Emotional Spender,0
BUDU00996,6210100,188184.84848484848,135300.0,547400,33,145877.16391113988,0.3939393939393939,0.3333333333333333,0.15151515151515152,0.18181818181818182,0.0,0.09090909090909091,8,23,12,0.0,0.3581242424242424,0.7751801756924391,0.2515,1109300,0,973300,893900,0,0,0,190500,1661700,0,0,0,140000,0,1224100,17300,0,Ovo,L,35.0,5145193,0.772,C,Kelas C (Menengah),Purwokerto,Kota Kecil,290000,0.17862836347240785,0.0,0.15672855509573114,0.14394293167581843,0.0,0.0,0.0,0.030675834527624353,0.26758023220238,0.0,0.0,0.0,0.02254392038775543,0.0,0.1971143781903673,0.0027857844479154924,0.0,1,Emotional Spender,0
BUDU00997,2010500,50262.5,35500.0,237500,40,44025.69580399203,0.275,0.15,0.25,0.15,0.0,0.1,7,26,11,0.0,0.137035,0.8759153604375435,0.1562,0,0,166600,0,0,0,19500,0,931600,0,94800,0,172700,0,337900,287400,0,Tunai,P,30.0,1944931,0.904,D,Kelas D (Menengah Bawah),Yogyakarta,Kota Besar,420000,0.0,0.0,0.08286495896543149,0.0,0.0,0.0,0.009699079830887839,0.0,0.46336732156180055,0.0,0.04715244963939318,0.0,0.08589903009201691,0.0,0.16806764486446157,0.14294951504600845,0.0,0,Rational Spender,2
BUDU00998,6195800,177022.85714285713,149400.0,437400,35,127927.1899666881,0.2857142857142857,0.14285714285714285,0.2571428571428571,0.17142857142857143,0.0,0.11428571428571428,7,27,9,0.02857142857142857,0.06763428571428572,0.7226591640843933,0.16,122600,0,842000,990200,0,0,0,397900,2445000,0,0,0,0,0,1232700,165400,0,Kartu Debit,L,21.0,6291000,0.659,C,Kelas C (Menengah),Depok,Metropolitan,2200000,0.019787598050292135,0.0,0.13589851189515478,0.15981794118596468,0.0,0.0,0.0,0.06422092385164144,0.3946221634010136,0.0,0.0,0.0,0.0,0.0,0.1989573582104006,0.02669550340553278,0.0,1,Emotional Spender,0
BUDU00999,2127100,53177.5,39050.0,184300,40,44132.362028392825,0.275,0.2,0.175,0.2,0.0,0.1,7,24,12,0.0,0.2835125,0.8299066715884129,0.1713,0,0,127000,0,0,0,184300,0,1065000,0,81700,0,119100,0,429200,120800,0,Gopay,P,19.0,1501533,0.888,D,Kelas D (Menengah Bawah),Purwokerto,Kota Kecil,290000,0.0,0.0,0.05970570259978374,0.0,0.0,0.0,0.08664378731606412,0.0,0.5006816792816511,0.0,0.03840910159371915,0.0,0.05599172582389168,0.0,0.20177706736871798,0.05679093601617225,0.0,0,Rational Spender,2
BUDU01000,1286600,45950.0,33350.0,151200,28,38024.33431369969,0.14285714285714285,0.35714285714285715,0.14285714285714285,0.17857142857142858,0.0,0.10714285714285714,7,22,11,0.0,0.09067857142857143,0.8275154366419954,0.1732,0,0,252300,30100,0,0,0,0,357400,0,45800,0,133500,0,263300,204200,0,Gopay,L,23.0,2136946,0.777,D,Kelas D (Menengah Bawah),Tegal,Kota Kecil,285000,0.0,0.0,0.1960982434323022,0.023394994559303592,0.0,0.0,0.0,0.0,0.277786413803824,0.0,0.03559769936266128,0.0,0.10376185294574848,0.0,0.2046479092180942,0.1587128866780662,0.0,0,Rational Spender,2
